ISO-10303-21;
HEADER;
FILE_DESCRIPTION(('Open CASCADE Model'),'2;1');
FILE_NAME('Open CASCADE Shape Model','2026-08-17T17:04:16',('Author'),(
    'Open CASCADE'),'Open CASCADE STEP processor 7.9','Open CASCADE 7.9'
  ,'Unknown');
FILE_SCHEMA(('AUTOMOTIVE_DESIGN { 1 0 10303 214 1 1 1 1 }'));
ENDSEC;
DATA;
#1 = APPLICATION_PROTOCOL_DEFINITION('international standard',
  'automotive_design',2000,#2);
#2 = APPLICATION_CONTEXT(
  'core data for automotive mechanical design processes');
#3 = SHAPE_DEFINITION_REPRESENTATION(#4,#10);
#4 = PRODUCT_DEFINITION_SHAPE('','',#5);
#5 = PRODUCT_DEFINITION('design','',#6,#9);
#6 = PRODUCT_DEFINITION_FORMATION('','',#7);
#7 = PRODUCT('Open CASCADE STEP translator 7.9 1',
  'Open CASCADE STEP translator 7.9 1','',(#8));
#8 = PRODUCT_CONTEXT('',#2,'mechanical');
#9 = PRODUCT_DEFINITION_CONTEXT('part definition',#2,'design');
#10 = ADVANCED_BREP_SHAPE_REPRESENTATION('',(#11,#15),#17309);
#11 = AXIS2_PLACEMENT_3D('',#12,#13,#14);
#12 = CARTESIAN_POINT('',(0.,0.,0.));
#13 = DIRECTION('',(0.,0.,1.));
#14 = DIRECTION('',(1.,0.,-0.));
#15 = MANIFOLD_SOLID_BREP('',#16);
#16 = CLOSED_SHELL('',(#17,#483,#556,#608,#660,#713,#766,#818,#870,#903,
    #977,#1031,#1085,#1138,#1191,#1245,#1299,#1331,#1408,#1455,#1502,
    #1552,#1602,#1649,#1696,#1724,#1798,#2100,#2374,#2888,#3172,#3227,
    #3282,#3314,#6419,#6538,#6629,#6676,#6767,#6887,#6919,#6994,#7076,
    #7123,#7183,#7253,#7301,#7373,#7420,#7467,#7517,#7571,#7618,#7665,
    #7697,#7769,#7816,#7870,#7917,#7971,#8018,#8068,#8093,#8141,#8217,
    #8264,#8314,#8361,#8411,#8458,#8512,#8537,#8586,#8635,#8662,#8709,
    #8796,#8874,#8943,#9002,#9052,#9102,#9129,#9205,#9254,#9303,#9352,
    #9401,#9450,#9499,#9548,#9597,#9646,#9673,#9749,#9798,#9847,#9896,
    #9945,#9994,#10043,#10092,#10141,#10190,#10239,#10288,#10337,#10386,
    #10435,#10484,#10533,#10582,#10631,#10680,#10729,#10756,#10832,
    #10881,#10930,#10979,#11028,#11077,#11126,#11175,#11202,#11278,
    #11327,#11376,#11425,#11474,#11523,#11572,#11621,#11670,#11719,
    #11768,#11817,#11866,#11915,#11964,#11991,#12067,#12116,#12165,
    #12214,#12263,#12312,#12361,#12388,#12464,#12513,#12562,#12611,
    #12660,#12709,#12758,#12807,#12856,#12905,#12954,#13003,#13030,
    #13106,#13155,#13204,#13253,#13302,#13351,#13400,#13427,#13503,
    #13552,#13601,#13650,#13699,#13748,#13797,#13846,#13895,#13944,
    #13993,#14020,#14047,#14074,#14315,#14560,#14574,#14599,#14817,
    #15042,#15295,#15311,#15408,#15423,#15493,#15541,#15589,#15638,
    #15687,#15735,#15783,#15811,#15858,#15885,#15912,#15939,#15966,
    #15993,#16020,#16027,#16103,#16152,#16201,#16250,#16299,#16348,
    #16375,#16451,#16500,#16549,#16598,#16647,#16696,#16723,#16799,
    #16848,#16897,#16946,#16995,#17044,#17093,#17120,#17196,#17245,
    #17272,#17282,#17292,#17303));
#17 = ADVANCED_FACE('',(#18,#253),#33,.F.);
#18 = FACE_BOUND('',#19,.F.);
#19 = EDGE_LOOP('',(#20,#56,#84,#113,#141,#170,#198,#227));
#20 = ORIENTED_EDGE('',*,*,#21,.F.);
#21 = EDGE_CURVE('',#22,#24,#26,.T.);
#22 = VERTEX_POINT('',#23);
#23 = CARTESIAN_POINT('',(-5.465,35.53,0.));
#24 = VERTEX_POINT('',#25);
#25 = CARTESIAN_POINT('',(6.035,47.03,0.));
#26 = SURFACE_CURVE('',#27,(#32,#44),.PCURVE_S1.);
#27 = CIRCLE('',#28,11.5);
#28 = AXIS2_PLACEMENT_3D('',#29,#30,#31);
#29 = CARTESIAN_POINT('',(-5.465,47.03,0.));
#30 = DIRECTION('',(0.,0.,1.));
#31 = DIRECTION('',(0.,-1.,0.));
#32 = PCURVE('',#33,#38);
#33 = PLANE('',#34);
#34 = AXIS2_PLACEMENT_3D('',#35,#36,#37);
#35 = CARTESIAN_POINT('',(-1.859222989028E-15,0.,0.));
#36 = DIRECTION('',(0.,0.,1.));
#37 = DIRECTION('',(1.,0.,-0.));
#38 = DEFINITIONAL_REPRESENTATION('',(#39),#43);
#39 = CIRCLE('',#40,11.5);
#40 = AXIS2_PLACEMENT_2D('',#41,#42);
#41 = CARTESIAN_POINT('',(-5.465,47.03));
#42 = DIRECTION('',(0.,-1.));
#43 = ( GEOMETRIC_REPRESENTATION_CONTEXT(2) 
PARAMETRIC_REPRESENTATION_CONTEXT() REPRESENTATION_CONTEXT('2D SPACE',''
  ) );
#44 = PCURVE('',#45,#50);
#45 = CONICAL_SURFACE('',#46,11.,0.785398163397);
#46 = AXIS2_PLACEMENT_3D('',#47,#48,#49);
#47 = CARTESIAN_POINT('',(-5.465,47.03,0.5));
#48 = DIRECTION('',(-0.,-0.,-1.));
#49 = DIRECTION('',(0.,-1.,0.));
#50 = DEFINITIONAL_REPRESENTATION('',(#51),#55);
#51 = LINE('',#52,#53);
#52 = CARTESIAN_POINT('',(0.,0.5));
#53 = VECTOR('',#54,1.);
#54 = DIRECTION('',(-1.,-0.));
#55 = ( GEOMETRIC_REPRESENTATION_CONTEXT(2) 
PARAMETRIC_REPRESENTATION_CONTEXT() REPRESENTATION_CONTEXT('2D SPACE',''
  ) );
#56 = ORIENTED_EDGE('',*,*,#57,.F.);
#57 = EDGE_CURVE('',#58,#22,#60,.T.);
#58 = VERTEX_POINT('',#59);
#59 = CARTESIAN_POINT('',(-25.965,35.53,0.));
#60 = SURFACE_CURVE('',#61,(#65,#72),.PCURVE_S1.);
#61 = LINE('',#62,#63);
#62 = CARTESIAN_POINT('',(-25.965,35.53,0.));
#63 = VECTOR('',#64,1.);
#64 = DIRECTION('',(1.,-0.,-0.));
#65 = PCURVE('',#33,#66);
#66 = DEFINITIONAL_REPRESENTATION('',(#67),#71);
#67 = LINE('',#68,#69);
#68 = CARTESIAN_POINT('',(-25.965,35.53));
#69 = VECTOR('',#70,1.);
#70 = DIRECTION('',(1.,-0.));
#71 = ( GEOMETRIC_REPRESENTATION_CONTEXT(2) 
PARAMETRIC_REPRESENTATION_CONTEXT() REPRESENTATION_CONTEXT('2D SPACE',''
  ) );
#72 = PCURVE('',#73,#78);
#73 = PLANE('',#74);
#74 = AXIS2_PLACEMENT_3D('',#75,#76,#77);
#75 = CARTESIAN_POINT('',(-25.965,35.78,0.25));
#76 = DIRECTION('',(0.,-0.707106781187,0.707106781187));
#77 = DIRECTION('',(1.,0.,-0.));
#78 = DEFINITIONAL_REPRESENTATION('',(#79),#83);
#79 = LINE('',#80,#81);
#80 = CARTESIAN_POINT('',(0.,-0.353553390593));
#81 = VECTOR('',#82,1.);
#82 = DIRECTION('',(1.,0.));
#83 = ( GEOMETRIC_REPRESENTATION_CONTEXT(2) 
PARAMETRIC_REPRESENTATION_CONTEXT() REPRESENTATION_CONTEXT('2D SPACE',''
  ) );
#84 = ORIENTED_EDGE('',*,*,#85,.F.);
#85 = EDGE_CURVE('',#86,#58,#88,.T.);
#86 = VERTEX_POINT('',#87);
#87 = CARTESIAN_POINT('',(-37.465,47.03,-2.053912595557E-15));
#88 = SURFACE_CURVE('',#89,(#94,#101),.PCURVE_S1.);
#89 = CIRCLE('',#90,11.5);
#90 = AXIS2_PLACEMENT_3D('',#91,#92,#93);
#91 = CARTESIAN_POINT('',(-25.965,47.03,0.));
#92 = DIRECTION('',(0.,0.,1.));
#93 = DIRECTION('',(-1.,0.,0.));
#94 = PCURVE('',#33,#95);
#95 = DEFINITIONAL_REPRESENTATION('',(#96),#100);
#96 = CIRCLE('',#97,11.5);
#97 = AXIS2_PLACEMENT_2D('',#98,#99);
#98 = CARTESIAN_POINT('',(-25.965,47.03));
#99 = DIRECTION('',(-1.,0.));
#100 = ( GEOMETRIC_REPRESENTATION_CONTEXT(2) 
PARAMETRIC_REPRESENTATION_CONTEXT() REPRESENTATION_CONTEXT('2D SPACE',''
  ) );
#101 = PCURVE('',#102,#107);
#102 = CONICAL_SURFACE('',#103,11.,0.785398163397);
#103 = AXIS2_PLACEMENT_3D('',#104,#105,#106);
#104 = CARTESIAN_POINT('',(-25.965,47.03,0.5));
#105 = DIRECTION('',(-0.,-0.,-1.));
#106 = DIRECTION('',(-1.,0.,0.));
#107 = DEFINITIONAL_REPRESENTATION('',(#108),#112);
#108 = LINE('',#109,#110);
#109 = CARTESIAN_POINT('',(0.,0.5));
#110 = VECTOR('',#111,1.);
#111 = DIRECTION('',(-1.,-0.));
#112 = ( GEOMETRIC_REPRESENTATION_CONTEXT(2) 
PARAMETRIC_REPRESENTATION_CONTEXT() REPRESENTATION_CONTEXT('2D SPACE',''
  ) );
#113 = ORIENTED_EDGE('',*,*,#114,.F.);
#114 = EDGE_CURVE('',#115,#86,#117,.T.);
#115 = VERTEX_POINT('',#116);
#116 = CARTESIAN_POINT('',(-37.465,67.53,0.));
#117 = SURFACE_CURVE('',#118,(#122,#129),.PCURVE_S1.);
#118 = LINE('',#119,#120);
#119 = CARTESIAN_POINT('',(-37.465,67.53,0.));
#120 = VECTOR('',#121,1.);
#121 = DIRECTION('',(0.,-1.,-0.));
#122 = PCURVE('',#33,#123);
#123 = DEFINITIONAL_REPRESENTATION('',(#124),#128);
#124 = LINE('',#125,#126);
#125 = CARTESIAN_POINT('',(-37.465,67.53));
#126 = VECTOR('',#127,1.);
#127 = DIRECTION('',(0.,-1.));
#128 = ( GEOMETRIC_REPRESENTATION_CONTEXT(2) 
PARAMETRIC_REPRESENTATION_CONTEXT() REPRESENTATION_CONTEXT('2D SPACE',''
  ) );
#129 = PCURVE('',#130,#135);
#130 = PLANE('',#131);
#131 = AXIS2_PLACEMENT_3D('',#132,#133,#134);
#132 = CARTESIAN_POINT('',(-37.215,67.53,0.25));
#133 = DIRECTION('',(-0.707106781187,0.,0.707106781187));
#134 = DIRECTION('',(-0.,-1.,0.));
#135 = DEFINITIONAL_REPRESENTATION('',(#136),#140);
#136 = LINE('',#137,#138);
#137 = CARTESIAN_POINT('',(0.,-0.353553390593));
#138 = VECTOR('',#139,1.);
#139 = DIRECTION('',(1.,0.));
#140 = ( GEOMETRIC_REPRESENTATION_CONTEXT(2) 
PARAMETRIC_REPRESENTATION_CONTEXT() REPRESENTATION_CONTEXT('2D SPACE',''
  ) );
#141 = ORIENTED_EDGE('',*,*,#142,.F.);
#142 = EDGE_CURVE('',#143,#115,#145,.T.);
#143 = VERTEX_POINT('',#144);
#144 = CARTESIAN_POINT('',(-25.965,79.03,-2.053912595557E-15));
#145 = SURFACE_CURVE('',#146,(#151,#158),.PCURVE_S1.);
#146 = CIRCLE('',#147,11.5);
#147 = AXIS2_PLACEMENT_3D('',#148,#149,#150);
#148 = CARTESIAN_POINT('',(-25.965,67.53,0.));
#149 = DIRECTION('',(0.,0.,1.));
#150 = DIRECTION('',(0.,1.,-0.));
#151 = PCURVE('',#33,#152);
#152 = DEFINITIONAL_REPRESENTATION('',(#153),#157);
#153 = CIRCLE('',#154,11.5);
#154 = AXIS2_PLACEMENT_2D('',#155,#156);
#155 = CARTESIAN_POINT('',(-25.965,67.53));
#156 = DIRECTION('',(0.,1.));
#157 = ( GEOMETRIC_REPRESENTATION_CONTEXT(2) 
PARAMETRIC_REPRESENTATION_CONTEXT() REPRESENTATION_CONTEXT('2D SPACE',''
  ) );
#158 = PCURVE('',#159,#164);
#159 = CONICAL_SURFACE('',#160,11.,0.785398163397);
#160 = AXIS2_PLACEMENT_3D('',#161,#162,#163);
#161 = CARTESIAN_POINT('',(-25.965,67.53,0.5));
#162 = DIRECTION('',(-0.,-0.,-1.));
#163 = DIRECTION('',(0.,1.,-0.));
#164 = DEFINITIONAL_REPRESENTATION('',(#165),#169);
#165 = LINE('',#166,#167);
#166 = CARTESIAN_POINT('',(0.,0.5));
#167 = VECTOR('',#168,1.);
#168 = DIRECTION('',(-1.,-0.));
#169 = ( GEOMETRIC_REPRESENTATION_CONTEXT(2) 
PARAMETRIC_REPRESENTATION_CONTEXT() REPRESENTATION_CONTEXT('2D SPACE',''
  ) );
#170 = ORIENTED_EDGE('',*,*,#171,.F.);
#171 = EDGE_CURVE('',#172,#143,#174,.T.);
#172 = VERTEX_POINT('',#173);
#173 = CARTESIAN_POINT('',(-5.465,79.03,0.));
#174 = SURFACE_CURVE('',#175,(#179,#186),.PCURVE_S1.);
#175 = LINE('',#176,#177);
#176 = CARTESIAN_POINT('',(-5.465,79.03,0.));
#177 = VECTOR('',#178,1.);
#178 = DIRECTION('',(-1.,-0.,0.));
#179 = PCURVE('',#33,#180);
#180 = DEFINITIONAL_REPRESENTATION('',(#181),#185);
#181 = LINE('',#182,#183);
#182 = CARTESIAN_POINT('',(-5.465,79.03));
#183 = VECTOR('',#184,1.);
#184 = DIRECTION('',(-1.,0.));
#185 = ( GEOMETRIC_REPRESENTATION_CONTEXT(2) 
PARAMETRIC_REPRESENTATION_CONTEXT() REPRESENTATION_CONTEXT('2D SPACE',''
  ) );
#186 = PCURVE('',#187,#192);
#187 = PLANE('',#188);
#188 = AXIS2_PLACEMENT_3D('',#189,#190,#191);
#189 = CARTESIAN_POINT('',(-5.465,78.78,0.25));
#190 = DIRECTION('',(0.,0.707106781187,0.707106781187));
#191 = DIRECTION('',(-1.,0.,0.));
#192 = DEFINITIONAL_REPRESENTATION('',(#193),#197);
#193 = LINE('',#194,#195);
#194 = CARTESIAN_POINT('',(0.,-0.353553390593));
#195 = VECTOR('',#196,1.);
#196 = DIRECTION('',(1.,0.));
#197 = ( GEOMETRIC_REPRESENTATION_CONTEXT(2) 
PARAMETRIC_REPRESENTATION_CONTEXT() REPRESENTATION_CONTEXT('2D SPACE',''
  ) );
#198 = ORIENTED_EDGE('',*,*,#199,.F.);
#199 = EDGE_CURVE('',#200,#172,#202,.T.);
#200 = VERTEX_POINT('',#201);
#201 = CARTESIAN_POINT('',(6.035,67.53,1.665334536938E-16));
#202 = SURFACE_CURVE('',#203,(#208,#215),.PCURVE_S1.);
#203 = CIRCLE('',#204,11.5);
#204 = AXIS2_PLACEMENT_3D('',#205,#206,#207);
#205 = CARTESIAN_POINT('',(-5.465,67.53,0.));
#206 = DIRECTION('',(0.,0.,1.));
#207 = DIRECTION('',(1.,0.,-0.));
#208 = PCURVE('',#33,#209);
#209 = DEFINITIONAL_REPRESENTATION('',(#210),#214);
#210 = CIRCLE('',#211,11.5);
#211 = AXIS2_PLACEMENT_2D('',#212,#213);
#212 = CARTESIAN_POINT('',(-5.465,67.53));
#213 = DIRECTION('',(1.,0.));
#214 = ( GEOMETRIC_REPRESENTATION_CONTEXT(2) 
PARAMETRIC_REPRESENTATION_CONTEXT() REPRESENTATION_CONTEXT('2D SPACE',''
  ) );
#215 = PCURVE('',#216,#221);
#216 = CONICAL_SURFACE('',#217,11.,0.785398163397);
#217 = AXIS2_PLACEMENT_3D('',#218,#219,#220);
#218 = CARTESIAN_POINT('',(-5.465,67.53,0.5));
#219 = DIRECTION('',(-0.,-0.,-1.));
#220 = DIRECTION('',(1.,0.,0.));
#221 = DEFINITIONAL_REPRESENTATION('',(#222),#226);
#222 = LINE('',#223,#224);
#223 = CARTESIAN_POINT('',(0.,0.5));
#224 = VECTOR('',#225,1.);
#225 = DIRECTION('',(-1.,-0.));
#226 = ( GEOMETRIC_REPRESENTATION_CONTEXT(2) 
PARAMETRIC_REPRESENTATION_CONTEXT() REPRESENTATION_CONTEXT('2D SPACE',''
  ) );
#227 = ORIENTED_EDGE('',*,*,#228,.F.);
#228 = EDGE_CURVE('',#24,#200,#229,.T.);
#229 = SURFACE_CURVE('',#230,(#234,#241),.PCURVE_S1.);
#230 = LINE('',#231,#232);
#231 = CARTESIAN_POINT('',(6.035,47.03,0.));
#232 = VECTOR('',#233,1.);
#233 = DIRECTION('',(-0.,1.,-0.));
#234 = PCURVE('',#33,#235);
#235 = DEFINITIONAL_REPRESENTATION('',(#236),#240);
#236 = LINE('',#237,#238);
#237 = CARTESIAN_POINT('',(6.035,47.03));
#238 = VECTOR('',#239,1.);
#239 = DIRECTION('',(0.,1.));
#240 = ( GEOMETRIC_REPRESENTATION_CONTEXT(2) 
PARAMETRIC_REPRESENTATION_CONTEXT() REPRESENTATION_CONTEXT('2D SPACE',''
  ) );
#241 = PCURVE('',#242,#247);
#242 = PLANE('',#243);
#243 = AXIS2_PLACEMENT_3D('',#244,#245,#246);
#244 = CARTESIAN_POINT('',(5.785,47.03,0.25));
#245 = DIRECTION('',(0.707106781187,0.,0.707106781187));
#246 = DIRECTION('',(-0.,1.,0.));
#247 = DEFINITIONAL_REPRESENTATION('',(#248),#252);
#248 = LINE('',#249,#250);
#249 = CARTESIAN_POINT('',(0.,-0.353553390593));
#250 = VECTOR('',#251,1.);
#251 = DIRECTION('',(1.,0.));
#252 = ( GEOMETRIC_REPRESENTATION_CONTEXT(2) 
PARAMETRIC_REPRESENTATION_CONTEXT() REPRESENTATION_CONTEXT('2D SPACE',''
  ) );
#253 = FACE_BOUND('',#254,.F.);
#254 = EDGE_LOOP('',(#255,#285,#314,#342,#371,#399,#428,#456));
#255 = ORIENTED_EDGE('',*,*,#256,.T.);
#256 = EDGE_CURVE('',#257,#259,#261,.T.);
#257 = VERTEX_POINT('',#258);
#258 = CARTESIAN_POINT('',(-22.865,-80.83,-2.22044604925E-16));
#259 = VERTEX_POINT('',#260);
#260 = CARTESIAN_POINT('',(22.865,-80.83,-2.22044604925E-16));
#261 = SURFACE_CURVE('',#262,(#266,#273),.PCURVE_S1.);
#262 = LINE('',#263,#264);
#263 = CARTESIAN_POINT('',(-22.865,-80.83,-2.22044604925E-16));
#264 = VECTOR('',#265,1.);
#265 = DIRECTION('',(1.,0.,0.));
#266 = PCURVE('',#33,#267);
#267 = DEFINITIONAL_REPRESENTATION('',(#268),#272);
#268 = LINE('',#269,#270);
#269 = CARTESIAN_POINT('',(-22.865,-80.83));
#270 = VECTOR('',#271,1.);
#271 = DIRECTION('',(1.,0.));
#272 = ( GEOMETRIC_REPRESENTATION_CONTEXT(2) 
PARAMETRIC_REPRESENTATION_CONTEXT() REPRESENTATION_CONTEXT('2D SPACE',''
  ) );
#273 = PCURVE('',#274,#279);
#274 = CYLINDRICAL_SURFACE('',#275,1.1);
#275 = AXIS2_PLACEMENT_3D('',#276,#277,#278);
#276 = CARTESIAN_POINT('',(-22.865,-80.83,1.1));
#277 = DIRECTION('',(1.,0.,0.));
#278 = DIRECTION('',(0.,-1.,-0.));
#279 = DEFINITIONAL_REPRESENTATION('',(#280),#284);
#280 = LINE('',#281,#282);
#281 = CARTESIAN_POINT('',(1.570796326795,0.));
#282 = VECTOR('',#283,1.);
#283 = DIRECTION('',(0.,1.));
#284 = ( GEOMETRIC_REPRESENTATION_CONTEXT(2) 
PARAMETRIC_REPRESENTATION_CONTEXT() REPRESENTATION_CONTEXT('2D SPACE',''
  ) );
#285 = ORIENTED_EDGE('',*,*,#286,.T.);
#286 = EDGE_CURVE('',#259,#287,#289,.T.);
#287 = VERTEX_POINT('',#288);
#288 = CARTESIAN_POINT('',(39.265,-64.43,0.));
#289 = SURFACE_CURVE('',#290,(#295,#302),.PCURVE_S1.);
#290 = CIRCLE('',#291,16.4);
#291 = AXIS2_PLACEMENT_3D('',#292,#293,#294);
#292 = CARTESIAN_POINT('',(22.865,-64.43,0.));
#293 = DIRECTION('',(0.,0.,1.));
#294 = DIRECTION('',(0.,-1.,0.));
#295 = PCURVE('',#33,#296);
#296 = DEFINITIONAL_REPRESENTATION('',(#297),#301);
#297 = CIRCLE('',#298,16.4);
#298 = AXIS2_PLACEMENT_2D('',#299,#300);
#299 = CARTESIAN_POINT('',(22.865,-64.43));
#300 = DIRECTION('',(0.,-1.));
#301 = ( GEOMETRIC_REPRESENTATION_CONTEXT(2) 
PARAMETRIC_REPRESENTATION_CONTEXT() REPRESENTATION_CONTEXT('2D SPACE',''
  ) );
#302 = PCURVE('',#303,#308);
#303 = TOROIDAL_SURFACE('',#304,16.4,1.1);
#304 = AXIS2_PLACEMENT_3D('',#305,#306,#307);
#305 = CARTESIAN_POINT('',(22.865,-64.43,1.1));
#306 = DIRECTION('',(-0.,-0.,-1.));
#307 = DIRECTION('',(0.,-1.,0.));
#308 = DEFINITIONAL_REPRESENTATION('',(#309),#313);
#309 = LINE('',#310,#311);
#310 = CARTESIAN_POINT('',(-0.,1.570796326795));
#311 = VECTOR('',#312,1.);
#312 = DIRECTION('',(-1.,0.));
#313 = ( GEOMETRIC_REPRESENTATION_CONTEXT(2) 
PARAMETRIC_REPRESENTATION_CONTEXT() REPRESENTATION_CONTEXT('2D SPACE',''
  ) );
#314 = ORIENTED_EDGE('',*,*,#315,.T.);
#315 = EDGE_CURVE('',#287,#316,#318,.T.);
#316 = VERTEX_POINT('',#317);
#317 = CARTESIAN_POINT('',(39.265,64.43,-2.22044604925E-16));
#318 = SURFACE_CURVE('',#319,(#323,#330),.PCURVE_S1.);
#319 = LINE('',#320,#321);
#320 = CARTESIAN_POINT('',(39.265,-64.43,-2.22044604925E-16));
#321 = VECTOR('',#322,1.);
#322 = DIRECTION('',(0.,1.,0.));
#323 = PCURVE('',#33,#324);
#324 = DEFINITIONAL_REPRESENTATION('',(#325),#329);
#325 = LINE('',#326,#327);
#326 = CARTESIAN_POINT('',(39.265,-64.43));
#327 = VECTOR('',#328,1.);
#328 = DIRECTION('',(0.,1.));
#329 = ( GEOMETRIC_REPRESENTATION_CONTEXT(2) 
PARAMETRIC_REPRESENTATION_CONTEXT() REPRESENTATION_CONTEXT('2D SPACE',''
  ) );
#330 = PCURVE('',#331,#336);
#331 = CYLINDRICAL_SURFACE('',#332,1.1);
#332 = AXIS2_PLACEMENT_3D('',#333,#334,#335);
#333 = CARTESIAN_POINT('',(39.265,-64.43,1.1));
#334 = DIRECTION('',(0.,1.,0.));
#335 = DIRECTION('',(1.,0.,-0.));
#336 = DEFINITIONAL_REPRESENTATION('',(#337),#341);
#337 = LINE('',#338,#339);
#338 = CARTESIAN_POINT('',(1.570796326795,0.));
#339 = VECTOR('',#340,1.);
#340 = DIRECTION('',(0.,1.));
#341 = ( GEOMETRIC_REPRESENTATION_CONTEXT(2) 
PARAMETRIC_REPRESENTATION_CONTEXT() REPRESENTATION_CONTEXT('2D SPACE',''
  ) );
#342 = ORIENTED_EDGE('',*,*,#343,.T.);
#343 = EDGE_CURVE('',#316,#344,#346,.T.);
#344 = VERTEX_POINT('',#345);
#345 = CARTESIAN_POINT('',(22.865,80.83,0.));
#346 = SURFACE_CURVE('',#347,(#352,#359),.PCURVE_S1.);
#347 = CIRCLE('',#348,16.4);
#348 = AXIS2_PLACEMENT_3D('',#349,#350,#351);
#349 = CARTESIAN_POINT('',(22.865,64.43,0.));
#350 = DIRECTION('',(0.,0.,1.));
#351 = DIRECTION('',(1.,0.,-0.));
#352 = PCURVE('',#33,#353);
#353 = DEFINITIONAL_REPRESENTATION('',(#354),#358);
#354 = CIRCLE('',#355,16.4);
#355 = AXIS2_PLACEMENT_2D('',#356,#357);
#356 = CARTESIAN_POINT('',(22.865,64.43));
#357 = DIRECTION('',(1.,0.));
#358 = ( GEOMETRIC_REPRESENTATION_CONTEXT(2) 
PARAMETRIC_REPRESENTATION_CONTEXT() REPRESENTATION_CONTEXT('2D SPACE',''
  ) );
#359 = PCURVE('',#360,#365);
#360 = TOROIDAL_SURFACE('',#361,16.4,1.1);
#361 = AXIS2_PLACEMENT_3D('',#362,#363,#364);
#362 = CARTESIAN_POINT('',(22.865,64.43,1.1));
#363 = DIRECTION('',(-0.,-0.,-1.));
#364 = DIRECTION('',(1.,0.,-0.));
#365 = DEFINITIONAL_REPRESENTATION('',(#366),#370);
#366 = LINE('',#367,#368);
#367 = CARTESIAN_POINT('',(-0.,1.570796326795));
#368 = VECTOR('',#369,1.);
#369 = DIRECTION('',(-1.,0.));
#370 = ( GEOMETRIC_REPRESENTATION_CONTEXT(2) 
PARAMETRIC_REPRESENTATION_CONTEXT() REPRESENTATION_CONTEXT('2D SPACE',''
  ) );
#371 = ORIENTED_EDGE('',*,*,#372,.T.);
#372 = EDGE_CURVE('',#344,#373,#375,.T.);
#373 = VERTEX_POINT('',#374);
#374 = CARTESIAN_POINT('',(-22.865,80.83,-2.22044604925E-16));
#375 = SURFACE_CURVE('',#376,(#380,#387),.PCURVE_S1.);
#376 = LINE('',#377,#378);
#377 = CARTESIAN_POINT('',(22.865,80.83,-2.22044604925E-16));
#378 = VECTOR('',#379,1.);
#379 = DIRECTION('',(-1.,0.,0.));
#380 = PCURVE('',#33,#381);
#381 = DEFINITIONAL_REPRESENTATION('',(#382),#386);
#382 = LINE('',#383,#384);
#383 = CARTESIAN_POINT('',(22.865,80.83));
#384 = VECTOR('',#385,1.);
#385 = DIRECTION('',(-1.,0.));
#386 = ( GEOMETRIC_REPRESENTATION_CONTEXT(2) 
PARAMETRIC_REPRESENTATION_CONTEXT() REPRESENTATION_CONTEXT('2D SPACE',''
  ) );
#387 = PCURVE('',#388,#393);
#388 = CYLINDRICAL_SURFACE('',#389,1.1);
#389 = AXIS2_PLACEMENT_3D('',#390,#391,#392);
#390 = CARTESIAN_POINT('',(22.865,80.83,1.1));
#391 = DIRECTION('',(-1.,0.,0.));
#392 = DIRECTION('',(0.,1.,-0.));
#393 = DEFINITIONAL_REPRESENTATION('',(#394),#398);
#394 = LINE('',#395,#396);
#395 = CARTESIAN_POINT('',(1.570796326795,0.));
#396 = VECTOR('',#397,1.);
#397 = DIRECTION('',(0.,1.));
#398 = ( GEOMETRIC_REPRESENTATION_CONTEXT(2) 
PARAMETRIC_REPRESENTATION_CONTEXT() REPRESENTATION_CONTEXT('2D SPACE',''
  ) );
#399 = ORIENTED_EDGE('',*,*,#400,.T.);
#400 = EDGE_CURVE('',#373,#401,#403,.T.);
#401 = VERTEX_POINT('',#402);
#402 = CARTESIAN_POINT('',(-39.265,64.43,0.));
#403 = SURFACE_CURVE('',#404,(#409,#416),.PCURVE_S1.);
#404 = CIRCLE('',#405,16.4);
#405 = AXIS2_PLACEMENT_3D('',#406,#407,#408);
#406 = CARTESIAN_POINT('',(-22.865,64.43,0.));
#407 = DIRECTION('',(0.,0.,1.));
#408 = DIRECTION('',(0.,1.,-0.));
#409 = PCURVE('',#33,#410);
#410 = DEFINITIONAL_REPRESENTATION('',(#411),#415);
#411 = CIRCLE('',#412,16.4);
#412 = AXIS2_PLACEMENT_2D('',#413,#414);
#413 = CARTESIAN_POINT('',(-22.865,64.43));
#414 = DIRECTION('',(0.,1.));
#415 = ( GEOMETRIC_REPRESENTATION_CONTEXT(2) 
PARAMETRIC_REPRESENTATION_CONTEXT() REPRESENTATION_CONTEXT('2D SPACE',''
  ) );
#416 = PCURVE('',#417,#422);
#417 = TOROIDAL_SURFACE('',#418,16.4,1.1);
#418 = AXIS2_PLACEMENT_3D('',#419,#420,#421);
#419 = CARTESIAN_POINT('',(-22.865,64.43,1.1));
#420 = DIRECTION('',(-0.,-0.,-1.));
#421 = DIRECTION('',(0.,1.,-0.));
#422 = DEFINITIONAL_REPRESENTATION('',(#423),#427);
#423 = LINE('',#424,#425);
#424 = CARTESIAN_POINT('',(-0.,1.570796326795));
#425 = VECTOR('',#426,1.);
#426 = DIRECTION('',(-1.,0.));
#427 = ( GEOMETRIC_REPRESENTATION_CONTEXT(2) 
PARAMETRIC_REPRESENTATION_CONTEXT() REPRESENTATION_CONTEXT('2D SPACE',''
  ) );
#428 = ORIENTED_EDGE('',*,*,#429,.T.);
#429 = EDGE_CURVE('',#401,#430,#432,.T.);
#430 = VERTEX_POINT('',#431);
#431 = CARTESIAN_POINT('',(-39.265,-64.43,-2.22044604925E-16));
#432 = SURFACE_CURVE('',#433,(#437,#444),.PCURVE_S1.);
#433 = LINE('',#434,#435);
#434 = CARTESIAN_POINT('',(-39.265,64.43,-2.22044604925E-16));
#435 = VECTOR('',#436,1.);
#436 = DIRECTION('',(0.,-1.,0.));
#437 = PCURVE('',#33,#438);
#438 = DEFINITIONAL_REPRESENTATION('',(#439),#443);
#439 = LINE('',#440,#441);
#440 = CARTESIAN_POINT('',(-39.265,64.43));
#441 = VECTOR('',#442,1.);
#442 = DIRECTION('',(0.,-1.));
#443 = ( GEOMETRIC_REPRESENTATION_CONTEXT(2) 
PARAMETRIC_REPRESENTATION_CONTEXT() REPRESENTATION_CONTEXT('2D SPACE',''
  ) );
#444 = PCURVE('',#445,#450);
#445 = CYLINDRICAL_SURFACE('',#446,1.1);
#446 = AXIS2_PLACEMENT_3D('',#447,#448,#449);
#447 = CARTESIAN_POINT('',(-39.265,64.43,1.1));
#448 = DIRECTION('',(0.,-1.,0.));
#449 = DIRECTION('',(-1.,-0.,0.));
#450 = DEFINITIONAL_REPRESENTATION('',(#451),#455);
#451 = LINE('',#452,#453);
#452 = CARTESIAN_POINT('',(1.570796326795,0.));
#453 = VECTOR('',#454,1.);
#454 = DIRECTION('',(0.,1.));
#455 = ( GEOMETRIC_REPRESENTATION_CONTEXT(2) 
PARAMETRIC_REPRESENTATION_CONTEXT() REPRESENTATION_CONTEXT('2D SPACE',''
  ) );
#456 = ORIENTED_EDGE('',*,*,#457,.T.);
#457 = EDGE_CURVE('',#430,#257,#458,.T.);
#458 = SURFACE_CURVE('',#459,(#464,#471),.PCURVE_S1.);
#459 = CIRCLE('',#460,16.4);
#460 = AXIS2_PLACEMENT_3D('',#461,#462,#463);
#461 = CARTESIAN_POINT('',(-22.865,-64.43,0.));
#462 = DIRECTION('',(0.,0.,1.));
#463 = DIRECTION('',(-1.,0.,0.));
#464 = PCURVE('',#33,#465);
#465 = DEFINITIONAL_REPRESENTATION('',(#466),#470);
#466 = CIRCLE('',#467,16.4);
#467 = AXIS2_PLACEMENT_2D('',#468,#469);
#468 = CARTESIAN_POINT('',(-22.865,-64.43));
#469 = DIRECTION('',(-1.,0.));
#470 = ( GEOMETRIC_REPRESENTATION_CONTEXT(2) 
PARAMETRIC_REPRESENTATION_CONTEXT() REPRESENTATION_CONTEXT('2D SPACE',''
  ) );
#471 = PCURVE('',#472,#477);
#472 = TOROIDAL_SURFACE('',#473,16.4,1.1);
#473 = AXIS2_PLACEMENT_3D('',#474,#475,#476);
#474 = CARTESIAN_POINT('',(-22.865,-64.43,1.1));
#475 = DIRECTION('',(-0.,-0.,-1.));
#476 = DIRECTION('',(-1.,0.,0.));
#477 = DEFINITIONAL_REPRESENTATION('',(#478),#482);
#478 = LINE('',#479,#480);
#479 = CARTESIAN_POINT('',(-0.,1.570796326795));
#480 = VECTOR('',#481,1.);
#481 = DIRECTION('',(-1.,0.));
#482 = ( GEOMETRIC_REPRESENTATION_CONTEXT(2) 
PARAMETRIC_REPRESENTATION_CONTEXT() REPRESENTATION_CONTEXT('2D SPACE',''
  ) );
#483 = ADVANCED_FACE('',(#484),#45,.F.);
#484 = FACE_BOUND('',#485,.F.);
#485 = EDGE_LOOP('',(#486,#507,#508,#529));
#486 = ORIENTED_EDGE('',*,*,#487,.F.);
#487 = EDGE_CURVE('',#22,#488,#490,.T.);
#488 = VERTEX_POINT('',#489);
#489 = CARTESIAN_POINT('',(-5.465,36.03,0.5));
#490 = SURFACE_CURVE('',#491,(#495,#501),.PCURVE_S1.);
#491 = LINE('',#492,#493);
#492 = CARTESIAN_POINT('',(-5.465,36.03,0.5));
#493 = VECTOR('',#494,1.);
#494 = DIRECTION('',(0.,0.707106781187,0.707106781187));
#495 = PCURVE('',#45,#496);
#496 = DEFINITIONAL_REPRESENTATION('',(#497),#500);
#497 = B_SPLINE_CURVE_WITH_KNOTS('',1,(#498,#499),.UNSPECIFIED.,.F.,.F.,
  (2,2),(-0.707106781187,0.),.PIECEWISE_BEZIER_KNOTS.);
#498 = CARTESIAN_POINT('',(0.,0.5));
#499 = CARTESIAN_POINT('',(0.,0.));
#500 = ( GEOMETRIC_REPRESENTATION_CONTEXT(2) 
PARAMETRIC_REPRESENTATION_CONTEXT() REPRESENTATION_CONTEXT('2D SPACE',''
  ) );
#501 = PCURVE('',#73,#502);
#502 = DEFINITIONAL_REPRESENTATION('',(#503),#506);
#503 = B_SPLINE_CURVE_WITH_KNOTS('',1,(#504,#505),.UNSPECIFIED.,.F.,.F.,
  (2,2),(-0.707106781187,0.),.PIECEWISE_BEZIER_KNOTS.);
#504 = CARTESIAN_POINT('',(20.5,-0.353553390593));
#505 = CARTESIAN_POINT('',(20.5,0.353553390593));
#506 = ( GEOMETRIC_REPRESENTATION_CONTEXT(2) 
PARAMETRIC_REPRESENTATION_CONTEXT() REPRESENTATION_CONTEXT('2D SPACE',''
  ) );
#507 = ORIENTED_EDGE('',*,*,#21,.T.);
#508 = ORIENTED_EDGE('',*,*,#509,.T.);
#509 = EDGE_CURVE('',#24,#510,#512,.T.);
#510 = VERTEX_POINT('',#511);
#511 = CARTESIAN_POINT('',(5.535,47.03,0.5));
#512 = SURFACE_CURVE('',#513,(#517,#523),.PCURVE_S1.);
#513 = LINE('',#514,#515);
#514 = CARTESIAN_POINT('',(5.535,47.03,0.5));
#515 = VECTOR('',#516,1.);
#516 = DIRECTION('',(-0.707106781187,4.329780281177E-17,0.707106781187)
  );
#517 = PCURVE('',#45,#518);
#518 = DEFINITIONAL_REPRESENTATION('',(#519),#522);
#519 = B_SPLINE_CURVE_WITH_KNOTS('',1,(#520,#521),.UNSPECIFIED.,.F.,.F.,
  (2,2),(-0.707106781187,0.),.PIECEWISE_BEZIER_KNOTS.);
#520 = CARTESIAN_POINT('',(-1.570796326795,0.5));
#521 = CARTESIAN_POINT('',(-1.570796326795,0.));
#522 = ( GEOMETRIC_REPRESENTATION_CONTEXT(2) 
PARAMETRIC_REPRESENTATION_CONTEXT() REPRESENTATION_CONTEXT('2D SPACE',''
  ) );
#523 = PCURVE('',#242,#524);
#524 = DEFINITIONAL_REPRESENTATION('',(#525),#528);
#525 = B_SPLINE_CURVE_WITH_KNOTS('',1,(#526,#527),.UNSPECIFIED.,.F.,.F.,
  (2,2),(-0.707106781187,0.),.PIECEWISE_BEZIER_KNOTS.);
#526 = CARTESIAN_POINT('',(0.,-0.353553390593));
#527 = CARTESIAN_POINT('',(0.,0.353553390593));
#528 = ( GEOMETRIC_REPRESENTATION_CONTEXT(2) 
PARAMETRIC_REPRESENTATION_CONTEXT() REPRESENTATION_CONTEXT('2D SPACE',''
  ) );
#529 = ORIENTED_EDGE('',*,*,#530,.F.);
#530 = EDGE_CURVE('',#488,#510,#531,.T.);
#531 = SURFACE_CURVE('',#532,(#537,#544),.PCURVE_S1.);
#532 = CIRCLE('',#533,11.);
#533 = AXIS2_PLACEMENT_3D('',#534,#535,#536);
#534 = CARTESIAN_POINT('',(-5.465,47.03,0.5));
#535 = DIRECTION('',(0.,0.,1.));
#536 = DIRECTION('',(0.,-1.,0.));
#537 = PCURVE('',#45,#538);
#538 = DEFINITIONAL_REPRESENTATION('',(#539),#543);
#539 = LINE('',#540,#541);
#540 = CARTESIAN_POINT('',(-0.,-0.));
#541 = VECTOR('',#542,1.);
#542 = DIRECTION('',(-1.,-0.));
#543 = ( GEOMETRIC_REPRESENTATION_CONTEXT(2) 
PARAMETRIC_REPRESENTATION_CONTEXT() REPRESENTATION_CONTEXT('2D SPACE',''
  ) );
#544 = PCURVE('',#545,#550);
#545 = CYLINDRICAL_SURFACE('',#546,11.);
#546 = AXIS2_PLACEMENT_3D('',#547,#548,#549);
#547 = CARTESIAN_POINT('',(-5.465,47.03,-3.4));
#548 = DIRECTION('',(0.,0.,1.));
#549 = DIRECTION('',(0.,-1.,0.));
#550 = DEFINITIONAL_REPRESENTATION('',(#551),#555);
#551 = LINE('',#552,#553);
#552 = CARTESIAN_POINT('',(0.,3.9));
#553 = VECTOR('',#554,1.);
#554 = DIRECTION('',(1.,0.));
#555 = ( GEOMETRIC_REPRESENTATION_CONTEXT(2) 
PARAMETRIC_REPRESENTATION_CONTEXT() REPRESENTATION_CONTEXT('2D SPACE',''
  ) );
#556 = ADVANCED_FACE('',(#557),#73,.F.);
#557 = FACE_BOUND('',#558,.F.);
#558 = EDGE_LOOP('',(#559,#580,#581,#582));
#559 = ORIENTED_EDGE('',*,*,#560,.F.);
#560 = EDGE_CURVE('',#58,#561,#563,.T.);
#561 = VERTEX_POINT('',#562);
#562 = CARTESIAN_POINT('',(-25.965,36.03,0.5));
#563 = SURFACE_CURVE('',#564,(#568,#574),.PCURVE_S1.);
#564 = LINE('',#565,#566);
#565 = CARTESIAN_POINT('',(-25.965,36.03,0.5));
#566 = VECTOR('',#567,1.);
#567 = DIRECTION('',(4.329780281177E-17,0.707106781187,0.707106781187));
#568 = PCURVE('',#73,#569);
#569 = DEFINITIONAL_REPRESENTATION('',(#570),#573);
#570 = B_SPLINE_CURVE_WITH_KNOTS('',1,(#571,#572),.UNSPECIFIED.,.F.,.F.,
  (2,2),(-0.707106781187,0.),.PIECEWISE_BEZIER_KNOTS.);
#571 = CARTESIAN_POINT('',(0.,-0.353553390593));
#572 = CARTESIAN_POINT('',(0.,0.353553390593));
#573 = ( GEOMETRIC_REPRESENTATION_CONTEXT(2) 
PARAMETRIC_REPRESENTATION_CONTEXT() REPRESENTATION_CONTEXT('2D SPACE',''
  ) );
#574 = PCURVE('',#102,#575);
#575 = DEFINITIONAL_REPRESENTATION('',(#576),#579);
#576 = B_SPLINE_CURVE_WITH_KNOTS('',1,(#577,#578),.UNSPECIFIED.,.F.,.F.,
  (2,2),(-0.707106781187,0.),.PIECEWISE_BEZIER_KNOTS.);
#577 = CARTESIAN_POINT('',(-1.570796326795,0.5));
#578 = CARTESIAN_POINT('',(-1.570796326795,0.));
#579 = ( GEOMETRIC_REPRESENTATION_CONTEXT(2) 
PARAMETRIC_REPRESENTATION_CONTEXT() REPRESENTATION_CONTEXT('2D SPACE',''
  ) );
#580 = ORIENTED_EDGE('',*,*,#57,.T.);
#581 = ORIENTED_EDGE('',*,*,#487,.T.);
#582 = ORIENTED_EDGE('',*,*,#583,.F.);
#583 = EDGE_CURVE('',#561,#488,#584,.T.);
#584 = SURFACE_CURVE('',#585,(#589,#596),.PCURVE_S1.);
#585 = LINE('',#586,#587);
#586 = CARTESIAN_POINT('',(-25.965,36.03,0.5));
#587 = VECTOR('',#588,1.);
#588 = DIRECTION('',(1.,-0.,-0.));
#589 = PCURVE('',#73,#590);
#590 = DEFINITIONAL_REPRESENTATION('',(#591),#595);
#591 = LINE('',#592,#593);
#592 = CARTESIAN_POINT('',(0.,0.353553390593));
#593 = VECTOR('',#594,1.);
#594 = DIRECTION('',(1.,0.));
#595 = ( GEOMETRIC_REPRESENTATION_CONTEXT(2) 
PARAMETRIC_REPRESENTATION_CONTEXT() REPRESENTATION_CONTEXT('2D SPACE',''
  ) );
#596 = PCURVE('',#597,#602);
#597 = PLANE('',#598);
#598 = AXIS2_PLACEMENT_3D('',#599,#600,#601);
#599 = CARTESIAN_POINT('',(-36.965,36.03,-3.4));
#600 = DIRECTION('',(0.,1.,0.));
#601 = DIRECTION('',(1.,0.,0.));
#602 = DEFINITIONAL_REPRESENTATION('',(#603),#607);
#603 = LINE('',#604,#605);
#604 = CARTESIAN_POINT('',(11.,-3.9));
#605 = VECTOR('',#606,1.);
#606 = DIRECTION('',(1.,0.));
#607 = ( GEOMETRIC_REPRESENTATION_CONTEXT(2) 
PARAMETRIC_REPRESENTATION_CONTEXT() REPRESENTATION_CONTEXT('2D SPACE',''
  ) );
#608 = ADVANCED_FACE('',(#609),#242,.F.);
#609 = FACE_BOUND('',#610,.F.);
#610 = EDGE_LOOP('',(#611,#612,#613,#634));
#611 = ORIENTED_EDGE('',*,*,#509,.F.);
#612 = ORIENTED_EDGE('',*,*,#228,.T.);
#613 = ORIENTED_EDGE('',*,*,#614,.T.);
#614 = EDGE_CURVE('',#200,#615,#617,.T.);
#615 = VERTEX_POINT('',#616);
#616 = CARTESIAN_POINT('',(5.535,67.53,0.5));
#617 = SURFACE_CURVE('',#618,(#622,#628),.PCURVE_S1.);
#618 = LINE('',#619,#620);
#619 = CARTESIAN_POINT('',(5.785,67.53,0.25));
#620 = VECTOR('',#621,1.);
#621 = DIRECTION('',(-0.707106781187,-0.,0.707106781187));
#622 = PCURVE('',#242,#623);
#623 = DEFINITIONAL_REPRESENTATION('',(#624),#627);
#624 = B_SPLINE_CURVE_WITH_KNOTS('',1,(#625,#626),.UNSPECIFIED.,.F.,.F.,
  (2,2),(-0.353553390593,0.353553390593),.PIECEWISE_BEZIER_KNOTS.);
#625 = CARTESIAN_POINT('',(20.5,-0.353553390593));
#626 = CARTESIAN_POINT('',(20.5,0.353553390593));
#627 = ( GEOMETRIC_REPRESENTATION_CONTEXT(2) 
PARAMETRIC_REPRESENTATION_CONTEXT() REPRESENTATION_CONTEXT('2D SPACE',''
  ) );
#628 = PCURVE('',#216,#629);
#629 = DEFINITIONAL_REPRESENTATION('',(#630),#633);
#630 = B_SPLINE_CURVE_WITH_KNOTS('',1,(#631,#632),.UNSPECIFIED.,.F.,.F.,
  (2,2),(-0.353553390593,0.353553390593),.PIECEWISE_BEZIER_KNOTS.);
#631 = CARTESIAN_POINT('',(0.,0.5));
#632 = CARTESIAN_POINT('',(0.,7.850462293419E-17));
#633 = ( GEOMETRIC_REPRESENTATION_CONTEXT(2) 
PARAMETRIC_REPRESENTATION_CONTEXT() REPRESENTATION_CONTEXT('2D SPACE',''
  ) );
#634 = ORIENTED_EDGE('',*,*,#635,.F.);
#635 = EDGE_CURVE('',#510,#615,#636,.T.);
#636 = SURFACE_CURVE('',#637,(#641,#648),.PCURVE_S1.);
#637 = LINE('',#638,#639);
#638 = CARTESIAN_POINT('',(5.535,47.03,0.5));
#639 = VECTOR('',#640,1.);
#640 = DIRECTION('',(-0.,1.,-0.));
#641 = PCURVE('',#242,#642);
#642 = DEFINITIONAL_REPRESENTATION('',(#643),#647);
#643 = LINE('',#644,#645);
#644 = CARTESIAN_POINT('',(0.,0.353553390593));
#645 = VECTOR('',#646,1.);
#646 = DIRECTION('',(1.,0.));
#647 = ( GEOMETRIC_REPRESENTATION_CONTEXT(2) 
PARAMETRIC_REPRESENTATION_CONTEXT() REPRESENTATION_CONTEXT('2D SPACE',''
  ) );
#648 = PCURVE('',#649,#654);
#649 = PLANE('',#650);
#650 = AXIS2_PLACEMENT_3D('',#651,#652,#653);
#651 = CARTESIAN_POINT('',(5.535,36.03,-3.4));
#652 = DIRECTION('',(-1.,0.,0.));
#653 = DIRECTION('',(0.,1.,0.));
#654 = DEFINITIONAL_REPRESENTATION('',(#655),#659);
#655 = LINE('',#656,#657);
#656 = CARTESIAN_POINT('',(11.,-3.9));
#657 = VECTOR('',#658,1.);
#658 = DIRECTION('',(1.,0.));
#659 = ( GEOMETRIC_REPRESENTATION_CONTEXT(2) 
PARAMETRIC_REPRESENTATION_CONTEXT() REPRESENTATION_CONTEXT('2D SPACE',''
  ) );
#660 = ADVANCED_FACE('',(#661),#102,.F.);
#661 = FACE_BOUND('',#662,.F.);
#662 = EDGE_LOOP('',(#663,#684,#685,#686));
#663 = ORIENTED_EDGE('',*,*,#664,.F.);
#664 = EDGE_CURVE('',#86,#665,#667,.T.);
#665 = VERTEX_POINT('',#666);
#666 = CARTESIAN_POINT('',(-36.965,47.03,0.5));
#667 = SURFACE_CURVE('',#668,(#672,#678),.PCURVE_S1.);
#668 = LINE('',#669,#670);
#669 = CARTESIAN_POINT('',(-37.215,47.03,0.25));
#670 = VECTOR('',#671,1.);
#671 = DIRECTION('',(0.707106781187,0.,0.707106781187));
#672 = PCURVE('',#102,#673);
#673 = DEFINITIONAL_REPRESENTATION('',(#674),#677);
#674 = B_SPLINE_CURVE_WITH_KNOTS('',1,(#675,#676),.UNSPECIFIED.,.F.,.F.,
  (2,2),(-0.353553390593,0.353553390593),.PIECEWISE_BEZIER_KNOTS.);
#675 = CARTESIAN_POINT('',(0.,0.5));
#676 = CARTESIAN_POINT('',(0.,1.020560098144E-15));
#677 = ( GEOMETRIC_REPRESENTATION_CONTEXT(2) 
PARAMETRIC_REPRESENTATION_CONTEXT() REPRESENTATION_CONTEXT('2D SPACE',''
  ) );
#678 = PCURVE('',#130,#679);
#679 = DEFINITIONAL_REPRESENTATION('',(#680),#683);
#680 = B_SPLINE_CURVE_WITH_KNOTS('',1,(#681,#682),.UNSPECIFIED.,.F.,.F.,
  (2,2),(-0.353553390593,0.353553390593),.PIECEWISE_BEZIER_KNOTS.);
#681 = CARTESIAN_POINT('',(20.5,-0.353553390593));
#682 = CARTESIAN_POINT('',(20.5,0.353553390593));
#683 = ( GEOMETRIC_REPRESENTATION_CONTEXT(2) 
PARAMETRIC_REPRESENTATION_CONTEXT() REPRESENTATION_CONTEXT('2D SPACE',''
  ) );
#684 = ORIENTED_EDGE('',*,*,#85,.T.);
#685 = ORIENTED_EDGE('',*,*,#560,.T.);
#686 = ORIENTED_EDGE('',*,*,#687,.F.);
#687 = EDGE_CURVE('',#665,#561,#688,.T.);
#688 = SURFACE_CURVE('',#689,(#694,#701),.PCURVE_S1.);
#689 = CIRCLE('',#690,11.);
#690 = AXIS2_PLACEMENT_3D('',#691,#692,#693);
#691 = CARTESIAN_POINT('',(-25.965,47.03,0.5));
#692 = DIRECTION('',(0.,0.,1.));
#693 = DIRECTION('',(-1.,0.,0.));
#694 = PCURVE('',#102,#695);
#695 = DEFINITIONAL_REPRESENTATION('',(#696),#700);
#696 = LINE('',#697,#698);
#697 = CARTESIAN_POINT('',(-0.,-0.));
#698 = VECTOR('',#699,1.);
#699 = DIRECTION('',(-1.,-0.));
#700 = ( GEOMETRIC_REPRESENTATION_CONTEXT(2) 
PARAMETRIC_REPRESENTATION_CONTEXT() REPRESENTATION_CONTEXT('2D SPACE',''
  ) );
#701 = PCURVE('',#702,#707);
#702 = CYLINDRICAL_SURFACE('',#703,11.);
#703 = AXIS2_PLACEMENT_3D('',#704,#705,#706);
#704 = CARTESIAN_POINT('',(-25.965,47.03,-3.4));
#705 = DIRECTION('',(0.,0.,1.));
#706 = DIRECTION('',(0.,-1.,0.));
#707 = DEFINITIONAL_REPRESENTATION('',(#708),#712);
#708 = LINE('',#709,#710);
#709 = CARTESIAN_POINT('',(-1.570796326795,3.9));
#710 = VECTOR('',#711,1.);
#711 = DIRECTION('',(1.,-0.));
#712 = ( GEOMETRIC_REPRESENTATION_CONTEXT(2) 
PARAMETRIC_REPRESENTATION_CONTEXT() REPRESENTATION_CONTEXT('2D SPACE',''
  ) );
#713 = ADVANCED_FACE('',(#714),#216,.F.);
#714 = FACE_BOUND('',#715,.F.);
#715 = EDGE_LOOP('',(#716,#717,#718,#739));
#716 = ORIENTED_EDGE('',*,*,#614,.F.);
#717 = ORIENTED_EDGE('',*,*,#199,.T.);
#718 = ORIENTED_EDGE('',*,*,#719,.T.);
#719 = EDGE_CURVE('',#172,#720,#722,.T.);
#720 = VERTEX_POINT('',#721);
#721 = CARTESIAN_POINT('',(-5.465,78.53,0.5));
#722 = SURFACE_CURVE('',#723,(#727,#733),.PCURVE_S1.);
#723 = LINE('',#724,#725);
#724 = CARTESIAN_POINT('',(-5.465,78.53,0.5));
#725 = VECTOR('',#726,1.);
#726 = DIRECTION('',(-4.329780281177E-17,-0.707106781187,0.707106781187)
  );
#727 = PCURVE('',#216,#728);
#728 = DEFINITIONAL_REPRESENTATION('',(#729),#732);
#729 = B_SPLINE_CURVE_WITH_KNOTS('',1,(#730,#731),.UNSPECIFIED.,.F.,.F.,
  (2,2),(-0.707106781187,0.),.PIECEWISE_BEZIER_KNOTS.);
#730 = CARTESIAN_POINT('',(-1.570796326795,0.5));
#731 = CARTESIAN_POINT('',(-1.570796326795,0.));
#732 = ( GEOMETRIC_REPRESENTATION_CONTEXT(2) 
PARAMETRIC_REPRESENTATION_CONTEXT() REPRESENTATION_CONTEXT('2D SPACE',''
  ) );
#733 = PCURVE('',#187,#734);
#734 = DEFINITIONAL_REPRESENTATION('',(#735),#738);
#735 = B_SPLINE_CURVE_WITH_KNOTS('',1,(#736,#737),.UNSPECIFIED.,.F.,.F.,
  (2,2),(-0.707106781187,0.),.PIECEWISE_BEZIER_KNOTS.);
#736 = CARTESIAN_POINT('',(0.,-0.353553390593));
#737 = CARTESIAN_POINT('',(0.,0.353553390593));
#738 = ( GEOMETRIC_REPRESENTATION_CONTEXT(2) 
PARAMETRIC_REPRESENTATION_CONTEXT() REPRESENTATION_CONTEXT('2D SPACE',''
  ) );
#739 = ORIENTED_EDGE('',*,*,#740,.F.);
#740 = EDGE_CURVE('',#615,#720,#741,.T.);
#741 = SURFACE_CURVE('',#742,(#747,#754),.PCURVE_S1.);
#742 = CIRCLE('',#743,11.);
#743 = AXIS2_PLACEMENT_3D('',#744,#745,#746);
#744 = CARTESIAN_POINT('',(-5.465,67.53,0.5));
#745 = DIRECTION('',(0.,0.,1.));
#746 = DIRECTION('',(1.,0.,-0.));
#747 = PCURVE('',#216,#748);
#748 = DEFINITIONAL_REPRESENTATION('',(#749),#753);
#749 = LINE('',#750,#751);
#750 = CARTESIAN_POINT('',(-0.,-0.));
#751 = VECTOR('',#752,1.);
#752 = DIRECTION('',(-1.,-0.));
#753 = ( GEOMETRIC_REPRESENTATION_CONTEXT(2) 
PARAMETRIC_REPRESENTATION_CONTEXT() REPRESENTATION_CONTEXT('2D SPACE',''
  ) );
#754 = PCURVE('',#755,#760);
#755 = CYLINDRICAL_SURFACE('',#756,11.);
#756 = AXIS2_PLACEMENT_3D('',#757,#758,#759);
#757 = CARTESIAN_POINT('',(-5.465,67.53,-3.4));
#758 = DIRECTION('',(0.,0.,1.));
#759 = DIRECTION('',(1.,0.,-0.));
#760 = DEFINITIONAL_REPRESENTATION('',(#761),#765);
#761 = LINE('',#762,#763);
#762 = CARTESIAN_POINT('',(0.,3.9));
#763 = VECTOR('',#764,1.);
#764 = DIRECTION('',(1.,0.));
#765 = ( GEOMETRIC_REPRESENTATION_CONTEXT(2) 
PARAMETRIC_REPRESENTATION_CONTEXT() REPRESENTATION_CONTEXT('2D SPACE',''
  ) );
#766 = ADVANCED_FACE('',(#767),#130,.F.);
#767 = FACE_BOUND('',#768,.F.);
#768 = EDGE_LOOP('',(#769,#790,#791,#792));
#769 = ORIENTED_EDGE('',*,*,#770,.F.);
#770 = EDGE_CURVE('',#115,#771,#773,.T.);
#771 = VERTEX_POINT('',#772);
#772 = CARTESIAN_POINT('',(-36.965,67.53,0.5));
#773 = SURFACE_CURVE('',#774,(#778,#784),.PCURVE_S1.);
#774 = LINE('',#775,#776);
#775 = CARTESIAN_POINT('',(-36.965,67.53,0.5));
#776 = VECTOR('',#777,1.);
#777 = DIRECTION('',(0.707106781187,-4.329780281177E-17,0.707106781187)
  );
#778 = PCURVE('',#130,#779);
#779 = DEFINITIONAL_REPRESENTATION('',(#780),#783);
#780 = B_SPLINE_CURVE_WITH_KNOTS('',1,(#781,#782),.UNSPECIFIED.,.F.,.F.,
  (2,2),(-0.707106781187,0.),.PIECEWISE_BEZIER_KNOTS.);
#781 = CARTESIAN_POINT('',(0.,-0.353553390593));
#782 = CARTESIAN_POINT('',(0.,0.353553390593));
#783 = ( GEOMETRIC_REPRESENTATION_CONTEXT(2) 
PARAMETRIC_REPRESENTATION_CONTEXT() REPRESENTATION_CONTEXT('2D SPACE',''
  ) );
#784 = PCURVE('',#159,#785);
#785 = DEFINITIONAL_REPRESENTATION('',(#786),#789);
#786 = B_SPLINE_CURVE_WITH_KNOTS('',1,(#787,#788),.UNSPECIFIED.,.F.,.F.,
  (2,2),(-0.707106781187,0.),.PIECEWISE_BEZIER_KNOTS.);
#787 = CARTESIAN_POINT('',(-1.570796326795,0.5));
#788 = CARTESIAN_POINT('',(-1.570796326795,0.));
#789 = ( GEOMETRIC_REPRESENTATION_CONTEXT(2) 
PARAMETRIC_REPRESENTATION_CONTEXT() REPRESENTATION_CONTEXT('2D SPACE',''
  ) );
#790 = ORIENTED_EDGE('',*,*,#114,.T.);
#791 = ORIENTED_EDGE('',*,*,#664,.T.);
#792 = ORIENTED_EDGE('',*,*,#793,.F.);
#793 = EDGE_CURVE('',#771,#665,#794,.T.);
#794 = SURFACE_CURVE('',#795,(#799,#806),.PCURVE_S1.);
#795 = LINE('',#796,#797);
#796 = CARTESIAN_POINT('',(-36.965,67.53,0.5));
#797 = VECTOR('',#798,1.);
#798 = DIRECTION('',(0.,-1.,-0.));
#799 = PCURVE('',#130,#800);
#800 = DEFINITIONAL_REPRESENTATION('',(#801),#805);
#801 = LINE('',#802,#803);
#802 = CARTESIAN_POINT('',(0.,0.353553390593));
#803 = VECTOR('',#804,1.);
#804 = DIRECTION('',(1.,0.));
#805 = ( GEOMETRIC_REPRESENTATION_CONTEXT(2) 
PARAMETRIC_REPRESENTATION_CONTEXT() REPRESENTATION_CONTEXT('2D SPACE',''
  ) );
#806 = PCURVE('',#807,#812);
#807 = PLANE('',#808);
#808 = AXIS2_PLACEMENT_3D('',#809,#810,#811);
#809 = CARTESIAN_POINT('',(-36.965,78.53,-3.4));
#810 = DIRECTION('',(1.,0.,-0.));
#811 = DIRECTION('',(0.,-1.,0.));
#812 = DEFINITIONAL_REPRESENTATION('',(#813),#817);
#813 = LINE('',#814,#815);
#814 = CARTESIAN_POINT('',(11.,-3.9));
#815 = VECTOR('',#816,1.);
#816 = DIRECTION('',(1.,0.));
#817 = ( GEOMETRIC_REPRESENTATION_CONTEXT(2) 
PARAMETRIC_REPRESENTATION_CONTEXT() REPRESENTATION_CONTEXT('2D SPACE',''
  ) );
#818 = ADVANCED_FACE('',(#819),#187,.F.);
#819 = FACE_BOUND('',#820,.F.);
#820 = EDGE_LOOP('',(#821,#822,#823,#844));
#821 = ORIENTED_EDGE('',*,*,#719,.F.);
#822 = ORIENTED_EDGE('',*,*,#171,.T.);
#823 = ORIENTED_EDGE('',*,*,#824,.T.);
#824 = EDGE_CURVE('',#143,#825,#827,.T.);
#825 = VERTEX_POINT('',#826);
#826 = CARTESIAN_POINT('',(-25.965,78.53,0.5));
#827 = SURFACE_CURVE('',#828,(#832,#838),.PCURVE_S1.);
#828 = LINE('',#829,#830);
#829 = CARTESIAN_POINT('',(-25.965,78.78,0.25));
#830 = VECTOR('',#831,1.);
#831 = DIRECTION('',(0.,-0.707106781187,0.707106781187));
#832 = PCURVE('',#187,#833);
#833 = DEFINITIONAL_REPRESENTATION('',(#834),#837);
#834 = B_SPLINE_CURVE_WITH_KNOTS('',1,(#835,#836),.UNSPECIFIED.,.F.,.F.,
  (2,2),(-0.353553390593,0.353553390593),.PIECEWISE_BEZIER_KNOTS.);
#835 = CARTESIAN_POINT('',(20.5,-0.353553390593));
#836 = CARTESIAN_POINT('',(20.5,0.353553390593));
#837 = ( GEOMETRIC_REPRESENTATION_CONTEXT(2) 
PARAMETRIC_REPRESENTATION_CONTEXT() REPRESENTATION_CONTEXT('2D SPACE',''
  ) );
#838 = PCURVE('',#159,#839);
#839 = DEFINITIONAL_REPRESENTATION('',(#840),#843);
#840 = B_SPLINE_CURVE_WITH_KNOTS('',1,(#841,#842),.UNSPECIFIED.,.F.,.F.,
  (2,2),(-0.353553390593,0.353553390593),.PIECEWISE_BEZIER_KNOTS.);
#841 = CARTESIAN_POINT('',(0.,0.5));
#842 = CARTESIAN_POINT('',(0.,-4.003735769644E-15));
#843 = ( GEOMETRIC_REPRESENTATION_CONTEXT(2) 
PARAMETRIC_REPRESENTATION_CONTEXT() REPRESENTATION_CONTEXT('2D SPACE',''
  ) );
#844 = ORIENTED_EDGE('',*,*,#845,.F.);
#845 = EDGE_CURVE('',#720,#825,#846,.T.);
#846 = SURFACE_CURVE('',#847,(#851,#858),.PCURVE_S1.);
#847 = LINE('',#848,#849);
#848 = CARTESIAN_POINT('',(-5.465,78.53,0.5));
#849 = VECTOR('',#850,1.);
#850 = DIRECTION('',(-1.,-0.,0.));
#851 = PCURVE('',#187,#852);
#852 = DEFINITIONAL_REPRESENTATION('',(#853),#857);
#853 = LINE('',#854,#855);
#854 = CARTESIAN_POINT('',(0.,0.353553390593));
#855 = VECTOR('',#856,1.);
#856 = DIRECTION('',(1.,0.));
#857 = ( GEOMETRIC_REPRESENTATION_CONTEXT(2) 
PARAMETRIC_REPRESENTATION_CONTEXT() REPRESENTATION_CONTEXT('2D SPACE',''
  ) );
#858 = PCURVE('',#859,#864);
#859 = PLANE('',#860);
#860 = AXIS2_PLACEMENT_3D('',#861,#862,#863);
#861 = CARTESIAN_POINT('',(5.535,78.53,-3.4));
#862 = DIRECTION('',(0.,-1.,0.));
#863 = DIRECTION('',(-1.,0.,0.));
#864 = DEFINITIONAL_REPRESENTATION('',(#865),#869);
#865 = LINE('',#866,#867);
#866 = CARTESIAN_POINT('',(11.,-3.9));
#867 = VECTOR('',#868,1.);
#868 = DIRECTION('',(1.,0.));
#869 = ( GEOMETRIC_REPRESENTATION_CONTEXT(2) 
PARAMETRIC_REPRESENTATION_CONTEXT() REPRESENTATION_CONTEXT('2D SPACE',''
  ) );
#870 = ADVANCED_FACE('',(#871),#159,.F.);
#871 = FACE_BOUND('',#872,.F.);
#872 = EDGE_LOOP('',(#873,#874,#875,#876));
#873 = ORIENTED_EDGE('',*,*,#824,.F.);
#874 = ORIENTED_EDGE('',*,*,#142,.T.);
#875 = ORIENTED_EDGE('',*,*,#770,.T.);
#876 = ORIENTED_EDGE('',*,*,#877,.F.);
#877 = EDGE_CURVE('',#825,#771,#878,.T.);
#878 = SURFACE_CURVE('',#879,(#884,#891),.PCURVE_S1.);
#879 = CIRCLE('',#880,11.);
#880 = AXIS2_PLACEMENT_3D('',#881,#882,#883);
#881 = CARTESIAN_POINT('',(-25.965,67.53,0.5));
#882 = DIRECTION('',(0.,0.,1.));
#883 = DIRECTION('',(0.,1.,-0.));
#884 = PCURVE('',#159,#885);
#885 = DEFINITIONAL_REPRESENTATION('',(#886),#890);
#886 = LINE('',#887,#888);
#887 = CARTESIAN_POINT('',(-0.,-0.));
#888 = VECTOR('',#889,1.);
#889 = DIRECTION('',(-1.,-0.));
#890 = ( GEOMETRIC_REPRESENTATION_CONTEXT(2) 
PARAMETRIC_REPRESENTATION_CONTEXT() REPRESENTATION_CONTEXT('2D SPACE',''
  ) );
#891 = PCURVE('',#892,#897);
#892 = CYLINDRICAL_SURFACE('',#893,11.);
#893 = AXIS2_PLACEMENT_3D('',#894,#895,#896);
#894 = CARTESIAN_POINT('',(-25.965,67.53,-3.4));
#895 = DIRECTION('',(0.,0.,1.));
#896 = DIRECTION('',(-0.,1.,0.));
#897 = DEFINITIONAL_REPRESENTATION('',(#898),#902);
#898 = LINE('',#899,#900);
#899 = CARTESIAN_POINT('',(0.,3.9));
#900 = VECTOR('',#901,1.);
#901 = DIRECTION('',(1.,0.));
#902 = ( GEOMETRIC_REPRESENTATION_CONTEXT(2) 
PARAMETRIC_REPRESENTATION_CONTEXT() REPRESENTATION_CONTEXT('2D SPACE',''
  ) );
#903 = ADVANCED_FACE('',(#904),#274,.T.);
#904 = FACE_BOUND('',#905,.T.);
#905 = EDGE_LOOP('',(#906,#928,#929,#951));
#906 = ORIENTED_EDGE('',*,*,#907,.T.);
#907 = EDGE_CURVE('',#908,#257,#910,.T.);
#908 = VERTEX_POINT('',#909);
#909 = CARTESIAN_POINT('',(-22.865,-81.93,1.1));
#910 = SURFACE_CURVE('',#911,(#916,#922),.PCURVE_S1.);
#911 = CIRCLE('',#912,1.1);
#912 = AXIS2_PLACEMENT_3D('',#913,#914,#915);
#913 = CARTESIAN_POINT('',(-22.865,-80.83,1.1));
#914 = DIRECTION('',(1.,0.,0.));
#915 = DIRECTION('',(0.,-1.,-0.));
#916 = PCURVE('',#274,#917);
#917 = DEFINITIONAL_REPRESENTATION('',(#918),#921);
#918 = B_SPLINE_CURVE_WITH_KNOTS('',1,(#919,#920),.UNSPECIFIED.,.F.,.F.,
  (2,2),(0.,1.570796326795),.PIECEWISE_BEZIER_KNOTS.);
#919 = CARTESIAN_POINT('',(0.,0.));
#920 = CARTESIAN_POINT('',(1.570796326795,0.));
#921 = ( GEOMETRIC_REPRESENTATION_CONTEXT(2) 
PARAMETRIC_REPRESENTATION_CONTEXT() REPRESENTATION_CONTEXT('2D SPACE',''
  ) );
#922 = PCURVE('',#472,#923);
#923 = DEFINITIONAL_REPRESENTATION('',(#924),#927);
#924 = B_SPLINE_CURVE_WITH_KNOTS('',1,(#925,#926),.UNSPECIFIED.,.F.,.F.,
  (2,2),(0.,1.570796326795),.PIECEWISE_BEZIER_KNOTS.);
#925 = CARTESIAN_POINT('',(-1.570796326795,0.));
#926 = CARTESIAN_POINT('',(-1.570796326795,1.570796326795));
#927 = ( GEOMETRIC_REPRESENTATION_CONTEXT(2) 
PARAMETRIC_REPRESENTATION_CONTEXT() REPRESENTATION_CONTEXT('2D SPACE',''
  ) );
#928 = ORIENTED_EDGE('',*,*,#256,.T.);
#929 = ORIENTED_EDGE('',*,*,#930,.F.);
#930 = EDGE_CURVE('',#931,#259,#933,.T.);
#931 = VERTEX_POINT('',#932);
#932 = CARTESIAN_POINT('',(22.865,-81.93,1.1));
#933 = SURFACE_CURVE('',#934,(#939,#945),.PCURVE_S1.);
#934 = CIRCLE('',#935,1.1);
#935 = AXIS2_PLACEMENT_3D('',#936,#937,#938);
#936 = CARTESIAN_POINT('',(22.865,-80.83,1.1));
#937 = DIRECTION('',(1.,0.,0.));
#938 = DIRECTION('',(0.,-1.,-0.));
#939 = PCURVE('',#274,#940);
#940 = DEFINITIONAL_REPRESENTATION('',(#941),#944);
#941 = B_SPLINE_CURVE_WITH_KNOTS('',1,(#942,#943),.UNSPECIFIED.,.F.,.F.,
  (2,2),(0.,1.570796326795),.PIECEWISE_BEZIER_KNOTS.);
#942 = CARTESIAN_POINT('',(0.,45.73));
#943 = CARTESIAN_POINT('',(1.570796326795,45.73));
#944 = ( GEOMETRIC_REPRESENTATION_CONTEXT(2) 
PARAMETRIC_REPRESENTATION_CONTEXT() REPRESENTATION_CONTEXT('2D SPACE',''
  ) );
#945 = PCURVE('',#303,#946);
#946 = DEFINITIONAL_REPRESENTATION('',(#947),#950);
#947 = B_SPLINE_CURVE_WITH_KNOTS('',1,(#948,#949),.UNSPECIFIED.,.F.,.F.,
  (2,2),(0.,1.570796326795),.PIECEWISE_BEZIER_KNOTS.);
#948 = CARTESIAN_POINT('',(0.,0.));
#949 = CARTESIAN_POINT('',(0.,1.570796326795));
#950 = ( GEOMETRIC_REPRESENTATION_CONTEXT(2) 
PARAMETRIC_REPRESENTATION_CONTEXT() REPRESENTATION_CONTEXT('2D SPACE',''
  ) );
#951 = ORIENTED_EDGE('',*,*,#952,.F.);
#952 = EDGE_CURVE('',#908,#931,#953,.T.);
#953 = SURFACE_CURVE('',#954,(#958,#965),.PCURVE_S1.);
#954 = LINE('',#955,#956);
#955 = CARTESIAN_POINT('',(-22.865,-81.93,1.1));
#956 = VECTOR('',#957,1.);
#957 = DIRECTION('',(1.,0.,0.));
#958 = PCURVE('',#274,#959);
#959 = DEFINITIONAL_REPRESENTATION('',(#960),#964);
#960 = LINE('',#961,#962);
#961 = CARTESIAN_POINT('',(0.,0.));
#962 = VECTOR('',#963,1.);
#963 = DIRECTION('',(0.,1.));
#964 = ( GEOMETRIC_REPRESENTATION_CONTEXT(2) 
PARAMETRIC_REPRESENTATION_CONTEXT() REPRESENTATION_CONTEXT('2D SPACE',''
  ) );
#965 = PCURVE('',#966,#971);
#966 = PLANE('',#967);
#967 = AXIS2_PLACEMENT_3D('',#968,#969,#970);
#968 = CARTESIAN_POINT('',(-40.365,-81.93,0.));
#969 = DIRECTION('',(0.,1.,0.));
#970 = DIRECTION('',(1.,0.,0.));
#971 = DEFINITIONAL_REPRESENTATION('',(#972),#976);
#972 = LINE('',#973,#974);
#973 = CARTESIAN_POINT('',(17.5,-1.1));
#974 = VECTOR('',#975,1.);
#975 = DIRECTION('',(1.,0.));
#976 = ( GEOMETRIC_REPRESENTATION_CONTEXT(2) 
PARAMETRIC_REPRESENTATION_CONTEXT() REPRESENTATION_CONTEXT('2D SPACE',''
  ) );
#977 = ADVANCED_FACE('',(#978),#472,.T.);
#978 = FACE_BOUND('',#979,.F.);
#979 = EDGE_LOOP('',(#980,#1002,#1029,#1030));
#980 = ORIENTED_EDGE('',*,*,#981,.F.);
#981 = EDGE_CURVE('',#982,#430,#984,.T.);
#982 = VERTEX_POINT('',#983);
#983 = CARTESIAN_POINT('',(-40.365,-64.43,1.1));
#984 = SURFACE_CURVE('',#985,(#990,#996),.PCURVE_S1.);
#985 = CIRCLE('',#986,1.1);
#986 = AXIS2_PLACEMENT_3D('',#987,#988,#989);
#987 = CARTESIAN_POINT('',(-39.265,-64.43,1.1));
#988 = DIRECTION('',(0.,-1.,0.));
#989 = DIRECTION('',(-1.,0.,0.));
#990 = PCURVE('',#472,#991);
#991 = DEFINITIONAL_REPRESENTATION('',(#992),#995);
#992 = B_SPLINE_CURVE_WITH_KNOTS('',1,(#993,#994),.UNSPECIFIED.,.F.,.F.,
  (2,2),(0.,1.570796326795),.PIECEWISE_BEZIER_KNOTS.);
#993 = CARTESIAN_POINT('',(0.,0.));
#994 = CARTESIAN_POINT('',(0.,1.570796326795));
#995 = ( GEOMETRIC_REPRESENTATION_CONTEXT(2) 
PARAMETRIC_REPRESENTATION_CONTEXT() REPRESENTATION_CONTEXT('2D SPACE',''
  ) );
#996 = PCURVE('',#445,#997);
#997 = DEFINITIONAL_REPRESENTATION('',(#998),#1001);
#998 = B_SPLINE_CURVE_WITH_KNOTS('',1,(#999,#1000),.UNSPECIFIED.,.F.,.F.
  ,(2,2),(0.,1.570796326795),.PIECEWISE_BEZIER_KNOTS.);
#999 = CARTESIAN_POINT('',(0.,128.86));
#1000 = CARTESIAN_POINT('',(1.570796326795,128.86));
#1001 = ( GEOMETRIC_REPRESENTATION_CONTEXT(2) 
PARAMETRIC_REPRESENTATION_CONTEXT() REPRESENTATION_CONTEXT('2D SPACE',''
  ) );
#1002 = ORIENTED_EDGE('',*,*,#1003,.T.);
#1003 = EDGE_CURVE('',#982,#908,#1004,.T.);
#1004 = SURFACE_CURVE('',#1005,(#1010,#1017),.PCURVE_S1.);
#1005 = CIRCLE('',#1006,17.5);
#1006 = AXIS2_PLACEMENT_3D('',#1007,#1008,#1009);
#1007 = CARTESIAN_POINT('',(-22.865,-64.43,1.1));
#1008 = DIRECTION('',(0.,0.,1.));
#1009 = DIRECTION('',(-1.,0.,0.));
#1010 = PCURVE('',#472,#1011);
#1011 = DEFINITIONAL_REPRESENTATION('',(#1012),#1016);
#1012 = LINE('',#1013,#1014);
#1013 = CARTESIAN_POINT('',(-0.,0.));
#1014 = VECTOR('',#1015,1.);
#1015 = DIRECTION('',(-1.,0.));
#1016 = ( GEOMETRIC_REPRESENTATION_CONTEXT(2) 
PARAMETRIC_REPRESENTATION_CONTEXT() REPRESENTATION_CONTEXT('2D SPACE',''
  ) );
#1017 = PCURVE('',#1018,#1023);
#1018 = CYLINDRICAL_SURFACE('',#1019,17.5);
#1019 = AXIS2_PLACEMENT_3D('',#1020,#1021,#1022);
#1020 = CARTESIAN_POINT('',(-22.865,-64.43,0.));
#1021 = DIRECTION('',(0.,0.,1.));
#1022 = DIRECTION('',(0.,-1.,0.));
#1023 = DEFINITIONAL_REPRESENTATION('',(#1024),#1028);
#1024 = LINE('',#1025,#1026);
#1025 = CARTESIAN_POINT('',(-1.570796326795,1.1));
#1026 = VECTOR('',#1027,1.);
#1027 = DIRECTION('',(1.,-0.));
#1028 = ( GEOMETRIC_REPRESENTATION_CONTEXT(2) 
PARAMETRIC_REPRESENTATION_CONTEXT() REPRESENTATION_CONTEXT('2D SPACE',''
  ) );
#1029 = ORIENTED_EDGE('',*,*,#907,.T.);
#1030 = ORIENTED_EDGE('',*,*,#457,.F.);
#1031 = ADVANCED_FACE('',(#1032),#303,.T.);
#1032 = FACE_BOUND('',#1033,.F.);
#1033 = EDGE_LOOP('',(#1034,#1035,#1064,#1084));
#1034 = ORIENTED_EDGE('',*,*,#930,.F.);
#1035 = ORIENTED_EDGE('',*,*,#1036,.T.);
#1036 = EDGE_CURVE('',#931,#1037,#1039,.T.);
#1037 = VERTEX_POINT('',#1038);
#1038 = CARTESIAN_POINT('',(40.365,-64.43,1.1));
#1039 = SURFACE_CURVE('',#1040,(#1045,#1052),.PCURVE_S1.);
#1040 = CIRCLE('',#1041,17.5);
#1041 = AXIS2_PLACEMENT_3D('',#1042,#1043,#1044);
#1042 = CARTESIAN_POINT('',(22.865,-64.43,1.1));
#1043 = DIRECTION('',(0.,0.,1.));
#1044 = DIRECTION('',(0.,-1.,0.));
#1045 = PCURVE('',#303,#1046);
#1046 = DEFINITIONAL_REPRESENTATION('',(#1047),#1051);
#1047 = LINE('',#1048,#1049);
#1048 = CARTESIAN_POINT('',(-0.,0.));
#1049 = VECTOR('',#1050,1.);
#1050 = DIRECTION('',(-1.,0.));
#1051 = ( GEOMETRIC_REPRESENTATION_CONTEXT(2) 
PARAMETRIC_REPRESENTATION_CONTEXT() REPRESENTATION_CONTEXT('2D SPACE',''
  ) );
#1052 = PCURVE('',#1053,#1058);
#1053 = CYLINDRICAL_SURFACE('',#1054,17.5);
#1054 = AXIS2_PLACEMENT_3D('',#1055,#1056,#1057);
#1055 = CARTESIAN_POINT('',(22.865,-64.43,0.));
#1056 = DIRECTION('',(0.,0.,1.));
#1057 = DIRECTION('',(0.,-1.,0.));
#1058 = DEFINITIONAL_REPRESENTATION('',(#1059),#1063);
#1059 = LINE('',#1060,#1061);
#1060 = CARTESIAN_POINT('',(0.,1.1));
#1061 = VECTOR('',#1062,1.);
#1062 = DIRECTION('',(1.,0.));
#1063 = ( GEOMETRIC_REPRESENTATION_CONTEXT(2) 
PARAMETRIC_REPRESENTATION_CONTEXT() REPRESENTATION_CONTEXT('2D SPACE',''
  ) );
#1064 = ORIENTED_EDGE('',*,*,#1065,.T.);
#1065 = EDGE_CURVE('',#1037,#287,#1066,.T.);
#1066 = SURFACE_CURVE('',#1067,(#1072,#1078),.PCURVE_S1.);
#1067 = CIRCLE('',#1068,1.1);
#1068 = AXIS2_PLACEMENT_3D('',#1069,#1070,#1071);
#1069 = CARTESIAN_POINT('',(39.265,-64.43,1.1));
#1070 = DIRECTION('',(6.123233995737E-17,1.,0.));
#1071 = DIRECTION('',(1.,-6.123233995737E-17,0.));
#1072 = PCURVE('',#303,#1073);
#1073 = DEFINITIONAL_REPRESENTATION('',(#1074),#1077);
#1074 = B_SPLINE_CURVE_WITH_KNOTS('',1,(#1075,#1076),.UNSPECIFIED.,.F.,
  .F.,(2,2),(0.,1.570796326795),.PIECEWISE_BEZIER_KNOTS.);
#1075 = CARTESIAN_POINT('',(-1.570796326795,0.));
#1076 = CARTESIAN_POINT('',(-1.570796326795,1.570796326795));
#1077 = ( GEOMETRIC_REPRESENTATION_CONTEXT(2) 
PARAMETRIC_REPRESENTATION_CONTEXT() REPRESENTATION_CONTEXT('2D SPACE',''
  ) );
#1078 = PCURVE('',#331,#1079);
#1079 = DEFINITIONAL_REPRESENTATION('',(#1080),#1083);
#1080 = B_SPLINE_CURVE_WITH_KNOTS('',1,(#1081,#1082),.UNSPECIFIED.,.F.,
  .F.,(2,2),(0.,1.570796326795),.PIECEWISE_BEZIER_KNOTS.);
#1081 = CARTESIAN_POINT('',(0.,0.));
#1082 = CARTESIAN_POINT('',(1.570796326795,0.));
#1083 = ( GEOMETRIC_REPRESENTATION_CONTEXT(2) 
PARAMETRIC_REPRESENTATION_CONTEXT() REPRESENTATION_CONTEXT('2D SPACE',''
  ) );
#1084 = ORIENTED_EDGE('',*,*,#286,.F.);
#1085 = ADVANCED_FACE('',(#1086),#445,.T.);
#1086 = FACE_BOUND('',#1087,.T.);
#1087 = EDGE_LOOP('',(#1088,#1110,#1111,#1112));
#1088 = ORIENTED_EDGE('',*,*,#1089,.T.);
#1089 = EDGE_CURVE('',#1090,#401,#1092,.T.);
#1090 = VERTEX_POINT('',#1091);
#1091 = CARTESIAN_POINT('',(-40.365,64.43,1.1));
#1092 = SURFACE_CURVE('',#1093,(#1098,#1104),.PCURVE_S1.);
#1093 = CIRCLE('',#1094,1.1);
#1094 = AXIS2_PLACEMENT_3D('',#1095,#1096,#1097);
#1095 = CARTESIAN_POINT('',(-39.265,64.43,1.1));
#1096 = DIRECTION('',(-6.123233995737E-17,-1.,0.));
#1097 = DIRECTION('',(-1.,6.123233995737E-17,0.));
#1098 = PCURVE('',#445,#1099);
#1099 = DEFINITIONAL_REPRESENTATION('',(#1100),#1103);
#1100 = B_SPLINE_CURVE_WITH_KNOTS('',1,(#1101,#1102),.UNSPECIFIED.,.F.,
  .F.,(2,2),(0.,1.570796326795),.PIECEWISE_BEZIER_KNOTS.);
#1101 = CARTESIAN_POINT('',(0.,0.));
#1102 = CARTESIAN_POINT('',(1.570796326795,0.));
#1103 = ( GEOMETRIC_REPRESENTATION_CONTEXT(2) 
PARAMETRIC_REPRESENTATION_CONTEXT() REPRESENTATION_CONTEXT('2D SPACE',''
  ) );
#1104 = PCURVE('',#417,#1105);
#1105 = DEFINITIONAL_REPRESENTATION('',(#1106),#1109);
#1106 = B_SPLINE_CURVE_WITH_KNOTS('',1,(#1107,#1108),.UNSPECIFIED.,.F.,
  .F.,(2,2),(0.,1.570796326795),.PIECEWISE_BEZIER_KNOTS.);
#1107 = CARTESIAN_POINT('',(-1.570796326795,0.));
#1108 = CARTESIAN_POINT('',(-1.570796326795,1.570796326795));
#1109 = ( GEOMETRIC_REPRESENTATION_CONTEXT(2) 
PARAMETRIC_REPRESENTATION_CONTEXT() REPRESENTATION_CONTEXT('2D SPACE',''
  ) );
#1110 = ORIENTED_EDGE('',*,*,#429,.T.);
#1111 = ORIENTED_EDGE('',*,*,#981,.F.);
#1112 = ORIENTED_EDGE('',*,*,#1113,.F.);
#1113 = EDGE_CURVE('',#1090,#982,#1114,.T.);
#1114 = SURFACE_CURVE('',#1115,(#1119,#1126),.PCURVE_S1.);
#1115 = LINE('',#1116,#1117);
#1116 = CARTESIAN_POINT('',(-40.365,64.43,1.1));
#1117 = VECTOR('',#1118,1.);
#1118 = DIRECTION('',(0.,-1.,0.));
#1119 = PCURVE('',#445,#1120);
#1120 = DEFINITIONAL_REPRESENTATION('',(#1121),#1125);
#1121 = LINE('',#1122,#1123);
#1122 = CARTESIAN_POINT('',(0.,0.));
#1123 = VECTOR('',#1124,1.);
#1124 = DIRECTION('',(0.,1.));
#1125 = ( GEOMETRIC_REPRESENTATION_CONTEXT(2) 
PARAMETRIC_REPRESENTATION_CONTEXT() REPRESENTATION_CONTEXT('2D SPACE',''
  ) );
#1126 = PCURVE('',#1127,#1132);
#1127 = PLANE('',#1128);
#1128 = AXIS2_PLACEMENT_3D('',#1129,#1130,#1131);
#1129 = CARTESIAN_POINT('',(-40.365,81.93,0.));
#1130 = DIRECTION('',(1.,0.,-0.));
#1131 = DIRECTION('',(0.,-1.,0.));
#1132 = DEFINITIONAL_REPRESENTATION('',(#1133),#1137);
#1133 = LINE('',#1134,#1135);
#1134 = CARTESIAN_POINT('',(17.5,-1.1));
#1135 = VECTOR('',#1136,1.);
#1136 = DIRECTION('',(1.,0.));
#1137 = ( GEOMETRIC_REPRESENTATION_CONTEXT(2) 
PARAMETRIC_REPRESENTATION_CONTEXT() REPRESENTATION_CONTEXT('2D SPACE',''
  ) );
#1138 = ADVANCED_FACE('',(#1139),#331,.T.);
#1139 = FACE_BOUND('',#1140,.T.);
#1140 = EDGE_LOOP('',(#1141,#1142,#1143,#1165));
#1141 = ORIENTED_EDGE('',*,*,#1065,.T.);
#1142 = ORIENTED_EDGE('',*,*,#315,.T.);
#1143 = ORIENTED_EDGE('',*,*,#1144,.F.);
#1144 = EDGE_CURVE('',#1145,#316,#1147,.T.);
#1145 = VERTEX_POINT('',#1146);
#1146 = CARTESIAN_POINT('',(40.365,64.43,1.1));
#1147 = SURFACE_CURVE('',#1148,(#1153,#1159),.PCURVE_S1.);
#1148 = CIRCLE('',#1149,1.1);
#1149 = AXIS2_PLACEMENT_3D('',#1150,#1151,#1152);
#1150 = CARTESIAN_POINT('',(39.265,64.43,1.1));
#1151 = DIRECTION('',(0.,1.,0.));
#1152 = DIRECTION('',(1.,0.,-0.));
#1153 = PCURVE('',#331,#1154);
#1154 = DEFINITIONAL_REPRESENTATION('',(#1155),#1158);
#1155 = B_SPLINE_CURVE_WITH_KNOTS('',1,(#1156,#1157),.UNSPECIFIED.,.F.,
  .F.,(2,2),(0.,1.570796326795),.PIECEWISE_BEZIER_KNOTS.);
#1156 = CARTESIAN_POINT('',(0.,128.86));
#1157 = CARTESIAN_POINT('',(1.570796326795,128.86));
#1158 = ( GEOMETRIC_REPRESENTATION_CONTEXT(2) 
PARAMETRIC_REPRESENTATION_CONTEXT() REPRESENTATION_CONTEXT('2D SPACE',''
  ) );
#1159 = PCURVE('',#360,#1160);
#1160 = DEFINITIONAL_REPRESENTATION('',(#1161),#1164);
#1161 = B_SPLINE_CURVE_WITH_KNOTS('',1,(#1162,#1163),.UNSPECIFIED.,.F.,
  .F.,(2,2),(0.,1.570796326795),.PIECEWISE_BEZIER_KNOTS.);
#1162 = CARTESIAN_POINT('',(0.,0.));
#1163 = CARTESIAN_POINT('',(0.,1.570796326795));
#1164 = ( GEOMETRIC_REPRESENTATION_CONTEXT(2) 
PARAMETRIC_REPRESENTATION_CONTEXT() REPRESENTATION_CONTEXT('2D SPACE',''
  ) );
#1165 = ORIENTED_EDGE('',*,*,#1166,.F.);
#1166 = EDGE_CURVE('',#1037,#1145,#1167,.T.);
#1167 = SURFACE_CURVE('',#1168,(#1172,#1179),.PCURVE_S1.);
#1168 = LINE('',#1169,#1170);
#1169 = CARTESIAN_POINT('',(40.365,-64.43,1.1));
#1170 = VECTOR('',#1171,1.);
#1171 = DIRECTION('',(0.,1.,0.));
#1172 = PCURVE('',#331,#1173);
#1173 = DEFINITIONAL_REPRESENTATION('',(#1174),#1178);
#1174 = LINE('',#1175,#1176);
#1175 = CARTESIAN_POINT('',(0.,0.));
#1176 = VECTOR('',#1177,1.);
#1177 = DIRECTION('',(0.,1.));
#1178 = ( GEOMETRIC_REPRESENTATION_CONTEXT(2) 
PARAMETRIC_REPRESENTATION_CONTEXT() REPRESENTATION_CONTEXT('2D SPACE',''
  ) );
#1179 = PCURVE('',#1180,#1185);
#1180 = PLANE('',#1181);
#1181 = AXIS2_PLACEMENT_3D('',#1182,#1183,#1184);
#1182 = CARTESIAN_POINT('',(40.365,-81.93,0.));
#1183 = DIRECTION('',(-1.,0.,0.));
#1184 = DIRECTION('',(0.,1.,0.));
#1185 = DEFINITIONAL_REPRESENTATION('',(#1186),#1190);
#1186 = LINE('',#1187,#1188);
#1187 = CARTESIAN_POINT('',(17.5,-1.1));
#1188 = VECTOR('',#1189,1.);
#1189 = DIRECTION('',(1.,0.));
#1190 = ( GEOMETRIC_REPRESENTATION_CONTEXT(2) 
PARAMETRIC_REPRESENTATION_CONTEXT() REPRESENTATION_CONTEXT('2D SPACE',''
  ) );
#1191 = ADVANCED_FACE('',(#1192),#417,.T.);
#1192 = FACE_BOUND('',#1193,.F.);
#1193 = EDGE_LOOP('',(#1194,#1216,#1243,#1244));
#1194 = ORIENTED_EDGE('',*,*,#1195,.F.);
#1195 = EDGE_CURVE('',#1196,#373,#1198,.T.);
#1196 = VERTEX_POINT('',#1197);
#1197 = CARTESIAN_POINT('',(-22.865,81.93,1.1));
#1198 = SURFACE_CURVE('',#1199,(#1204,#1210),.PCURVE_S1.);
#1199 = CIRCLE('',#1200,1.1);
#1200 = AXIS2_PLACEMENT_3D('',#1201,#1202,#1203);
#1201 = CARTESIAN_POINT('',(-22.865,80.83,1.1));
#1202 = DIRECTION('',(-1.,0.,0.));
#1203 = DIRECTION('',(0.,1.,-0.));
#1204 = PCURVE('',#417,#1205);
#1205 = DEFINITIONAL_REPRESENTATION('',(#1206),#1209);
#1206 = B_SPLINE_CURVE_WITH_KNOTS('',1,(#1207,#1208),.UNSPECIFIED.,.F.,
  .F.,(2,2),(0.,1.570796326795),.PIECEWISE_BEZIER_KNOTS.);
#1207 = CARTESIAN_POINT('',(0.,0.));
#1208 = CARTESIAN_POINT('',(0.,1.570796326795));
#1209 = ( GEOMETRIC_REPRESENTATION_CONTEXT(2) 
PARAMETRIC_REPRESENTATION_CONTEXT() REPRESENTATION_CONTEXT('2D SPACE',''
  ) );
#1210 = PCURVE('',#388,#1211);
#1211 = DEFINITIONAL_REPRESENTATION('',(#1212),#1215);
#1212 = B_SPLINE_CURVE_WITH_KNOTS('',1,(#1213,#1214),.UNSPECIFIED.,.F.,
  .F.,(2,2),(0.,1.570796326795),.PIECEWISE_BEZIER_KNOTS.);
#1213 = CARTESIAN_POINT('',(0.,45.73));
#1214 = CARTESIAN_POINT('',(1.570796326795,45.73));
#1215 = ( GEOMETRIC_REPRESENTATION_CONTEXT(2) 
PARAMETRIC_REPRESENTATION_CONTEXT() REPRESENTATION_CONTEXT('2D SPACE',''
  ) );
#1216 = ORIENTED_EDGE('',*,*,#1217,.T.);
#1217 = EDGE_CURVE('',#1196,#1090,#1218,.T.);
#1218 = SURFACE_CURVE('',#1219,(#1224,#1231),.PCURVE_S1.);
#1219 = CIRCLE('',#1220,17.5);
#1220 = AXIS2_PLACEMENT_3D('',#1221,#1222,#1223);
#1221 = CARTESIAN_POINT('',(-22.865,64.43,1.1));
#1222 = DIRECTION('',(0.,0.,1.));
#1223 = DIRECTION('',(0.,1.,-0.));
#1224 = PCURVE('',#417,#1225);
#1225 = DEFINITIONAL_REPRESENTATION('',(#1226),#1230);
#1226 = LINE('',#1227,#1228);
#1227 = CARTESIAN_POINT('',(-0.,0.));
#1228 = VECTOR('',#1229,1.);
#1229 = DIRECTION('',(-1.,0.));
#1230 = ( GEOMETRIC_REPRESENTATION_CONTEXT(2) 
PARAMETRIC_REPRESENTATION_CONTEXT() REPRESENTATION_CONTEXT('2D SPACE',''
  ) );
#1231 = PCURVE('',#1232,#1237);
#1232 = CYLINDRICAL_SURFACE('',#1233,17.5);
#1233 = AXIS2_PLACEMENT_3D('',#1234,#1235,#1236);
#1234 = CARTESIAN_POINT('',(-22.865,64.43,0.));
#1235 = DIRECTION('',(0.,0.,1.));
#1236 = DIRECTION('',(-0.,1.,0.));
#1237 = DEFINITIONAL_REPRESENTATION('',(#1238),#1242);
#1238 = LINE('',#1239,#1240);
#1239 = CARTESIAN_POINT('',(0.,1.1));
#1240 = VECTOR('',#1241,1.);
#1241 = DIRECTION('',(1.,0.));
#1242 = ( GEOMETRIC_REPRESENTATION_CONTEXT(2) 
PARAMETRIC_REPRESENTATION_CONTEXT() REPRESENTATION_CONTEXT('2D SPACE',''
  ) );
#1243 = ORIENTED_EDGE('',*,*,#1089,.T.);
#1244 = ORIENTED_EDGE('',*,*,#400,.F.);
#1245 = ADVANCED_FACE('',(#1246),#360,.T.);
#1246 = FACE_BOUND('',#1247,.F.);
#1247 = EDGE_LOOP('',(#1248,#1249,#1278,#1298));
#1248 = ORIENTED_EDGE('',*,*,#1144,.F.);
#1249 = ORIENTED_EDGE('',*,*,#1250,.T.);
#1250 = EDGE_CURVE('',#1145,#1251,#1253,.T.);
#1251 = VERTEX_POINT('',#1252);
#1252 = CARTESIAN_POINT('',(22.865,81.93,1.1));
#1253 = SURFACE_CURVE('',#1254,(#1259,#1266),.PCURVE_S1.);
#1254 = CIRCLE('',#1255,17.5);
#1255 = AXIS2_PLACEMENT_3D('',#1256,#1257,#1258);
#1256 = CARTESIAN_POINT('',(22.865,64.43,1.1));
#1257 = DIRECTION('',(0.,0.,1.));
#1258 = DIRECTION('',(1.,0.,-0.));
#1259 = PCURVE('',#360,#1260);
#1260 = DEFINITIONAL_REPRESENTATION('',(#1261),#1265);
#1261 = LINE('',#1262,#1263);
#1262 = CARTESIAN_POINT('',(-0.,0.));
#1263 = VECTOR('',#1264,1.);
#1264 = DIRECTION('',(-1.,0.));
#1265 = ( GEOMETRIC_REPRESENTATION_CONTEXT(2) 
PARAMETRIC_REPRESENTATION_CONTEXT() REPRESENTATION_CONTEXT('2D SPACE',''
  ) );
#1266 = PCURVE('',#1267,#1272);
#1267 = CYLINDRICAL_SURFACE('',#1268,17.5);
#1268 = AXIS2_PLACEMENT_3D('',#1269,#1270,#1271);
#1269 = CARTESIAN_POINT('',(22.865,64.43,0.));
#1270 = DIRECTION('',(0.,0.,1.));
#1271 = DIRECTION('',(1.,0.,-0.));
#1272 = DEFINITIONAL_REPRESENTATION('',(#1273),#1277);
#1273 = LINE('',#1274,#1275);
#1274 = CARTESIAN_POINT('',(0.,1.1));
#1275 = VECTOR('',#1276,1.);
#1276 = DIRECTION('',(1.,0.));
#1277 = ( GEOMETRIC_REPRESENTATION_CONTEXT(2) 
PARAMETRIC_REPRESENTATION_CONTEXT() REPRESENTATION_CONTEXT('2D SPACE',''
  ) );
#1278 = ORIENTED_EDGE('',*,*,#1279,.T.);
#1279 = EDGE_CURVE('',#1251,#344,#1280,.T.);
#1280 = SURFACE_CURVE('',#1281,(#1286,#1292),.PCURVE_S1.);
#1281 = CIRCLE('',#1282,1.1);
#1282 = AXIS2_PLACEMENT_3D('',#1283,#1284,#1285);
#1283 = CARTESIAN_POINT('',(22.865,80.83,1.1));
#1284 = DIRECTION('',(-1.,6.123233995737E-17,0.));
#1285 = DIRECTION('',(6.123233995737E-17,1.,-0.));
#1286 = PCURVE('',#360,#1287);
#1287 = DEFINITIONAL_REPRESENTATION('',(#1288),#1291);
#1288 = B_SPLINE_CURVE_WITH_KNOTS('',1,(#1289,#1290),.UNSPECIFIED.,.F.,
  .F.,(2,2),(0.,1.570796326795),.PIECEWISE_BEZIER_KNOTS.);
#1289 = CARTESIAN_POINT('',(-1.570796326795,0.));
#1290 = CARTESIAN_POINT('',(-1.570796326795,1.570796326795));
#1291 = ( GEOMETRIC_REPRESENTATION_CONTEXT(2) 
PARAMETRIC_REPRESENTATION_CONTEXT() REPRESENTATION_CONTEXT('2D SPACE',''
  ) );
#1292 = PCURVE('',#388,#1293);
#1293 = DEFINITIONAL_REPRESENTATION('',(#1294),#1297);
#1294 = B_SPLINE_CURVE_WITH_KNOTS('',1,(#1295,#1296),.UNSPECIFIED.,.F.,
  .F.,(2,2),(0.,1.570796326795),.PIECEWISE_BEZIER_KNOTS.);
#1295 = CARTESIAN_POINT('',(0.,0.));
#1296 = CARTESIAN_POINT('',(1.570796326795,0.));
#1297 = ( GEOMETRIC_REPRESENTATION_CONTEXT(2) 
PARAMETRIC_REPRESENTATION_CONTEXT() REPRESENTATION_CONTEXT('2D SPACE',''
  ) );
#1298 = ORIENTED_EDGE('',*,*,#343,.F.);
#1299 = ADVANCED_FACE('',(#1300),#388,.T.);
#1300 = FACE_BOUND('',#1301,.T.);
#1301 = EDGE_LOOP('',(#1302,#1303,#1304,#1305));
#1302 = ORIENTED_EDGE('',*,*,#1279,.T.);
#1303 = ORIENTED_EDGE('',*,*,#372,.T.);
#1304 = ORIENTED_EDGE('',*,*,#1195,.F.);
#1305 = ORIENTED_EDGE('',*,*,#1306,.F.);
#1306 = EDGE_CURVE('',#1251,#1196,#1307,.T.);
#1307 = SURFACE_CURVE('',#1308,(#1312,#1319),.PCURVE_S1.);
#1308 = LINE('',#1309,#1310);
#1309 = CARTESIAN_POINT('',(22.865,81.93,1.1));
#1310 = VECTOR('',#1311,1.);
#1311 = DIRECTION('',(-1.,0.,0.));
#1312 = PCURVE('',#388,#1313);
#1313 = DEFINITIONAL_REPRESENTATION('',(#1314),#1318);
#1314 = LINE('',#1315,#1316);
#1315 = CARTESIAN_POINT('',(0.,0.));
#1316 = VECTOR('',#1317,1.);
#1317 = DIRECTION('',(0.,1.));
#1318 = ( GEOMETRIC_REPRESENTATION_CONTEXT(2) 
PARAMETRIC_REPRESENTATION_CONTEXT() REPRESENTATION_CONTEXT('2D SPACE',''
  ) );
#1319 = PCURVE('',#1320,#1325);
#1320 = PLANE('',#1321);
#1321 = AXIS2_PLACEMENT_3D('',#1322,#1323,#1324);
#1322 = CARTESIAN_POINT('',(40.365,81.93,0.));
#1323 = DIRECTION('',(0.,-1.,0.));
#1324 = DIRECTION('',(-1.,0.,0.));
#1325 = DEFINITIONAL_REPRESENTATION('',(#1326),#1330);
#1326 = LINE('',#1327,#1328);
#1327 = CARTESIAN_POINT('',(17.5,-1.1));
#1328 = VECTOR('',#1329,1.);
#1329 = DIRECTION('',(1.,0.));
#1330 = ( GEOMETRIC_REPRESENTATION_CONTEXT(2) 
PARAMETRIC_REPRESENTATION_CONTEXT() REPRESENTATION_CONTEXT('2D SPACE',''
  ) );
#1331 = ADVANCED_FACE('',(#1332),#545,.F.);
#1332 = FACE_BOUND('',#1333,.F.);
#1333 = EDGE_LOOP('',(#1334,#1357,#1358,#1381));
#1334 = ORIENTED_EDGE('',*,*,#1335,.F.);
#1335 = EDGE_CURVE('',#488,#1336,#1338,.T.);
#1336 = VERTEX_POINT('',#1337);
#1337 = CARTESIAN_POINT('',(-5.465,36.03,1.6));
#1338 = SURFACE_CURVE('',#1339,(#1343,#1350),.PCURVE_S1.);
#1339 = LINE('',#1340,#1341);
#1340 = CARTESIAN_POINT('',(-5.465,36.03,-3.4));
#1341 = VECTOR('',#1342,1.);
#1342 = DIRECTION('',(0.,0.,1.));
#1343 = PCURVE('',#545,#1344);
#1344 = DEFINITIONAL_REPRESENTATION('',(#1345),#1349);
#1345 = LINE('',#1346,#1347);
#1346 = CARTESIAN_POINT('',(0.,0.));
#1347 = VECTOR('',#1348,1.);
#1348 = DIRECTION('',(0.,1.));
#1349 = ( GEOMETRIC_REPRESENTATION_CONTEXT(2) 
PARAMETRIC_REPRESENTATION_CONTEXT() REPRESENTATION_CONTEXT('2D SPACE',''
  ) );
#1350 = PCURVE('',#597,#1351);
#1351 = DEFINITIONAL_REPRESENTATION('',(#1352),#1356);
#1352 = LINE('',#1353,#1354);
#1353 = CARTESIAN_POINT('',(31.5,0.));
#1354 = VECTOR('',#1355,1.);
#1355 = DIRECTION('',(0.,-1.));
#1356 = ( GEOMETRIC_REPRESENTATION_CONTEXT(2) 
PARAMETRIC_REPRESENTATION_CONTEXT() REPRESENTATION_CONTEXT('2D SPACE',''
  ) );
#1357 = ORIENTED_EDGE('',*,*,#530,.T.);
#1358 = ORIENTED_EDGE('',*,*,#1359,.T.);
#1359 = EDGE_CURVE('',#510,#1360,#1362,.T.);
#1360 = VERTEX_POINT('',#1361);
#1361 = CARTESIAN_POINT('',(5.535,47.03,1.6));
#1362 = SURFACE_CURVE('',#1363,(#1367,#1374),.PCURVE_S1.);
#1363 = LINE('',#1364,#1365);
#1364 = CARTESIAN_POINT('',(5.535,47.03,-3.4));
#1365 = VECTOR('',#1366,1.);
#1366 = DIRECTION('',(0.,0.,1.));
#1367 = PCURVE('',#545,#1368);
#1368 = DEFINITIONAL_REPRESENTATION('',(#1369),#1373);
#1369 = LINE('',#1370,#1371);
#1370 = CARTESIAN_POINT('',(1.570796326795,0.));
#1371 = VECTOR('',#1372,1.);
#1372 = DIRECTION('',(0.,1.));
#1373 = ( GEOMETRIC_REPRESENTATION_CONTEXT(2) 
PARAMETRIC_REPRESENTATION_CONTEXT() REPRESENTATION_CONTEXT('2D SPACE',''
  ) );
#1374 = PCURVE('',#649,#1375);
#1375 = DEFINITIONAL_REPRESENTATION('',(#1376),#1380);
#1376 = LINE('',#1377,#1378);
#1377 = CARTESIAN_POINT('',(11.,0.));
#1378 = VECTOR('',#1379,1.);
#1379 = DIRECTION('',(0.,-1.));
#1380 = ( GEOMETRIC_REPRESENTATION_CONTEXT(2) 
PARAMETRIC_REPRESENTATION_CONTEXT() REPRESENTATION_CONTEXT('2D SPACE',''
  ) );
#1381 = ORIENTED_EDGE('',*,*,#1382,.F.);
#1382 = EDGE_CURVE('',#1336,#1360,#1383,.T.);
#1383 = SURFACE_CURVE('',#1384,(#1389,#1396),.PCURVE_S1.);
#1384 = CIRCLE('',#1385,11.);
#1385 = AXIS2_PLACEMENT_3D('',#1386,#1387,#1388);
#1386 = CARTESIAN_POINT('',(-5.465,47.03,1.6));
#1387 = DIRECTION('',(0.,0.,1.));
#1388 = DIRECTION('',(0.,-1.,0.));
#1389 = PCURVE('',#545,#1390);
#1390 = DEFINITIONAL_REPRESENTATION('',(#1391),#1395);
#1391 = LINE('',#1392,#1393);
#1392 = CARTESIAN_POINT('',(0.,5.));
#1393 = VECTOR('',#1394,1.);
#1394 = DIRECTION('',(1.,0.));
#1395 = ( GEOMETRIC_REPRESENTATION_CONTEXT(2) 
PARAMETRIC_REPRESENTATION_CONTEXT() REPRESENTATION_CONTEXT('2D SPACE',''
  ) );
#1396 = PCURVE('',#1397,#1402);
#1397 = PLANE('',#1398);
#1398 = AXIS2_PLACEMENT_3D('',#1399,#1400,#1401);
#1399 = CARTESIAN_POINT('',(0.,-1.912390558419E-15,1.6));
#1400 = DIRECTION('',(0.,0.,1.));
#1401 = DIRECTION('',(1.,0.,-0.));
#1402 = DEFINITIONAL_REPRESENTATION('',(#1403),#1407);
#1403 = CIRCLE('',#1404,11.);
#1404 = AXIS2_PLACEMENT_2D('',#1405,#1406);
#1405 = CARTESIAN_POINT('',(-5.465,47.03));
#1406 = DIRECTION('',(0.,-1.));
#1407 = ( GEOMETRIC_REPRESENTATION_CONTEXT(2) 
PARAMETRIC_REPRESENTATION_CONTEXT() REPRESENTATION_CONTEXT('2D SPACE',''
  ) );
#1408 = ADVANCED_FACE('',(#1409),#597,.T.);
#1409 = FACE_BOUND('',#1410,.T.);
#1410 = EDGE_LOOP('',(#1411,#1412,#1413,#1436));
#1411 = ORIENTED_EDGE('',*,*,#1335,.F.);
#1412 = ORIENTED_EDGE('',*,*,#583,.F.);
#1413 = ORIENTED_EDGE('',*,*,#1414,.T.);
#1414 = EDGE_CURVE('',#561,#1415,#1417,.T.);
#1415 = VERTEX_POINT('',#1416);
#1416 = CARTESIAN_POINT('',(-25.965,36.03,1.6));
#1417 = SURFACE_CURVE('',#1418,(#1422,#1429),.PCURVE_S1.);
#1418 = LINE('',#1419,#1420);
#1419 = CARTESIAN_POINT('',(-25.965,36.03,-3.4));
#1420 = VECTOR('',#1421,1.);
#1421 = DIRECTION('',(0.,0.,1.));
#1422 = PCURVE('',#597,#1423);
#1423 = DEFINITIONAL_REPRESENTATION('',(#1424),#1428);
#1424 = LINE('',#1425,#1426);
#1425 = CARTESIAN_POINT('',(11.,0.));
#1426 = VECTOR('',#1427,1.);
#1427 = DIRECTION('',(0.,-1.));
#1428 = ( GEOMETRIC_REPRESENTATION_CONTEXT(2) 
PARAMETRIC_REPRESENTATION_CONTEXT() REPRESENTATION_CONTEXT('2D SPACE',''
  ) );
#1429 = PCURVE('',#702,#1430);
#1430 = DEFINITIONAL_REPRESENTATION('',(#1431),#1435);
#1431 = LINE('',#1432,#1433);
#1432 = CARTESIAN_POINT('',(-0.,0.));
#1433 = VECTOR('',#1434,1.);
#1434 = DIRECTION('',(-0.,1.));
#1435 = ( GEOMETRIC_REPRESENTATION_CONTEXT(2) 
PARAMETRIC_REPRESENTATION_CONTEXT() REPRESENTATION_CONTEXT('2D SPACE',''
  ) );
#1436 = ORIENTED_EDGE('',*,*,#1437,.F.);
#1437 = EDGE_CURVE('',#1336,#1415,#1438,.T.);
#1438 = SURFACE_CURVE('',#1439,(#1443,#1449),.PCURVE_S1.);
#1439 = LINE('',#1440,#1441);
#1440 = CARTESIAN_POINT('',(-18.4825,36.03,1.6));
#1441 = VECTOR('',#1442,1.);
#1442 = DIRECTION('',(-1.,0.,0.));
#1443 = PCURVE('',#597,#1444);
#1444 = DEFINITIONAL_REPRESENTATION('',(#1445),#1448);
#1445 = B_SPLINE_CURVE_WITH_KNOTS('',1,(#1446,#1447),.UNSPECIFIED.,.F.,
  .F.,(2,2),(-13.0175,7.4825),.PIECEWISE_BEZIER_KNOTS.);
#1446 = CARTESIAN_POINT('',(31.5,-5.));
#1447 = CARTESIAN_POINT('',(11.,-5.));
#1448 = ( GEOMETRIC_REPRESENTATION_CONTEXT(2) 
PARAMETRIC_REPRESENTATION_CONTEXT() REPRESENTATION_CONTEXT('2D SPACE',''
  ) );
#1449 = PCURVE('',#1397,#1450);
#1450 = DEFINITIONAL_REPRESENTATION('',(#1451),#1454);
#1451 = B_SPLINE_CURVE_WITH_KNOTS('',1,(#1452,#1453),.UNSPECIFIED.,.F.,
  .F.,(2,2),(-13.0175,7.4825),.PIECEWISE_BEZIER_KNOTS.);
#1452 = CARTESIAN_POINT('',(-5.465,36.03));
#1453 = CARTESIAN_POINT('',(-25.965,36.03));
#1454 = ( GEOMETRIC_REPRESENTATION_CONTEXT(2) 
PARAMETRIC_REPRESENTATION_CONTEXT() REPRESENTATION_CONTEXT('2D SPACE',''
  ) );
#1455 = ADVANCED_FACE('',(#1456),#649,.T.);
#1456 = FACE_BOUND('',#1457,.T.);
#1457 = EDGE_LOOP('',(#1458,#1481,#1482,#1483));
#1458 = ORIENTED_EDGE('',*,*,#1459,.F.);
#1459 = EDGE_CURVE('',#615,#1460,#1462,.T.);
#1460 = VERTEX_POINT('',#1461);
#1461 = CARTESIAN_POINT('',(5.535,67.53,1.6));
#1462 = SURFACE_CURVE('',#1463,(#1467,#1474),.PCURVE_S1.);
#1463 = LINE('',#1464,#1465);
#1464 = CARTESIAN_POINT('',(5.535,67.53,-3.4));
#1465 = VECTOR('',#1466,1.);
#1466 = DIRECTION('',(0.,0.,1.));
#1467 = PCURVE('',#649,#1468);
#1468 = DEFINITIONAL_REPRESENTATION('',(#1469),#1473);
#1469 = LINE('',#1470,#1471);
#1470 = CARTESIAN_POINT('',(31.5,0.));
#1471 = VECTOR('',#1472,1.);
#1472 = DIRECTION('',(0.,-1.));
#1473 = ( GEOMETRIC_REPRESENTATION_CONTEXT(2) 
PARAMETRIC_REPRESENTATION_CONTEXT() REPRESENTATION_CONTEXT('2D SPACE',''
  ) );
#1474 = PCURVE('',#755,#1475);
#1475 = DEFINITIONAL_REPRESENTATION('',(#1476),#1480);
#1476 = LINE('',#1477,#1478);
#1477 = CARTESIAN_POINT('',(0.,0.));
#1478 = VECTOR('',#1479,1.);
#1479 = DIRECTION('',(0.,1.));
#1480 = ( GEOMETRIC_REPRESENTATION_CONTEXT(2) 
PARAMETRIC_REPRESENTATION_CONTEXT() REPRESENTATION_CONTEXT('2D SPACE',''
  ) );
#1481 = ORIENTED_EDGE('',*,*,#635,.F.);
#1482 = ORIENTED_EDGE('',*,*,#1359,.T.);
#1483 = ORIENTED_EDGE('',*,*,#1484,.F.);
#1484 = EDGE_CURVE('',#1460,#1360,#1485,.T.);
#1485 = SURFACE_CURVE('',#1486,(#1490,#1496),.PCURVE_S1.);
#1486 = LINE('',#1487,#1488);
#1487 = CARTESIAN_POINT('',(5.535,18.015,1.6));
#1488 = VECTOR('',#1489,1.);
#1489 = DIRECTION('',(0.,-1.,0.));
#1490 = PCURVE('',#649,#1491);
#1491 = DEFINITIONAL_REPRESENTATION('',(#1492),#1495);
#1492 = B_SPLINE_CURVE_WITH_KNOTS('',1,(#1493,#1494),.UNSPECIFIED.,.F.,
  .F.,(2,2),(-49.515,-29.015),.PIECEWISE_BEZIER_KNOTS.);
#1493 = CARTESIAN_POINT('',(31.5,-5.));
#1494 = CARTESIAN_POINT('',(11.,-5.));
#1495 = ( GEOMETRIC_REPRESENTATION_CONTEXT(2) 
PARAMETRIC_REPRESENTATION_CONTEXT() REPRESENTATION_CONTEXT('2D SPACE',''
  ) );
#1496 = PCURVE('',#1397,#1497);
#1497 = DEFINITIONAL_REPRESENTATION('',(#1498),#1501);
#1498 = B_SPLINE_CURVE_WITH_KNOTS('',1,(#1499,#1500),.UNSPECIFIED.,.F.,
  .F.,(2,2),(-49.515,-29.015),.PIECEWISE_BEZIER_KNOTS.);
#1499 = CARTESIAN_POINT('',(5.535,67.53));
#1500 = CARTESIAN_POINT('',(5.535,47.03));
#1501 = ( GEOMETRIC_REPRESENTATION_CONTEXT(2) 
PARAMETRIC_REPRESENTATION_CONTEXT() REPRESENTATION_CONTEXT('2D SPACE',''
  ) );
#1502 = ADVANCED_FACE('',(#1503),#702,.F.);
#1503 = FACE_BOUND('',#1504,.T.);
#1504 = EDGE_LOOP('',(#1505,#1506,#1507,#1530));
#1505 = ORIENTED_EDGE('',*,*,#1414,.F.);
#1506 = ORIENTED_EDGE('',*,*,#687,.F.);
#1507 = ORIENTED_EDGE('',*,*,#1508,.T.);
#1508 = EDGE_CURVE('',#665,#1509,#1511,.T.);
#1509 = VERTEX_POINT('',#1510);
#1510 = CARTESIAN_POINT('',(-36.965,47.03,1.6));
#1511 = SURFACE_CURVE('',#1512,(#1516,#1523),.PCURVE_S1.);
#1512 = LINE('',#1513,#1514);
#1513 = CARTESIAN_POINT('',(-36.965,47.03,-3.4));
#1514 = VECTOR('',#1515,1.);
#1515 = DIRECTION('',(0.,0.,1.));
#1516 = PCURVE('',#702,#1517);
#1517 = DEFINITIONAL_REPRESENTATION('',(#1518),#1522);
#1518 = LINE('',#1519,#1520);
#1519 = CARTESIAN_POINT('',(-1.570796326795,0.));
#1520 = VECTOR('',#1521,1.);
#1521 = DIRECTION('',(-0.,1.));
#1522 = ( GEOMETRIC_REPRESENTATION_CONTEXT(2) 
PARAMETRIC_REPRESENTATION_CONTEXT() REPRESENTATION_CONTEXT('2D SPACE',''
  ) );
#1523 = PCURVE('',#807,#1524);
#1524 = DEFINITIONAL_REPRESENTATION('',(#1525),#1529);
#1525 = LINE('',#1526,#1527);
#1526 = CARTESIAN_POINT('',(31.5,0.));
#1527 = VECTOR('',#1528,1.);
#1528 = DIRECTION('',(0.,-1.));
#1529 = ( GEOMETRIC_REPRESENTATION_CONTEXT(2) 
PARAMETRIC_REPRESENTATION_CONTEXT() REPRESENTATION_CONTEXT('2D SPACE',''
  ) );
#1530 = ORIENTED_EDGE('',*,*,#1531,.T.);
#1531 = EDGE_CURVE('',#1509,#1415,#1532,.T.);
#1532 = SURFACE_CURVE('',#1533,(#1538,#1545),.PCURVE_S1.);
#1533 = CIRCLE('',#1534,11.);
#1534 = AXIS2_PLACEMENT_3D('',#1535,#1536,#1537);
#1535 = CARTESIAN_POINT('',(-25.965,47.03,1.6));
#1536 = DIRECTION('',(0.,0.,1.));
#1537 = DIRECTION('',(0.,-1.,0.));
#1538 = PCURVE('',#702,#1539);
#1539 = DEFINITIONAL_REPRESENTATION('',(#1540),#1544);
#1540 = LINE('',#1541,#1542);
#1541 = CARTESIAN_POINT('',(-6.28318530718,5.));
#1542 = VECTOR('',#1543,1.);
#1543 = DIRECTION('',(1.,-0.));
#1544 = ( GEOMETRIC_REPRESENTATION_CONTEXT(2) 
PARAMETRIC_REPRESENTATION_CONTEXT() REPRESENTATION_CONTEXT('2D SPACE',''
  ) );
#1545 = PCURVE('',#1397,#1546);
#1546 = DEFINITIONAL_REPRESENTATION('',(#1547),#1551);
#1547 = CIRCLE('',#1548,11.);
#1548 = AXIS2_PLACEMENT_2D('',#1549,#1550);
#1549 = CARTESIAN_POINT('',(-25.965,47.03));
#1550 = DIRECTION('',(0.,-1.));
#1551 = ( GEOMETRIC_REPRESENTATION_CONTEXT(2) 
PARAMETRIC_REPRESENTATION_CONTEXT() REPRESENTATION_CONTEXT('2D SPACE',''
  ) );
#1552 = ADVANCED_FACE('',(#1553),#755,.F.);
#1553 = FACE_BOUND('',#1554,.F.);
#1554 = EDGE_LOOP('',(#1555,#1556,#1557,#1580));
#1555 = ORIENTED_EDGE('',*,*,#1459,.F.);
#1556 = ORIENTED_EDGE('',*,*,#740,.T.);
#1557 = ORIENTED_EDGE('',*,*,#1558,.T.);
#1558 = EDGE_CURVE('',#720,#1559,#1561,.T.);
#1559 = VERTEX_POINT('',#1560);
#1560 = CARTESIAN_POINT('',(-5.465,78.53,1.6));
#1561 = SURFACE_CURVE('',#1562,(#1566,#1573),.PCURVE_S1.);
#1562 = LINE('',#1563,#1564);
#1563 = CARTESIAN_POINT('',(-5.465,78.53,-3.4));
#1564 = VECTOR('',#1565,1.);
#1565 = DIRECTION('',(0.,0.,1.));
#1566 = PCURVE('',#755,#1567);
#1567 = DEFINITIONAL_REPRESENTATION('',(#1568),#1572);
#1568 = LINE('',#1569,#1570);
#1569 = CARTESIAN_POINT('',(1.570796326795,0.));
#1570 = VECTOR('',#1571,1.);
#1571 = DIRECTION('',(0.,1.));
#1572 = ( GEOMETRIC_REPRESENTATION_CONTEXT(2) 
PARAMETRIC_REPRESENTATION_CONTEXT() REPRESENTATION_CONTEXT('2D SPACE',''
  ) );
#1573 = PCURVE('',#859,#1574);
#1574 = DEFINITIONAL_REPRESENTATION('',(#1575),#1579);
#1575 = LINE('',#1576,#1577);
#1576 = CARTESIAN_POINT('',(11.,0.));
#1577 = VECTOR('',#1578,1.);
#1578 = DIRECTION('',(0.,-1.));
#1579 = ( GEOMETRIC_REPRESENTATION_CONTEXT(2) 
PARAMETRIC_REPRESENTATION_CONTEXT() REPRESENTATION_CONTEXT('2D SPACE',''
  ) );
#1580 = ORIENTED_EDGE('',*,*,#1581,.F.);
#1581 = EDGE_CURVE('',#1460,#1559,#1582,.T.);
#1582 = SURFACE_CURVE('',#1583,(#1588,#1595),.PCURVE_S1.);
#1583 = CIRCLE('',#1584,11.);
#1584 = AXIS2_PLACEMENT_3D('',#1585,#1586,#1587);
#1585 = CARTESIAN_POINT('',(-5.465,67.53,1.6));
#1586 = DIRECTION('',(0.,0.,1.));
#1587 = DIRECTION('',(1.,0.,-0.));
#1588 = PCURVE('',#755,#1589);
#1589 = DEFINITIONAL_REPRESENTATION('',(#1590),#1594);
#1590 = LINE('',#1591,#1592);
#1591 = CARTESIAN_POINT('',(0.,5.));
#1592 = VECTOR('',#1593,1.);
#1593 = DIRECTION('',(1.,0.));
#1594 = ( GEOMETRIC_REPRESENTATION_CONTEXT(2) 
PARAMETRIC_REPRESENTATION_CONTEXT() REPRESENTATION_CONTEXT('2D SPACE',''
  ) );
#1595 = PCURVE('',#1397,#1596);
#1596 = DEFINITIONAL_REPRESENTATION('',(#1597),#1601);
#1597 = CIRCLE('',#1598,11.);
#1598 = AXIS2_PLACEMENT_2D('',#1599,#1600);
#1599 = CARTESIAN_POINT('',(-5.465,67.53));
#1600 = DIRECTION('',(1.,0.));
#1601 = ( GEOMETRIC_REPRESENTATION_CONTEXT(2) 
PARAMETRIC_REPRESENTATION_CONTEXT() REPRESENTATION_CONTEXT('2D SPACE',''
  ) );
#1602 = ADVANCED_FACE('',(#1603),#807,.T.);
#1603 = FACE_BOUND('',#1604,.T.);
#1604 = EDGE_LOOP('',(#1605,#1606,#1607,#1630));
#1605 = ORIENTED_EDGE('',*,*,#1508,.F.);
#1606 = ORIENTED_EDGE('',*,*,#793,.F.);
#1607 = ORIENTED_EDGE('',*,*,#1608,.T.);
#1608 = EDGE_CURVE('',#771,#1609,#1611,.T.);
#1609 = VERTEX_POINT('',#1610);
#1610 = CARTESIAN_POINT('',(-36.965,67.53,1.6));
#1611 = SURFACE_CURVE('',#1612,(#1616,#1623),.PCURVE_S1.);
#1612 = LINE('',#1613,#1614);
#1613 = CARTESIAN_POINT('',(-36.965,67.53,-3.4));
#1614 = VECTOR('',#1615,1.);
#1615 = DIRECTION('',(0.,0.,1.));
#1616 = PCURVE('',#807,#1617);
#1617 = DEFINITIONAL_REPRESENTATION('',(#1618),#1622);
#1618 = LINE('',#1619,#1620);
#1619 = CARTESIAN_POINT('',(11.,0.));
#1620 = VECTOR('',#1621,1.);
#1621 = DIRECTION('',(0.,-1.));
#1622 = ( GEOMETRIC_REPRESENTATION_CONTEXT(2) 
PARAMETRIC_REPRESENTATION_CONTEXT() REPRESENTATION_CONTEXT('2D SPACE',''
  ) );
#1623 = PCURVE('',#892,#1624);
#1624 = DEFINITIONAL_REPRESENTATION('',(#1625),#1629);
#1625 = LINE('',#1626,#1627);
#1626 = CARTESIAN_POINT('',(1.570796326795,0.));
#1627 = VECTOR('',#1628,1.);
#1628 = DIRECTION('',(0.,1.));
#1629 = ( GEOMETRIC_REPRESENTATION_CONTEXT(2) 
PARAMETRIC_REPRESENTATION_CONTEXT() REPRESENTATION_CONTEXT('2D SPACE',''
  ) );
#1630 = ORIENTED_EDGE('',*,*,#1631,.F.);
#1631 = EDGE_CURVE('',#1509,#1609,#1632,.T.);
#1632 = SURFACE_CURVE('',#1633,(#1637,#1643),.PCURVE_S1.);
#1633 = LINE('',#1634,#1635);
#1634 = CARTESIAN_POINT('',(-36.965,39.265,1.6));
#1635 = VECTOR('',#1636,1.);
#1636 = DIRECTION('',(-0.,1.,0.));
#1637 = PCURVE('',#807,#1638);
#1638 = DEFINITIONAL_REPRESENTATION('',(#1639),#1642);
#1639 = B_SPLINE_CURVE_WITH_KNOTS('',1,(#1640,#1641),.UNSPECIFIED.,.F.,
  .F.,(2,2),(7.765,28.265),.PIECEWISE_BEZIER_KNOTS.);
#1640 = CARTESIAN_POINT('',(31.5,-5.));
#1641 = CARTESIAN_POINT('',(11.,-5.));
#1642 = ( GEOMETRIC_REPRESENTATION_CONTEXT(2) 
PARAMETRIC_REPRESENTATION_CONTEXT() REPRESENTATION_CONTEXT('2D SPACE',''
  ) );
#1643 = PCURVE('',#1397,#1644);
#1644 = DEFINITIONAL_REPRESENTATION('',(#1645),#1648);
#1645 = B_SPLINE_CURVE_WITH_KNOTS('',1,(#1646,#1647),.UNSPECIFIED.,.F.,
  .F.,(2,2),(7.765,28.265),.PIECEWISE_BEZIER_KNOTS.);
#1646 = CARTESIAN_POINT('',(-36.965,47.03));
#1647 = CARTESIAN_POINT('',(-36.965,67.53));
#1648 = ( GEOMETRIC_REPRESENTATION_CONTEXT(2) 
PARAMETRIC_REPRESENTATION_CONTEXT() REPRESENTATION_CONTEXT('2D SPACE',''
  ) );
#1649 = ADVANCED_FACE('',(#1650),#859,.T.);
#1650 = FACE_BOUND('',#1651,.T.);
#1651 = EDGE_LOOP('',(#1652,#1675,#1676,#1677));
#1652 = ORIENTED_EDGE('',*,*,#1653,.F.);
#1653 = EDGE_CURVE('',#825,#1654,#1656,.T.);
#1654 = VERTEX_POINT('',#1655);
#1655 = CARTESIAN_POINT('',(-25.965,78.53,1.6));
#1656 = SURFACE_CURVE('',#1657,(#1661,#1668),.PCURVE_S1.);
#1657 = LINE('',#1658,#1659);
#1658 = CARTESIAN_POINT('',(-25.965,78.53,-3.4));
#1659 = VECTOR('',#1660,1.);
#1660 = DIRECTION('',(0.,0.,1.));
#1661 = PCURVE('',#859,#1662);
#1662 = DEFINITIONAL_REPRESENTATION('',(#1663),#1667);
#1663 = LINE('',#1664,#1665);
#1664 = CARTESIAN_POINT('',(31.5,0.));
#1665 = VECTOR('',#1666,1.);
#1666 = DIRECTION('',(0.,-1.));
#1667 = ( GEOMETRIC_REPRESENTATION_CONTEXT(2) 
PARAMETRIC_REPRESENTATION_CONTEXT() REPRESENTATION_CONTEXT('2D SPACE',''
  ) );
#1668 = PCURVE('',#892,#1669);
#1669 = DEFINITIONAL_REPRESENTATION('',(#1670),#1674);
#1670 = LINE('',#1671,#1672);
#1671 = CARTESIAN_POINT('',(0.,0.));
#1672 = VECTOR('',#1673,1.);
#1673 = DIRECTION('',(0.,1.));
#1674 = ( GEOMETRIC_REPRESENTATION_CONTEXT(2) 
PARAMETRIC_REPRESENTATION_CONTEXT() REPRESENTATION_CONTEXT('2D SPACE',''
  ) );
#1675 = ORIENTED_EDGE('',*,*,#845,.F.);
#1676 = ORIENTED_EDGE('',*,*,#1558,.T.);
#1677 = ORIENTED_EDGE('',*,*,#1678,.F.);
#1678 = EDGE_CURVE('',#1654,#1559,#1679,.T.);
#1679 = SURFACE_CURVE('',#1680,(#1684,#1690),.PCURVE_S1.);
#1680 = LINE('',#1681,#1682);
#1681 = CARTESIAN_POINT('',(2.7675,78.53,1.6));
#1682 = VECTOR('',#1683,1.);
#1683 = DIRECTION('',(1.,0.,-0.));
#1684 = PCURVE('',#859,#1685);
#1685 = DEFINITIONAL_REPRESENTATION('',(#1686),#1689);
#1686 = B_SPLINE_CURVE_WITH_KNOTS('',1,(#1687,#1688),.UNSPECIFIED.,.F.,
  .F.,(2,2),(-28.7325,-8.2325),.PIECEWISE_BEZIER_KNOTS.);
#1687 = CARTESIAN_POINT('',(31.5,-5.));
#1688 = CARTESIAN_POINT('',(11.,-5.));
#1689 = ( GEOMETRIC_REPRESENTATION_CONTEXT(2) 
PARAMETRIC_REPRESENTATION_CONTEXT() REPRESENTATION_CONTEXT('2D SPACE',''
  ) );
#1690 = PCURVE('',#1397,#1691);
#1691 = DEFINITIONAL_REPRESENTATION('',(#1692),#1695);
#1692 = B_SPLINE_CURVE_WITH_KNOTS('',1,(#1693,#1694),.UNSPECIFIED.,.F.,
  .F.,(2,2),(-28.7325,-8.2325),.PIECEWISE_BEZIER_KNOTS.);
#1693 = CARTESIAN_POINT('',(-25.965,78.53));
#1694 = CARTESIAN_POINT('',(-5.465,78.53));
#1695 = ( GEOMETRIC_REPRESENTATION_CONTEXT(2) 
PARAMETRIC_REPRESENTATION_CONTEXT() REPRESENTATION_CONTEXT('2D SPACE',''
  ) );
#1696 = ADVANCED_FACE('',(#1697),#892,.F.);
#1697 = FACE_BOUND('',#1698,.F.);
#1698 = EDGE_LOOP('',(#1699,#1700,#1701,#1702));
#1699 = ORIENTED_EDGE('',*,*,#1653,.F.);
#1700 = ORIENTED_EDGE('',*,*,#877,.T.);
#1701 = ORIENTED_EDGE('',*,*,#1608,.T.);
#1702 = ORIENTED_EDGE('',*,*,#1703,.F.);
#1703 = EDGE_CURVE('',#1654,#1609,#1704,.T.);
#1704 = SURFACE_CURVE('',#1705,(#1710,#1717),.PCURVE_S1.);
#1705 = CIRCLE('',#1706,11.);
#1706 = AXIS2_PLACEMENT_3D('',#1707,#1708,#1709);
#1707 = CARTESIAN_POINT('',(-25.965,67.53,1.6));
#1708 = DIRECTION('',(0.,0.,1.));
#1709 = DIRECTION('',(-0.,1.,0.));
#1710 = PCURVE('',#892,#1711);
#1711 = DEFINITIONAL_REPRESENTATION('',(#1712),#1716);
#1712 = LINE('',#1713,#1714);
#1713 = CARTESIAN_POINT('',(0.,5.));
#1714 = VECTOR('',#1715,1.);
#1715 = DIRECTION('',(1.,0.));
#1716 = ( GEOMETRIC_REPRESENTATION_CONTEXT(2) 
PARAMETRIC_REPRESENTATION_CONTEXT() REPRESENTATION_CONTEXT('2D SPACE',''
  ) );
#1717 = PCURVE('',#1397,#1718);
#1718 = DEFINITIONAL_REPRESENTATION('',(#1719),#1723);
#1719 = CIRCLE('',#1720,11.);
#1720 = AXIS2_PLACEMENT_2D('',#1721,#1722);
#1721 = CARTESIAN_POINT('',(-25.965,67.53));
#1722 = DIRECTION('',(0.,1.));
#1723 = ( GEOMETRIC_REPRESENTATION_CONTEXT(2) 
PARAMETRIC_REPRESENTATION_CONTEXT() REPRESENTATION_CONTEXT('2D SPACE',''
  ) );
#1724 = ADVANCED_FACE('',(#1725),#966,.F.);
#1725 = FACE_BOUND('',#1726,.F.);
#1726 = EDGE_LOOP('',(#1727,#1728,#1751,#1777));
#1727 = ORIENTED_EDGE('',*,*,#952,.F.);
#1728 = ORIENTED_EDGE('',*,*,#1729,.T.);
#1729 = EDGE_CURVE('',#908,#1730,#1732,.T.);
#1730 = VERTEX_POINT('',#1731);
#1731 = CARTESIAN_POINT('',(-22.865,-81.93,2.5));
#1732 = SURFACE_CURVE('',#1733,(#1737,#1744),.PCURVE_S1.);
#1733 = LINE('',#1734,#1735);
#1734 = CARTESIAN_POINT('',(-22.865,-81.93,0.));
#1735 = VECTOR('',#1736,1.);
#1736 = DIRECTION('',(0.,0.,1.));
#1737 = PCURVE('',#966,#1738);
#1738 = DEFINITIONAL_REPRESENTATION('',(#1739),#1743);
#1739 = LINE('',#1740,#1741);
#1740 = CARTESIAN_POINT('',(17.5,0.));
#1741 = VECTOR('',#1742,1.);
#1742 = DIRECTION('',(0.,-1.));
#1743 = ( GEOMETRIC_REPRESENTATION_CONTEXT(2) 
PARAMETRIC_REPRESENTATION_CONTEXT() REPRESENTATION_CONTEXT('2D SPACE',''
  ) );
#1744 = PCURVE('',#1018,#1745);
#1745 = DEFINITIONAL_REPRESENTATION('',(#1746),#1750);
#1746 = LINE('',#1747,#1748);
#1747 = CARTESIAN_POINT('',(-0.,0.));
#1748 = VECTOR('',#1749,1.);
#1749 = DIRECTION('',(-0.,1.));
#1750 = ( GEOMETRIC_REPRESENTATION_CONTEXT(2) 
PARAMETRIC_REPRESENTATION_CONTEXT() REPRESENTATION_CONTEXT('2D SPACE',''
  ) );
#1751 = ORIENTED_EDGE('',*,*,#1752,.T.);
#1752 = EDGE_CURVE('',#1730,#1753,#1755,.T.);
#1753 = VERTEX_POINT('',#1754);
#1754 = CARTESIAN_POINT('',(22.865,-81.93,2.5));
#1755 = SURFACE_CURVE('',#1756,(#1760,#1766),.PCURVE_S1.);
#1756 = LINE('',#1757,#1758);
#1757 = CARTESIAN_POINT('',(-20.1825,-81.93,2.5));
#1758 = VECTOR('',#1759,1.);
#1759 = DIRECTION('',(1.,0.,0.));
#1760 = PCURVE('',#966,#1761);
#1761 = DEFINITIONAL_REPRESENTATION('',(#1762),#1765);
#1762 = B_SPLINE_CURVE_WITH_KNOTS('',1,(#1763,#1764),.UNSPECIFIED.,.F.,
  .F.,(2,2),(-2.6825,43.0475),.PIECEWISE_BEZIER_KNOTS.);
#1763 = CARTESIAN_POINT('',(17.5,-2.5));
#1764 = CARTESIAN_POINT('',(63.23,-2.5));
#1765 = ( GEOMETRIC_REPRESENTATION_CONTEXT(2) 
PARAMETRIC_REPRESENTATION_CONTEXT() REPRESENTATION_CONTEXT('2D SPACE',''
  ) );
#1766 = PCURVE('',#1767,#1772);
#1767 = PLANE('',#1768);
#1768 = AXIS2_PLACEMENT_3D('',#1769,#1770,#1771);
#1769 = CARTESIAN_POINT('',(0.,-80.93,2.5));
#1770 = DIRECTION('',(0.,0.,1.));
#1771 = DIRECTION('',(1.,0.,-0.));
#1772 = DEFINITIONAL_REPRESENTATION('',(#1773),#1776);
#1773 = B_SPLINE_CURVE_WITH_KNOTS('',1,(#1774,#1775),.UNSPECIFIED.,.F.,
  .F.,(2,2),(-2.6825,43.0475),.PIECEWISE_BEZIER_KNOTS.);
#1774 = CARTESIAN_POINT('',(-22.865,-1.));
#1775 = CARTESIAN_POINT('',(22.865,-1.));
#1776 = ( GEOMETRIC_REPRESENTATION_CONTEXT(2) 
PARAMETRIC_REPRESENTATION_CONTEXT() REPRESENTATION_CONTEXT('2D SPACE',''
  ) );
#1777 = ORIENTED_EDGE('',*,*,#1778,.F.);
#1778 = EDGE_CURVE('',#931,#1753,#1779,.T.);
#1779 = SURFACE_CURVE('',#1780,(#1784,#1791),.PCURVE_S1.);
#1780 = LINE('',#1781,#1782);
#1781 = CARTESIAN_POINT('',(22.865,-81.93,0.));
#1782 = VECTOR('',#1783,1.);
#1783 = DIRECTION('',(0.,0.,1.));
#1784 = PCURVE('',#966,#1785);
#1785 = DEFINITIONAL_REPRESENTATION('',(#1786),#1790);
#1786 = LINE('',#1787,#1788);
#1787 = CARTESIAN_POINT('',(63.23,0.));
#1788 = VECTOR('',#1789,1.);
#1789 = DIRECTION('',(0.,-1.));
#1790 = ( GEOMETRIC_REPRESENTATION_CONTEXT(2) 
PARAMETRIC_REPRESENTATION_CONTEXT() REPRESENTATION_CONTEXT('2D SPACE',''
  ) );
#1791 = PCURVE('',#1053,#1792);
#1792 = DEFINITIONAL_REPRESENTATION('',(#1793),#1797);
#1793 = LINE('',#1794,#1795);
#1794 = CARTESIAN_POINT('',(0.,0.));
#1795 = VECTOR('',#1796,1.);
#1796 = DIRECTION('',(0.,1.));
#1797 = ( GEOMETRIC_REPRESENTATION_CONTEXT(2) 
PARAMETRIC_REPRESENTATION_CONTEXT() REPRESENTATION_CONTEXT('2D SPACE',''
  ) );
#1798 = ADVANCED_FACE('',(#1799),#1018,.T.);
#1799 = FACE_BOUND('',#1800,.F.);
#1800 = EDGE_LOOP('',(#1801,#1802,#1803,#1826,#1855,#1883,#1912,#1982,
    #2008,#2078));
#1801 = ORIENTED_EDGE('',*,*,#1729,.F.);
#1802 = ORIENTED_EDGE('',*,*,#1003,.F.);
#1803 = ORIENTED_EDGE('',*,*,#1804,.T.);
#1804 = EDGE_CURVE('',#982,#1805,#1807,.T.);
#1805 = VERTEX_POINT('',#1806);
#1806 = CARTESIAN_POINT('',(-40.365,-64.43,10.65));
#1807 = SURFACE_CURVE('',#1808,(#1812,#1819),.PCURVE_S1.);
#1808 = LINE('',#1809,#1810);
#1809 = CARTESIAN_POINT('',(-40.365,-64.43,0.));
#1810 = VECTOR('',#1811,1.);
#1811 = DIRECTION('',(0.,0.,1.));
#1812 = PCURVE('',#1018,#1813);
#1813 = DEFINITIONAL_REPRESENTATION('',(#1814),#1818);
#1814 = LINE('',#1815,#1816);
#1815 = CARTESIAN_POINT('',(-1.570796326795,0.));
#1816 = VECTOR('',#1817,1.);
#1817 = DIRECTION('',(-0.,1.));
#1818 = ( GEOMETRIC_REPRESENTATION_CONTEXT(2) 
PARAMETRIC_REPRESENTATION_CONTEXT() REPRESENTATION_CONTEXT('2D SPACE',''
  ) );
#1819 = PCURVE('',#1127,#1820);
#1820 = DEFINITIONAL_REPRESENTATION('',(#1821),#1825);
#1821 = LINE('',#1822,#1823);
#1822 = CARTESIAN_POINT('',(146.36,0.));
#1823 = VECTOR('',#1824,1.);
#1824 = DIRECTION('',(0.,-1.));
#1825 = ( GEOMETRIC_REPRESENTATION_CONTEXT(2) 
PARAMETRIC_REPRESENTATION_CONTEXT() REPRESENTATION_CONTEXT('2D SPACE',''
  ) );
#1826 = ORIENTED_EDGE('',*,*,#1827,.T.);
#1827 = EDGE_CURVE('',#1805,#1828,#1830,.T.);
#1828 = VERTEX_POINT('',#1829);
#1829 = CARTESIAN_POINT('',(-22.865,-81.93,10.65));
#1830 = SURFACE_CURVE('',#1831,(#1836,#1843),.PCURVE_S1.);
#1831 = CIRCLE('',#1832,17.5);
#1832 = AXIS2_PLACEMENT_3D('',#1833,#1834,#1835);
#1833 = CARTESIAN_POINT('',(-22.865,-64.43,10.65));
#1834 = DIRECTION('',(0.,0.,1.));
#1835 = DIRECTION('',(-1.,0.,0.));
#1836 = PCURVE('',#1018,#1837);
#1837 = DEFINITIONAL_REPRESENTATION('',(#1838),#1842);
#1838 = LINE('',#1839,#1840);
#1839 = CARTESIAN_POINT('',(-1.570796326795,10.65));
#1840 = VECTOR('',#1841,1.);
#1841 = DIRECTION('',(1.,-0.));
#1842 = ( GEOMETRIC_REPRESENTATION_CONTEXT(2) 
PARAMETRIC_REPRESENTATION_CONTEXT() REPRESENTATION_CONTEXT('2D SPACE',''
  ) );
#1843 = PCURVE('',#1844,#1849);
#1844 = TOROIDAL_SURFACE('',#1845,17.,0.5);
#1845 = AXIS2_PLACEMENT_3D('',#1846,#1847,#1848);
#1846 = CARTESIAN_POINT('',(-22.865,-64.43,10.65));
#1847 = DIRECTION('',(0.,0.,1.));
#1848 = DIRECTION('',(-1.,0.,0.));
#1849 = DEFINITIONAL_REPRESENTATION('',(#1850),#1854);
#1850 = LINE('',#1851,#1852);
#1851 = CARTESIAN_POINT('',(0.,0.));
#1852 = VECTOR('',#1853,1.);
#1853 = DIRECTION('',(1.,0.));
#1854 = ( GEOMETRIC_REPRESENTATION_CONTEXT(2) 
PARAMETRIC_REPRESENTATION_CONTEXT() REPRESENTATION_CONTEXT('2D SPACE',''
  ) );
#1855 = ORIENTED_EDGE('',*,*,#1856,.F.);
#1856 = EDGE_CURVE('',#1857,#1828,#1859,.T.);
#1857 = VERTEX_POINT('',#1858);
#1858 = CARTESIAN_POINT('',(-22.865,-81.93,10.));
#1859 = SURFACE_CURVE('',#1860,(#1864,#1871),.PCURVE_S1.);
#1860 = LINE('',#1861,#1862);
#1861 = CARTESIAN_POINT('',(-22.865,-81.93,0.));
#1862 = VECTOR('',#1863,1.);
#1863 = DIRECTION('',(0.,0.,1.));
#1864 = PCURVE('',#1018,#1865);
#1865 = DEFINITIONAL_REPRESENTATION('',(#1866),#1870);
#1866 = LINE('',#1867,#1868);
#1867 = CARTESIAN_POINT('',(-0.,0.));
#1868 = VECTOR('',#1869,1.);
#1869 = DIRECTION('',(-0.,1.));
#1870 = ( GEOMETRIC_REPRESENTATION_CONTEXT(2) 
PARAMETRIC_REPRESENTATION_CONTEXT() REPRESENTATION_CONTEXT('2D SPACE',''
  ) );
#1871 = PCURVE('',#1872,#1877);
#1872 = PLANE('',#1873);
#1873 = AXIS2_PLACEMENT_3D('',#1874,#1875,#1876);
#1874 = CARTESIAN_POINT('',(-40.365,-81.93,0.));
#1875 = DIRECTION('',(0.,1.,0.));
#1876 = DIRECTION('',(1.,0.,0.));
#1877 = DEFINITIONAL_REPRESENTATION('',(#1878),#1882);
#1878 = LINE('',#1879,#1880);
#1879 = CARTESIAN_POINT('',(17.5,0.));
#1880 = VECTOR('',#1881,1.);
#1881 = DIRECTION('',(0.,-1.));
#1882 = ( GEOMETRIC_REPRESENTATION_CONTEXT(2) 
PARAMETRIC_REPRESENTATION_CONTEXT() REPRESENTATION_CONTEXT('2D SPACE',''
  ) );
#1883 = ORIENTED_EDGE('',*,*,#1884,.F.);
#1884 = EDGE_CURVE('',#1885,#1857,#1887,.T.);
#1885 = VERTEX_POINT('',#1886);
#1886 = CARTESIAN_POINT('',(-26.4,-81.56924662871,10.));
#1887 = SURFACE_CURVE('',#1888,(#1893,#1900),.PCURVE_S1.);
#1888 = CIRCLE('',#1889,17.5);
#1889 = AXIS2_PLACEMENT_3D('',#1890,#1891,#1892);
#1890 = CARTESIAN_POINT('',(-22.865,-64.43,10.));
#1891 = DIRECTION('',(0.,0.,1.));
#1892 = DIRECTION('',(0.,-1.,0.));
#1893 = PCURVE('',#1018,#1894);
#1894 = DEFINITIONAL_REPRESENTATION('',(#1895),#1899);
#1895 = LINE('',#1896,#1897);
#1896 = CARTESIAN_POINT('',(-6.28318530718,10.));
#1897 = VECTOR('',#1898,1.);
#1898 = DIRECTION('',(1.,-0.));
#1899 = ( GEOMETRIC_REPRESENTATION_CONTEXT(2) 
PARAMETRIC_REPRESENTATION_CONTEXT() REPRESENTATION_CONTEXT('2D SPACE',''
  ) );
#1900 = PCURVE('',#1901,#1906);
#1901 = PLANE('',#1902);
#1902 = AXIS2_PLACEMENT_3D('',#1903,#1904,#1905);
#1903 = CARTESIAN_POINT('',(0.,-80.93,10.));
#1904 = DIRECTION('',(0.,0.,1.));
#1905 = DIRECTION('',(1.,0.,-0.));
#1906 = DEFINITIONAL_REPRESENTATION('',(#1907),#1911);
#1907 = CIRCLE('',#1908,17.5);
#1908 = AXIS2_PLACEMENT_2D('',#1909,#1910);
#1909 = CARTESIAN_POINT('',(-22.865,16.5));
#1910 = DIRECTION('',(0.,-1.));
#1911 = ( GEOMETRIC_REPRESENTATION_CONTEXT(2) 
PARAMETRIC_REPRESENTATION_CONTEXT() REPRESENTATION_CONTEXT('2D SPACE',''
  ) );
#1912 = ORIENTED_EDGE('',*,*,#1913,.F.);
#1913 = EDGE_CURVE('',#1914,#1885,#1916,.T.);
#1914 = VERTEX_POINT('',#1915);
#1915 = CARTESIAN_POINT('',(-29.,-80.81937994556,7.4));
#1916 = SURFACE_CURVE('',#1917,(#1935,#1956),.PCURVE_S1.);
#1917 = B_SPLINE_CURVE_WITH_KNOTS('',6,(#1918,#1919,#1920,#1921,#1922,
    #1923,#1924,#1925,#1926,#1927,#1928,#1929,#1930,#1931,#1932,#1933,
    #1934),.UNSPECIFIED.,.F.,.F.,(7,5,5,7),(0.,0.407246000024,
    0.708400596875,1.),.UNSPECIFIED.);
#1918 = CARTESIAN_POINT('',(-29.,-80.81937994556,7.4));
#1919 = CARTESIAN_POINT('',(-29.,-80.81937994556,7.647235036458));
#1920 = CARTESIAN_POINT('',(-28.97178784827,-80.82994065397,
    7.894386802854));
#1921 = CARTESIAN_POINT('',(-28.91540245608,-80.85104669961,8.1388752834
    ));
#1922 = CARTESIAN_POINT('',(-28.83053750736,-80.88240030986,
    8.378074055469));
#1923 = CARTESIAN_POINT('',(-28.71665418178,-80.92336851422,
    8.608917661267));
#1924 = CARTESIAN_POINT('',(-28.46694153244,-81.00953142355,
    8.989068838425));
#1925 = CARTESIAN_POINT('',(-28.3444688298,-81.05087570461,
    9.144085786424));
#1926 = CARTESIAN_POINT('',(-28.20543538801,-81.09650081525,
    9.290784900495));
#1927 = CARTESIAN_POINT('',(-28.04965495317,-81.14581935675,
    9.427131801982));
#1928 = CARTESIAN_POINT('',(-27.87712077809,-81.19804322016,
    9.550679171913));
#1929 = CARTESIAN_POINT('',(-27.50525871375,-81.30466191827,
    9.762785548642));
#1930 = CARTESIAN_POINT('',(-27.30577869083,-81.35927220335,
    9.853000706419));
#1931 = CARTESIAN_POINT('',(-27.09202477162,-81.41455367926,
    9.92469790715));
#1932 = CARTESIAN_POINT('',(-26.86719309711,-81.46885197365,
    9.974483159369));
#1933 = CARTESIAN_POINT('',(-26.63513118558,-81.52075040487,10.));
#1934 = CARTESIAN_POINT('',(-26.4,-81.56924662871,10.));
#1935 = PCURVE('',#1018,#1936);
#1936 = DEFINITIONAL_REPRESENTATION('',(#1937),#1955);
#1937 = B_SPLINE_CURVE_WITH_KNOTS('',6,(#1938,#1939,#1940,#1941,#1942,
    #1943,#1944,#1945,#1946,#1947,#1948,#1949,#1950,#1951,#1952,#1953,
    #1954),.UNSPECIFIED.,.F.,.F.,(7,5,5,7),(0.,0.407246000024,
    0.708400596875,1.),.UNSPECIFIED.);
#1938 = CARTESIAN_POINT('',(-0.358181185231,7.4));
#1939 = CARTESIAN_POINT('',(-0.358181185231,7.647235036458));
#1940 = CARTESIAN_POINT('',(-0.356459814295,7.894386802854));
#1941 = CARTESIAN_POINT('',(-0.353019467735,8.1388752834));
#1942 = CARTESIAN_POINT('',(-0.34784970145,8.378074055469));
#1943 = CARTESIAN_POINT('',(-0.340934398518,8.608917661267));
#1944 = CARTESIAN_POINT('',(-0.325839546936,8.989068838425));
#1945 = CARTESIAN_POINT('',(-0.318453258828,9.144085786424));
#1946 = CARTESIAN_POINT('',(-0.310092125946,9.290784900495));
#1947 = CARTESIAN_POINT('',(-0.300755872662,9.427131801982));
#1948 = CARTESIAN_POINT('',(-0.29045614455,9.550679171913));
#1949 = CARTESIAN_POINT('',(-0.268350724276,9.762785548642));
#1950 = CARTESIAN_POINT('',(-0.256533280469,9.853000706419));
#1951 = CARTESIAN_POINT('',(-0.243918908802,9.92469790715));
#1952 = CARTESIAN_POINT('',(-0.23070484244,9.974483159369));
#1953 = CARTESIAN_POINT('',(-0.217118464301,10.));
#1954 = CARTESIAN_POINT('',(-0.203399589097,10.));
#1955 = ( GEOMETRIC_REPRESENTATION_CONTEXT(2) 
PARAMETRIC_REPRESENTATION_CONTEXT() REPRESENTATION_CONTEXT('2D SPACE',''
  ) );
#1956 = PCURVE('',#1957,#1962);
#1957 = CYLINDRICAL_SURFACE('',#1958,2.6);
#1958 = AXIS2_PLACEMENT_3D('',#1959,#1960,#1961);
#1959 = CARTESIAN_POINT('',(-26.4,-76.93,7.4));
#1960 = DIRECTION('',(0.,-1.,0.));
#1961 = DIRECTION('',(-1.,-0.,0.));
#1962 = DEFINITIONAL_REPRESENTATION('',(#1963),#1981);
#1963 = B_SPLINE_CURVE_WITH_KNOTS('',6,(#1964,#1965,#1966,#1967,#1968,
    #1969,#1970,#1971,#1972,#1973,#1974,#1975,#1976,#1977,#1978,#1979,
    #1980),.UNSPECIFIED.,.F.,.F.,(7,5,5,7),(0.,0.407246000024,
    0.708400596875,1.),.UNSPECIFIED.);
#1964 = CARTESIAN_POINT('',(0.,3.889379945562));
#1965 = CARTESIAN_POINT('',(-9.509039863764E-02,3.889379945562));
#1966 = CARTESIAN_POINT('',(-0.190149260028,3.899940653979));
#1967 = CARTESIAN_POINT('',(-0.285728733708,3.921046699619));
#1968 = CARTESIAN_POINT('',(-0.382371525064,3.95240030986));
#1969 = CARTESIAN_POINT('',(-0.480627822977,3.993368514225));
#1970 = CARTESIAN_POINT('',(-0.655562859413,4.079531423552));
#1971 = CARTESIAN_POINT('',(-0.73125706276,4.120875704619));
#1972 = CARTESIAN_POINT('',(-0.808514056473,4.166500815254));
#1973 = CARTESIAN_POINT('',(-0.887594081463,4.21581935675));
#1974 = CARTESIAN_POINT('',(-0.968779300589,4.268043220164));
#1975 = CARTESIAN_POINT('',(-1.133433551009,4.374661918279));
#1976 = CARTESIAN_POINT('',(-1.21726910135,4.429272203359));
#1977 = CARTESIAN_POINT('',(-1.303301368021,4.484553679263));
#1978 = CARTESIAN_POINT('',(-1.391106736924,4.538851973652));
#1979 = CARTESIAN_POINT('',(-1.480361255415,4.590750404871));
#1980 = CARTESIAN_POINT('',(-1.570796326795,4.639246628717));
#1981 = ( GEOMETRIC_REPRESENTATION_CONTEXT(2) 
PARAMETRIC_REPRESENTATION_CONTEXT() REPRESENTATION_CONTEXT('2D SPACE',''
  ) );
#1982 = ORIENTED_EDGE('',*,*,#1983,.F.);
#1983 = EDGE_CURVE('',#1984,#1914,#1986,.T.);
#1984 = VERTEX_POINT('',#1985);
#1985 = CARTESIAN_POINT('',(-29.,-80.81937994556,5.1));
#1986 = SURFACE_CURVE('',#1987,(#1991,#1997),.PCURVE_S1.);
#1987 = LINE('',#1988,#1989);
#1988 = CARTESIAN_POINT('',(-29.,-80.81937994556,0.));
#1989 = VECTOR('',#1990,1.);
#1990 = DIRECTION('',(0.,0.,1.));
#1991 = PCURVE('',#1018,#1992);
#1992 = DEFINITIONAL_REPRESENTATION('',(#1993),#1996);
#1993 = B_SPLINE_CURVE_WITH_KNOTS('',1,(#1994,#1995),.UNSPECIFIED.,.F.,
  .F.,(2,2),(4.87,7.63),.PIECEWISE_BEZIER_KNOTS.);
#1994 = CARTESIAN_POINT('',(-0.358181185231,4.87));
#1995 = CARTESIAN_POINT('',(-0.358181185231,7.63));
#1996 = ( GEOMETRIC_REPRESENTATION_CONTEXT(2) 
PARAMETRIC_REPRESENTATION_CONTEXT() REPRESENTATION_CONTEXT('2D SPACE',''
  ) );
#1997 = PCURVE('',#1998,#2003);
#1998 = PLANE('',#1999);
#1999 = AXIS2_PLACEMENT_3D('',#2000,#2001,#2002);
#2000 = CARTESIAN_POINT('',(-29.,-76.93,2.5));
#2001 = DIRECTION('',(1.,0.,-0.));
#2002 = DIRECTION('',(0.,-1.,0.));
#2003 = DEFINITIONAL_REPRESENTATION('',(#2004),#2007);
#2004 = B_SPLINE_CURVE_WITH_KNOTS('',1,(#2005,#2006),.UNSPECIFIED.,.F.,
  .F.,(2,2),(4.87,7.63),.PIECEWISE_BEZIER_KNOTS.);
#2005 = CARTESIAN_POINT('',(3.889379945562,-2.37));
#2006 = CARTESIAN_POINT('',(3.889379945562,-5.13));
#2007 = ( GEOMETRIC_REPRESENTATION_CONTEXT(2) 
PARAMETRIC_REPRESENTATION_CONTEXT() REPRESENTATION_CONTEXT('2D SPACE',''
  ) );
#2008 = ORIENTED_EDGE('',*,*,#2009,.T.);
#2009 = EDGE_CURVE('',#1984,#2010,#2012,.T.);
#2010 = VERTEX_POINT('',#2011);
#2011 = CARTESIAN_POINT('',(-26.4,-81.56924662871,2.5));
#2012 = SURFACE_CURVE('',#2013,(#2031,#2052),.PCURVE_S1.);
#2013 = B_SPLINE_CURVE_WITH_KNOTS('',6,(#2014,#2015,#2016,#2017,#2018,
    #2019,#2020,#2021,#2022,#2023,#2024,#2025,#2026,#2027,#2028,#2029,
    #2030),.UNSPECIFIED.,.F.,.F.,(7,5,5,7),(0.,0.407245999957,
    0.708400596757,1.),.UNSPECIFIED.);
#2014 = CARTESIAN_POINT('',(-29.,-80.81937994556,5.1));
#2015 = CARTESIAN_POINT('',(-29.,-80.81937994556,4.852764963542));
#2016 = CARTESIAN_POINT('',(-28.97178784827,-80.82994065397,
    4.605613197146));
#2017 = CARTESIAN_POINT('',(-28.91540245608,-80.85104669961,4.3611247166
    ));
#2018 = CARTESIAN_POINT('',(-28.83053750736,-80.88240030986,
    4.12192594453));
#2019 = CARTESIAN_POINT('',(-28.71665418178,-80.92336851422,
    3.891082338733));
#2020 = CARTESIAN_POINT('',(-28.46694153244,-81.00953142355,
    3.510931161575));
#2021 = CARTESIAN_POINT('',(-28.3444688298,-81.05087570461,
    3.355914213576));
#2022 = CARTESIAN_POINT('',(-28.20543538801,-81.09650081525,
    3.209215099505));
#2023 = CARTESIAN_POINT('',(-28.04965495317,-81.14581935675,
    3.072868198017));
#2024 = CARTESIAN_POINT('',(-27.87712077809,-81.19804322016,
    2.949320828087));
#2025 = CARTESIAN_POINT('',(-27.50525871365,-81.3046619183,
    2.737214451298));
#2026 = CARTESIAN_POINT('',(-27.30577869098,-81.3592722033,
    2.646999293702));
#2027 = CARTESIAN_POINT('',(-27.09202477166,-81.41455367926,
    2.575302092759));
#2028 = CARTESIAN_POINT('',(-26.86719309688,-81.46885197369,
    2.525516840656));
#2029 = CARTESIAN_POINT('',(-26.63513118572,-81.52075040484,2.5));
#2030 = CARTESIAN_POINT('',(-26.4,-81.56924662871,2.5));
#2031 = PCURVE('',#1018,#2032);
#2032 = DEFINITIONAL_REPRESENTATION('',(#2033),#2051);
#2033 = B_SPLINE_CURVE_WITH_KNOTS('',6,(#2034,#2035,#2036,#2037,#2038,
    #2039,#2040,#2041,#2042,#2043,#2044,#2045,#2046,#2047,#2048,#2049,
    #2050),.UNSPECIFIED.,.F.,.F.,(7,5,5,7),(0.,0.407245999957,
    0.708400596757,1.),.UNSPECIFIED.);
#2034 = CARTESIAN_POINT('',(-0.358181185231,5.1));
#2035 = CARTESIAN_POINT('',(-0.358181185231,4.852764963542));
#2036 = CARTESIAN_POINT('',(-0.356459814295,4.605613197146));
#2037 = CARTESIAN_POINT('',(-0.353019467735,4.3611247166));
#2038 = CARTESIAN_POINT('',(-0.34784970145,4.12192594453));
#2039 = CARTESIAN_POINT('',(-0.340934398518,3.891082338733));
#2040 = CARTESIAN_POINT('',(-0.325839546936,3.510931161575));
#2041 = CARTESIAN_POINT('',(-0.318453258828,3.355914213576));
#2042 = CARTESIAN_POINT('',(-0.310092125946,3.209215099505));
#2043 = CARTESIAN_POINT('',(-0.300755872662,3.072868198017));
#2044 = CARTESIAN_POINT('',(-0.29045614455,2.949320828087));
#2045 = CARTESIAN_POINT('',(-0.26835072427,2.737214451298));
#2046 = CARTESIAN_POINT('',(-0.256533280479,2.646999293702));
#2047 = CARTESIAN_POINT('',(-0.243918908804,2.575302092759));
#2048 = CARTESIAN_POINT('',(-0.230704842426,2.525516840656));
#2049 = CARTESIAN_POINT('',(-0.217118464309,2.5));
#2050 = CARTESIAN_POINT('',(-0.203399589097,2.5));
#2051 = ( GEOMETRIC_REPRESENTATION_CONTEXT(2) 
PARAMETRIC_REPRESENTATION_CONTEXT() REPRESENTATION_CONTEXT('2D SPACE',''
  ) );
#2052 = PCURVE('',#2053,#2058);
#2053 = CYLINDRICAL_SURFACE('',#2054,2.6);
#2054 = AXIS2_PLACEMENT_3D('',#2055,#2056,#2057);
#2055 = CARTESIAN_POINT('',(-26.4,-76.93,5.1));
#2056 = DIRECTION('',(0.,-1.,0.));
#2057 = DIRECTION('',(-1.,-0.,0.));
#2058 = DEFINITIONAL_REPRESENTATION('',(#2059),#2077);
#2059 = B_SPLINE_CURVE_WITH_KNOTS('',6,(#2060,#2061,#2062,#2063,#2064,
    #2065,#2066,#2067,#2068,#2069,#2070,#2071,#2072,#2073,#2074,#2075,
    #2076),.UNSPECIFIED.,.F.,.F.,(7,5,5,7),(0.,0.407245999957,
    0.708400596757,1.),.UNSPECIFIED.);
#2060 = CARTESIAN_POINT('',(0.,3.889379945562));
#2061 = CARTESIAN_POINT('',(9.509039863763E-02,3.889379945562));
#2062 = CARTESIAN_POINT('',(0.190149260028,3.899940653979));
#2063 = CARTESIAN_POINT('',(0.285728733708,3.921046699619));
#2064 = CARTESIAN_POINT('',(0.382371525064,3.95240030986));
#2065 = CARTESIAN_POINT('',(0.480627822977,3.993368514225));
#2066 = CARTESIAN_POINT('',(0.655562859413,4.079531423552));
#2067 = CARTESIAN_POINT('',(0.73125706276,4.120875704619));
#2068 = CARTESIAN_POINT('',(0.808514056473,4.166500815254));
#2069 = CARTESIAN_POINT('',(0.887594081464,4.21581935675));
#2070 = CARTESIAN_POINT('',(0.968779300589,4.268043220164));
#2071 = CARTESIAN_POINT('',(1.133433551055,4.374661918308));
#2072 = CARTESIAN_POINT('',(1.217269101277,4.429272203309));
#2073 = CARTESIAN_POINT('',(1.303301368016,4.484553679268));
#2074 = CARTESIAN_POINT('',(1.391106737008,4.538851973695));
#2075 = CARTESIAN_POINT('',(1.480361255362,4.590750404843));
#2076 = CARTESIAN_POINT('',(1.570796326795,4.639246628717));
#2077 = ( GEOMETRIC_REPRESENTATION_CONTEXT(2) 
PARAMETRIC_REPRESENTATION_CONTEXT() REPRESENTATION_CONTEXT('2D SPACE',''
  ) );
#2078 = ORIENTED_EDGE('',*,*,#2079,.T.);
#2079 = EDGE_CURVE('',#2010,#1730,#2080,.T.);
#2080 = SURFACE_CURVE('',#2081,(#2086,#2093),.PCURVE_S1.);
#2081 = CIRCLE('',#2082,17.5);
#2082 = AXIS2_PLACEMENT_3D('',#2083,#2084,#2085);
#2083 = CARTESIAN_POINT('',(-22.865,-64.43,2.5));
#2084 = DIRECTION('',(0.,0.,1.));
#2085 = DIRECTION('',(0.,-1.,0.));
#2086 = PCURVE('',#1018,#2087);
#2087 = DEFINITIONAL_REPRESENTATION('',(#2088),#2092);
#2088 = LINE('',#2089,#2090);
#2089 = CARTESIAN_POINT('',(-6.28318530718,2.5));
#2090 = VECTOR('',#2091,1.);
#2091 = DIRECTION('',(1.,-0.));
#2092 = ( GEOMETRIC_REPRESENTATION_CONTEXT(2) 
PARAMETRIC_REPRESENTATION_CONTEXT() REPRESENTATION_CONTEXT('2D SPACE',''
  ) );
#2093 = PCURVE('',#1767,#2094);
#2094 = DEFINITIONAL_REPRESENTATION('',(#2095),#2099);
#2095 = CIRCLE('',#2096,17.5);
#2096 = AXIS2_PLACEMENT_2D('',#2097,#2098);
#2097 = CARTESIAN_POINT('',(-22.865,16.5));
#2098 = DIRECTION('',(0.,-1.));
#2099 = ( GEOMETRIC_REPRESENTATION_CONTEXT(2) 
PARAMETRIC_REPRESENTATION_CONTEXT() REPRESENTATION_CONTEXT('2D SPACE',''
  ) );
#2100 = ADVANCED_FACE('',(#2101),#1053,.T.);
#2101 = FACE_BOUND('',#2102,.T.);
#2102 = EDGE_LOOP('',(#2103,#2104,#2105,#2128,#2157,#2180,#2204,#2265,
    #2291,#2352));
#2103 = ORIENTED_EDGE('',*,*,#1778,.F.);
#2104 = ORIENTED_EDGE('',*,*,#1036,.T.);
#2105 = ORIENTED_EDGE('',*,*,#2106,.T.);
#2106 = EDGE_CURVE('',#1037,#2107,#2109,.T.);
#2107 = VERTEX_POINT('',#2108);
#2108 = CARTESIAN_POINT('',(40.365,-64.43,10.65));
#2109 = SURFACE_CURVE('',#2110,(#2114,#2121),.PCURVE_S1.);
#2110 = LINE('',#2111,#2112);
#2111 = CARTESIAN_POINT('',(40.365,-64.43,0.));
#2112 = VECTOR('',#2113,1.);
#2113 = DIRECTION('',(0.,0.,1.));
#2114 = PCURVE('',#1053,#2115);
#2115 = DEFINITIONAL_REPRESENTATION('',(#2116),#2120);
#2116 = LINE('',#2117,#2118);
#2117 = CARTESIAN_POINT('',(1.570796326795,0.));
#2118 = VECTOR('',#2119,1.);
#2119 = DIRECTION('',(0.,1.));
#2120 = ( GEOMETRIC_REPRESENTATION_CONTEXT(2) 
PARAMETRIC_REPRESENTATION_CONTEXT() REPRESENTATION_CONTEXT('2D SPACE',''
  ) );
#2121 = PCURVE('',#1180,#2122);
#2122 = DEFINITIONAL_REPRESENTATION('',(#2123),#2127);
#2123 = LINE('',#2124,#2125);
#2124 = CARTESIAN_POINT('',(17.5,0.));
#2125 = VECTOR('',#2126,1.);
#2126 = DIRECTION('',(0.,-1.));
#2127 = ( GEOMETRIC_REPRESENTATION_CONTEXT(2) 
PARAMETRIC_REPRESENTATION_CONTEXT() REPRESENTATION_CONTEXT('2D SPACE',''
  ) );
#2128 = ORIENTED_EDGE('',*,*,#2129,.F.);
#2129 = EDGE_CURVE('',#2130,#2107,#2132,.T.);
#2130 = VERTEX_POINT('',#2131);
#2131 = CARTESIAN_POINT('',(22.865,-81.93,10.65));
#2132 = SURFACE_CURVE('',#2133,(#2138,#2145),.PCURVE_S1.);
#2133 = CIRCLE('',#2134,17.5);
#2134 = AXIS2_PLACEMENT_3D('',#2135,#2136,#2137);
#2135 = CARTESIAN_POINT('',(22.865,-64.43,10.65));
#2136 = DIRECTION('',(0.,0.,1.));
#2137 = DIRECTION('',(0.,-1.,0.));
#2138 = PCURVE('',#1053,#2139);
#2139 = DEFINITIONAL_REPRESENTATION('',(#2140),#2144);
#2140 = LINE('',#2141,#2142);
#2141 = CARTESIAN_POINT('',(0.,10.65));
#2142 = VECTOR('',#2143,1.);
#2143 = DIRECTION('',(1.,0.));
#2144 = ( GEOMETRIC_REPRESENTATION_CONTEXT(2) 
PARAMETRIC_REPRESENTATION_CONTEXT() REPRESENTATION_CONTEXT('2D SPACE',''
  ) );
#2145 = PCURVE('',#2146,#2151);
#2146 = TOROIDAL_SURFACE('',#2147,17.,0.5);
#2147 = AXIS2_PLACEMENT_3D('',#2148,#2149,#2150);
#2148 = CARTESIAN_POINT('',(22.865,-64.43,10.65));
#2149 = DIRECTION('',(0.,0.,1.));
#2150 = DIRECTION('',(0.,-1.,0.));
#2151 = DEFINITIONAL_REPRESENTATION('',(#2152),#2156);
#2152 = LINE('',#2153,#2154);
#2153 = CARTESIAN_POINT('',(0.,0.));
#2154 = VECTOR('',#2155,1.);
#2155 = DIRECTION('',(1.,0.));
#2156 = ( GEOMETRIC_REPRESENTATION_CONTEXT(2) 
PARAMETRIC_REPRESENTATION_CONTEXT() REPRESENTATION_CONTEXT('2D SPACE',''
  ) );
#2157 = ORIENTED_EDGE('',*,*,#2158,.F.);
#2158 = EDGE_CURVE('',#2159,#2130,#2161,.T.);
#2159 = VERTEX_POINT('',#2160);
#2160 = CARTESIAN_POINT('',(22.865,-81.93,10.));
#2161 = SURFACE_CURVE('',#2162,(#2166,#2173),.PCURVE_S1.);
#2162 = LINE('',#2163,#2164);
#2163 = CARTESIAN_POINT('',(22.865,-81.93,0.));
#2164 = VECTOR('',#2165,1.);
#2165 = DIRECTION('',(0.,0.,1.));
#2166 = PCURVE('',#1053,#2167);
#2167 = DEFINITIONAL_REPRESENTATION('',(#2168),#2172);
#2168 = LINE('',#2169,#2170);
#2169 = CARTESIAN_POINT('',(0.,0.));
#2170 = VECTOR('',#2171,1.);
#2171 = DIRECTION('',(0.,1.));
#2172 = ( GEOMETRIC_REPRESENTATION_CONTEXT(2) 
PARAMETRIC_REPRESENTATION_CONTEXT() REPRESENTATION_CONTEXT('2D SPACE',''
  ) );
#2173 = PCURVE('',#1872,#2174);
#2174 = DEFINITIONAL_REPRESENTATION('',(#2175),#2179);
#2175 = LINE('',#2176,#2177);
#2176 = CARTESIAN_POINT('',(63.23,0.));
#2177 = VECTOR('',#2178,1.);
#2178 = DIRECTION('',(0.,-1.));
#2179 = ( GEOMETRIC_REPRESENTATION_CONTEXT(2) 
PARAMETRIC_REPRESENTATION_CONTEXT() REPRESENTATION_CONTEXT('2D SPACE',''
  ) );
#2180 = ORIENTED_EDGE('',*,*,#2181,.T.);
#2181 = EDGE_CURVE('',#2159,#2182,#2184,.T.);
#2182 = VERTEX_POINT('',#2183);
#2183 = CARTESIAN_POINT('',(26.4,-81.56924662871,10.));
#2184 = SURFACE_CURVE('',#2185,(#2190,#2197),.PCURVE_S1.);
#2185 = CIRCLE('',#2186,17.5);
#2186 = AXIS2_PLACEMENT_3D('',#2187,#2188,#2189);
#2187 = CARTESIAN_POINT('',(22.865,-64.43,10.));
#2188 = DIRECTION('',(0.,0.,1.));
#2189 = DIRECTION('',(0.,-1.,0.));
#2190 = PCURVE('',#1053,#2191);
#2191 = DEFINITIONAL_REPRESENTATION('',(#2192),#2196);
#2192 = LINE('',#2193,#2194);
#2193 = CARTESIAN_POINT('',(0.,10.));
#2194 = VECTOR('',#2195,1.);
#2195 = DIRECTION('',(1.,0.));
#2196 = ( GEOMETRIC_REPRESENTATION_CONTEXT(2) 
PARAMETRIC_REPRESENTATION_CONTEXT() REPRESENTATION_CONTEXT('2D SPACE',''
  ) );
#2197 = PCURVE('',#1901,#2198);
#2198 = DEFINITIONAL_REPRESENTATION('',(#2199),#2203);
#2199 = CIRCLE('',#2200,17.5);
#2200 = AXIS2_PLACEMENT_2D('',#2201,#2202);
#2201 = CARTESIAN_POINT('',(22.865,16.5));
#2202 = DIRECTION('',(0.,-1.));
#2203 = ( GEOMETRIC_REPRESENTATION_CONTEXT(2) 
PARAMETRIC_REPRESENTATION_CONTEXT() REPRESENTATION_CONTEXT('2D SPACE',''
  ) );
#2204 = ORIENTED_EDGE('',*,*,#2205,.F.);
#2205 = EDGE_CURVE('',#2206,#2182,#2208,.T.);
#2206 = VERTEX_POINT('',#2207);
#2207 = CARTESIAN_POINT('',(29.,-80.81937994556,7.4));
#2208 = SURFACE_CURVE('',#2209,(#2224,#2242),.PCURVE_S1.);
#2209 = B_SPLINE_CURVE_WITH_KNOTS('',7,(#2210,#2211,#2212,#2213,#2214,
    #2215,#2216,#2217,#2218,#2219,#2220,#2221,#2222,#2223),
  .UNSPECIFIED.,.F.,.F.,(8,6,8),(0.,0.543661647662,1.),.UNSPECIFIED.);
#2210 = CARTESIAN_POINT('',(29.,-80.81937994556,7.4));
#2211 = CARTESIAN_POINT('',(29.,-80.81937994556,7.682178253189));
#2212 = CARTESIAN_POINT('',(28.964271825706,-80.83275392361,
    7.964089691246));
#2213 = CARTESIAN_POINT('',(28.892931335397,-80.85945901876,
    8.242432336907));
#2214 = CARTESIAN_POINT('',(28.785535711849,-80.89909976247,
    8.513709448299));
#2215 = CARTESIAN_POINT('',(28.641278440034,-80.95087349455,
    8.773863640939));
#2216 = CARTESIAN_POINT('',(28.459169425329,-81.01339661795,
    9.017785836841));
#2217 = CARTESIAN_POINT('',(28.053233499569,-81.14436869001,
    9.423721762601));
#2218 = CARTESIAN_POINT('',(27.83765151294,-81.21127039253,
    9.595752517126));
#2219 = CARTESIAN_POINT('',(27.592682834843,-81.28347528834,
    9.746366682005));
#2220 = CARTESIAN_POINT('',(27.321230867555,-81.35827194977,
    9.868137507713));
#2221 = CARTESIAN_POINT('',(27.027805345418,-81.43256993241,
    9.954533881328));
#2222 = CARTESIAN_POINT('',(26.718316754677,-81.50359323378,10.));
#2223 = CARTESIAN_POINT('',(26.4,-81.56924662871,10.));
#2224 = PCURVE('',#1053,#2225);
#2225 = DEFINITIONAL_REPRESENTATION('',(#2226),#2241);
#2226 = B_SPLINE_CURVE_WITH_KNOTS('',7,(#2227,#2228,#2229,#2230,#2231,
    #2232,#2233,#2234,#2235,#2236,#2237,#2238,#2239,#2240),
  .UNSPECIFIED.,.F.,.F.,(8,6,8),(0.,0.543661647662,1.),.UNSPECIFIED.);
#2227 = CARTESIAN_POINT('',(0.358181185231,7.4));
#2228 = CARTESIAN_POINT('',(0.358181185231,7.682178253189));
#2229 = CARTESIAN_POINT('',(0.356001227035,7.964089691246));
#2230 = CARTESIAN_POINT('',(0.351648374324,8.242432336907));
#2231 = CARTESIAN_POINT('',(0.345106837482,8.513709448299));
#2232 = CARTESIAN_POINT('',(0.336349553714,8.773863640939));
#2233 = CARTESIAN_POINT('',(0.325349000956,9.017785836841));
#2234 = CARTESIAN_POINT('',(0.300975200403,9.423721762601));
#2235 = CARTESIAN_POINT('',(0.288077486747,9.595752517126));
#2236 = CARTESIAN_POINT('',(0.273486316841,9.746366682005));
#2237 = CARTESIAN_POINT('',(0.257401850959,9.868137507713));
#2238 = CARTESIAN_POINT('',(0.240112291272,9.954533881328));
#2239 = CARTESIAN_POINT('',(0.221971978046,10.));
#2240 = CARTESIAN_POINT('',(0.203399589097,10.));
#2241 = ( GEOMETRIC_REPRESENTATION_CONTEXT(2) 
PARAMETRIC_REPRESENTATION_CONTEXT() REPRESENTATION_CONTEXT('2D SPACE',''
  ) );
#2242 = PCURVE('',#2243,#2248);
#2243 = CYLINDRICAL_SURFACE('',#2244,2.6);
#2244 = AXIS2_PLACEMENT_3D('',#2245,#2246,#2247);
#2245 = CARTESIAN_POINT('',(26.4,-84.93,7.4));
#2246 = DIRECTION('',(0.,1.,0.));
#2247 = DIRECTION('',(1.,0.,-0.));
#2248 = DEFINITIONAL_REPRESENTATION('',(#2249),#2264);
#2249 = B_SPLINE_CURVE_WITH_KNOTS('',7,(#2250,#2251,#2252,#2253,#2254,
    #2255,#2256,#2257,#2258,#2259,#2260,#2261,#2262,#2263),
  .UNSPECIFIED.,.F.,.F.,(8,6,8),(0.,0.543661647662,1.),.UNSPECIFIED.);
#2250 = CARTESIAN_POINT('',(0.,4.110620054438));
#2251 = CARTESIAN_POINT('',(-0.10853009738,4.110620054438));
#2252 = CARTESIAN_POINT('',(-0.21695733816,4.097246076381));
#2253 = CARTESIAN_POINT('',(-0.326101249615,4.070540981231));
#2254 = CARTESIAN_POINT('',(-0.436682745101,4.030900237527));
#2255 = CARTESIAN_POINT('',(-0.54949226967,3.97912650545));
#2256 = CARTESIAN_POINT('',(-0.665357652427,3.916603382042));
#2257 = CARTESIAN_POINT('',(-0.886157687682,3.785631309984));
#2258 = CARTESIAN_POINT('',(-0.991574383554,3.718729607468));
#2259 = CARTESIAN_POINT('',(-1.100829850674,3.646524711658));
#2260 = CARTESIAN_POINT('',(-1.213479682303,3.57172805023));
#2261 = CARTESIAN_POINT('',(-1.329332703336,3.497430067583));
#2262 = CARTESIAN_POINT('',(-1.448366805765,3.426406766216));
#2263 = CARTESIAN_POINT('',(-1.570796326795,3.360753371283));
#2264 = ( GEOMETRIC_REPRESENTATION_CONTEXT(2) 
PARAMETRIC_REPRESENTATION_CONTEXT() REPRESENTATION_CONTEXT('2D SPACE',''
  ) );
#2265 = ORIENTED_EDGE('',*,*,#2266,.F.);
#2266 = EDGE_CURVE('',#2267,#2206,#2269,.T.);
#2267 = VERTEX_POINT('',#2268);
#2268 = CARTESIAN_POINT('',(29.,-80.81937994556,5.1));
#2269 = SURFACE_CURVE('',#2270,(#2274,#2280),.PCURVE_S1.);
#2270 = LINE('',#2271,#2272);
#2271 = CARTESIAN_POINT('',(29.,-80.81937994556,0.));
#2272 = VECTOR('',#2273,1.);
#2273 = DIRECTION('',(0.,0.,1.));
#2274 = PCURVE('',#1053,#2275);
#2275 = DEFINITIONAL_REPRESENTATION('',(#2276),#2279);
#2276 = B_SPLINE_CURVE_WITH_KNOTS('',1,(#2277,#2278),.UNSPECIFIED.,.F.,
  .F.,(2,2),(4.87,7.63),.PIECEWISE_BEZIER_KNOTS.);
#2277 = CARTESIAN_POINT('',(0.358181185231,4.87));
#2278 = CARTESIAN_POINT('',(0.358181185231,7.63));
#2279 = ( GEOMETRIC_REPRESENTATION_CONTEXT(2) 
PARAMETRIC_REPRESENTATION_CONTEXT() REPRESENTATION_CONTEXT('2D SPACE',''
  ) );
#2280 = PCURVE('',#2281,#2286);
#2281 = PLANE('',#2282);
#2282 = AXIS2_PLACEMENT_3D('',#2283,#2284,#2285);
#2283 = CARTESIAN_POINT('',(29.,-84.93,2.5));
#2284 = DIRECTION('',(-1.,0.,0.));
#2285 = DIRECTION('',(0.,1.,0.));
#2286 = DEFINITIONAL_REPRESENTATION('',(#2287),#2290);
#2287 = B_SPLINE_CURVE_WITH_KNOTS('',1,(#2288,#2289),.UNSPECIFIED.,.F.,
  .F.,(2,2),(4.87,7.63),.PIECEWISE_BEZIER_KNOTS.);
#2288 = CARTESIAN_POINT('',(4.110620054438,-2.37));
#2289 = CARTESIAN_POINT('',(4.110620054438,-5.13));
#2290 = ( GEOMETRIC_REPRESENTATION_CONTEXT(2) 
PARAMETRIC_REPRESENTATION_CONTEXT() REPRESENTATION_CONTEXT('2D SPACE',''
  ) );
#2291 = ORIENTED_EDGE('',*,*,#2292,.T.);
#2292 = EDGE_CURVE('',#2267,#2293,#2295,.T.);
#2293 = VERTEX_POINT('',#2294);
#2294 = CARTESIAN_POINT('',(26.4,-81.56924662871,2.5));
#2295 = SURFACE_CURVE('',#2296,(#2311,#2329),.PCURVE_S1.);
#2296 = B_SPLINE_CURVE_WITH_KNOTS('',7,(#2297,#2298,#2299,#2300,#2301,
    #2302,#2303,#2304,#2305,#2306,#2307,#2308,#2309,#2310),
  .UNSPECIFIED.,.F.,.F.,(8,6,8),(0.,0.543661647677,1.),.UNSPECIFIED.);
#2297 = CARTESIAN_POINT('',(29.,-80.81937994556,5.1));
#2298 = CARTESIAN_POINT('',(29.,-80.81937994556,4.817821746811));
#2299 = CARTESIAN_POINT('',(28.964271825706,-80.83275392361,
    4.535910308753));
#2300 = CARTESIAN_POINT('',(28.892931335397,-80.85945901876,
    4.257567663093));
#2301 = CARTESIAN_POINT('',(28.785535711848,-80.89909976247,
    3.986290551701));
#2302 = CARTESIAN_POINT('',(28.641278440034,-80.95087349455,
    3.726136359061));
#2303 = CARTESIAN_POINT('',(28.459169425329,-81.01339661795,
    3.482214163159));
#2304 = CARTESIAN_POINT('',(28.05323349958,-81.14436869001,3.07627823741
    ));
#2305 = CARTESIAN_POINT('',(27.837651512929,-81.21127039253,
    2.904247482858));
#2306 = CARTESIAN_POINT('',(27.592682834828,-81.28347528834,
    2.753633317994));
#2307 = CARTESIAN_POINT('',(27.321230867567,-81.35827194976,
    2.631862492298));
#2308 = CARTESIAN_POINT('',(27.027805345434,-81.43256993241,
    2.545466118667));
#2309 = CARTESIAN_POINT('',(26.71831675466,-81.50359323378,2.5));
#2310 = CARTESIAN_POINT('',(26.4,-81.56924662871,2.5));
#2311 = PCURVE('',#1053,#2312);
#2312 = DEFINITIONAL_REPRESENTATION('',(#2313),#2328);
#2313 = B_SPLINE_CURVE_WITH_KNOTS('',7,(#2314,#2315,#2316,#2317,#2318,
    #2319,#2320,#2321,#2322,#2323,#2324,#2325,#2326,#2327),
  .UNSPECIFIED.,.F.,.F.,(8,6,8),(0.,0.543661647677,1.),.UNSPECIFIED.);
#2314 = CARTESIAN_POINT('',(0.358181185231,5.1));
#2315 = CARTESIAN_POINT('',(0.358181185231,4.817821746811));
#2316 = CARTESIAN_POINT('',(0.356001227035,4.535910308753));
#2317 = CARTESIAN_POINT('',(0.351648374324,4.257567663093));
#2318 = CARTESIAN_POINT('',(0.345106837482,3.986290551701));
#2319 = CARTESIAN_POINT('',(0.336349553714,3.726136359061));
#2320 = CARTESIAN_POINT('',(0.325349000956,3.482214163159));
#2321 = CARTESIAN_POINT('',(0.300975200403,3.07627823741));
#2322 = CARTESIAN_POINT('',(0.288077486746,2.904247482858));
#2323 = CARTESIAN_POINT('',(0.27348631684,2.753633317994));
#2324 = CARTESIAN_POINT('',(0.25740185096,2.631862492298));
#2325 = CARTESIAN_POINT('',(0.240112291273,2.545466118667));
#2326 = CARTESIAN_POINT('',(0.221971978045,2.5));
#2327 = CARTESIAN_POINT('',(0.203399589097,2.5));
#2328 = ( GEOMETRIC_REPRESENTATION_CONTEXT(2) 
PARAMETRIC_REPRESENTATION_CONTEXT() REPRESENTATION_CONTEXT('2D SPACE',''
  ) );
#2329 = PCURVE('',#2330,#2335);
#2330 = CYLINDRICAL_SURFACE('',#2331,2.6);
#2331 = AXIS2_PLACEMENT_3D('',#2332,#2333,#2334);
#2332 = CARTESIAN_POINT('',(26.4,-84.93,5.1));
#2333 = DIRECTION('',(0.,1.,0.));
#2334 = DIRECTION('',(1.,0.,-0.));
#2335 = DEFINITIONAL_REPRESENTATION('',(#2336),#2351);
#2336 = B_SPLINE_CURVE_WITH_KNOTS('',7,(#2337,#2338,#2339,#2340,#2341,
    #2342,#2343,#2344,#2345,#2346,#2347,#2348,#2349,#2350),
  .UNSPECIFIED.,.F.,.F.,(8,6,8),(0.,0.543661647677,1.),.UNSPECIFIED.);
#2337 = CARTESIAN_POINT('',(0.,4.110620054438));
#2338 = CARTESIAN_POINT('',(0.10853009738,4.110620054438));
#2339 = CARTESIAN_POINT('',(0.216957338161,4.097246076381));
#2340 = CARTESIAN_POINT('',(0.326101249615,4.070540981231));
#2341 = CARTESIAN_POINT('',(0.436682745102,4.030900237527));
#2342 = CARTESIAN_POINT('',(0.54949226967,3.97912650545));
#2343 = CARTESIAN_POINT('',(0.665357652427,3.916603382042));
#2344 = CARTESIAN_POINT('',(0.886157687676,3.785631309988));
#2345 = CARTESIAN_POINT('',(0.991574383561,3.718729607464));
#2346 = CARTESIAN_POINT('',(1.100829850677,3.646524711654));
#2347 = CARTESIAN_POINT('',(1.213479682299,3.571728050235));
#2348 = CARTESIAN_POINT('',(1.32933270333,3.497430067585));
#2349 = CARTESIAN_POINT('',(1.448366805772,3.426406766213));
#2350 = CARTESIAN_POINT('',(1.570796326795,3.360753371283));
#2351 = ( GEOMETRIC_REPRESENTATION_CONTEXT(2) 
PARAMETRIC_REPRESENTATION_CONTEXT() REPRESENTATION_CONTEXT('2D SPACE',''
  ) );
#2352 = ORIENTED_EDGE('',*,*,#2353,.F.);
#2353 = EDGE_CURVE('',#1753,#2293,#2354,.T.);
#2354 = SURFACE_CURVE('',#2355,(#2360,#2367),.PCURVE_S1.);
#2355 = CIRCLE('',#2356,17.5);
#2356 = AXIS2_PLACEMENT_3D('',#2357,#2358,#2359);
#2357 = CARTESIAN_POINT('',(22.865,-64.43,2.5));
#2358 = DIRECTION('',(0.,0.,1.));
#2359 = DIRECTION('',(0.,-1.,0.));
#2360 = PCURVE('',#1053,#2361);
#2361 = DEFINITIONAL_REPRESENTATION('',(#2362),#2366);
#2362 = LINE('',#2363,#2364);
#2363 = CARTESIAN_POINT('',(0.,2.5));
#2364 = VECTOR('',#2365,1.);
#2365 = DIRECTION('',(1.,0.));
#2366 = ( GEOMETRIC_REPRESENTATION_CONTEXT(2) 
PARAMETRIC_REPRESENTATION_CONTEXT() REPRESENTATION_CONTEXT('2D SPACE',''
  ) );
#2367 = PCURVE('',#1767,#2368);
#2368 = DEFINITIONAL_REPRESENTATION('',(#2369),#2373);
#2369 = CIRCLE('',#2370,17.5);
#2370 = AXIS2_PLACEMENT_2D('',#2371,#2372);
#2371 = CARTESIAN_POINT('',(22.865,16.5));
#2372 = DIRECTION('',(0.,-1.));
#2373 = ( GEOMETRIC_REPRESENTATION_CONTEXT(2) 
PARAMETRIC_REPRESENTATION_CONTEXT() REPRESENTATION_CONTEXT('2D SPACE',''
  ) );
#2374 = ADVANCED_FACE('',(#2375,#2428,#2658),#1127,.F.);
#2375 = FACE_BOUND('',#2376,.F.);
#2376 = EDGE_LOOP('',(#2377,#2400,#2426,#2427));
#2377 = ORIENTED_EDGE('',*,*,#2378,.T.);
#2378 = EDGE_CURVE('',#1090,#2379,#2381,.T.);
#2379 = VERTEX_POINT('',#2380);
#2380 = CARTESIAN_POINT('',(-40.365,64.43,10.65));
#2381 = SURFACE_CURVE('',#2382,(#2386,#2393),.PCURVE_S1.);
#2382 = LINE('',#2383,#2384);
#2383 = CARTESIAN_POINT('',(-40.365,64.43,0.));
#2384 = VECTOR('',#2385,1.);
#2385 = DIRECTION('',(0.,0.,1.));
#2386 = PCURVE('',#1127,#2387);
#2387 = DEFINITIONAL_REPRESENTATION('',(#2388),#2392);
#2388 = LINE('',#2389,#2390);
#2389 = CARTESIAN_POINT('',(17.5,0.));
#2390 = VECTOR('',#2391,1.);
#2391 = DIRECTION('',(0.,-1.));
#2392 = ( GEOMETRIC_REPRESENTATION_CONTEXT(2) 
PARAMETRIC_REPRESENTATION_CONTEXT() REPRESENTATION_CONTEXT('2D SPACE',''
  ) );
#2393 = PCURVE('',#1232,#2394);
#2394 = DEFINITIONAL_REPRESENTATION('',(#2395),#2399);
#2395 = LINE('',#2396,#2397);
#2396 = CARTESIAN_POINT('',(1.570796326795,0.));
#2397 = VECTOR('',#2398,1.);
#2398 = DIRECTION('',(0.,1.));
#2399 = ( GEOMETRIC_REPRESENTATION_CONTEXT(2) 
PARAMETRIC_REPRESENTATION_CONTEXT() REPRESENTATION_CONTEXT('2D SPACE',''
  ) );
#2400 = ORIENTED_EDGE('',*,*,#2401,.T.);
#2401 = EDGE_CURVE('',#2379,#1805,#2402,.T.);
#2402 = SURFACE_CURVE('',#2403,(#2407,#2414),.PCURVE_S1.);
#2403 = LINE('',#2404,#2405);
#2404 = CARTESIAN_POINT('',(-40.365,64.43,10.65));
#2405 = VECTOR('',#2406,1.);
#2406 = DIRECTION('',(0.,-1.,0.));
#2407 = PCURVE('',#1127,#2408);
#2408 = DEFINITIONAL_REPRESENTATION('',(#2409),#2413);
#2409 = LINE('',#2410,#2411);
#2410 = CARTESIAN_POINT('',(17.5,-10.65));
#2411 = VECTOR('',#2412,1.);
#2412 = DIRECTION('',(1.,0.));
#2413 = ( GEOMETRIC_REPRESENTATION_CONTEXT(2) 
PARAMETRIC_REPRESENTATION_CONTEXT() REPRESENTATION_CONTEXT('2D SPACE',''
  ) );
#2414 = PCURVE('',#2415,#2420);
#2415 = CYLINDRICAL_SURFACE('',#2416,0.5);
#2416 = AXIS2_PLACEMENT_3D('',#2417,#2418,#2419);
#2417 = CARTESIAN_POINT('',(-39.865,64.43,10.65));
#2418 = DIRECTION('',(0.,-1.,0.));
#2419 = DIRECTION('',(-1.,-0.,0.));
#2420 = DEFINITIONAL_REPRESENTATION('',(#2421),#2425);
#2421 = LINE('',#2422,#2423);
#2422 = CARTESIAN_POINT('',(-0.,0.));
#2423 = VECTOR('',#2424,1.);
#2424 = DIRECTION('',(-0.,1.));
#2425 = ( GEOMETRIC_REPRESENTATION_CONTEXT(2) 
PARAMETRIC_REPRESENTATION_CONTEXT() REPRESENTATION_CONTEXT('2D SPACE',''
  ) );
#2426 = ORIENTED_EDGE('',*,*,#1804,.F.);
#2427 = ORIENTED_EDGE('',*,*,#1113,.F.);
#2428 = FACE_BOUND('',#2429,.F.);
#2429 = EDGE_LOOP('',(#2430,#2461,#2487,#2516,#2542,#2575,#2601,#2634));
#2430 = ORIENTED_EDGE('',*,*,#2431,.F.);
#2431 = EDGE_CURVE('',#2432,#2434,#2436,.T.);
#2432 = VERTEX_POINT('',#2433);
#2433 = CARTESIAN_POINT('',(-40.365,38.73,5.1));
#2434 = VERTEX_POINT('',#2435);
#2435 = CARTESIAN_POINT('',(-40.365,41.33,2.5));
#2436 = SURFACE_CURVE('',#2437,(#2442,#2449),.PCURVE_S1.);
#2437 = CIRCLE('',#2438,2.6);
#2438 = AXIS2_PLACEMENT_3D('',#2439,#2440,#2441);
#2439 = CARTESIAN_POINT('',(-40.365,41.33,5.1));
#2440 = DIRECTION('',(1.,0.,0.));
#2441 = DIRECTION('',(0.,-1.,-0.));
#2442 = PCURVE('',#1127,#2443);
#2443 = DEFINITIONAL_REPRESENTATION('',(#2444),#2448);
#2444 = CIRCLE('',#2445,2.6);
#2445 = AXIS2_PLACEMENT_2D('',#2446,#2447);
#2446 = CARTESIAN_POINT('',(40.6,-5.1));
#2447 = DIRECTION('',(1.,0.));
#2448 = ( GEOMETRIC_REPRESENTATION_CONTEXT(2) 
PARAMETRIC_REPRESENTATION_CONTEXT() REPRESENTATION_CONTEXT('2D SPACE',''
  ) );
#2449 = PCURVE('',#2450,#2455);
#2450 = CYLINDRICAL_SURFACE('',#2451,2.6);
#2451 = AXIS2_PLACEMENT_3D('',#2452,#2453,#2454);
#2452 = CARTESIAN_POINT('',(-43.365,41.33,5.1));
#2453 = DIRECTION('',(1.,0.,0.));
#2454 = DIRECTION('',(0.,-1.,-0.));
#2455 = DEFINITIONAL_REPRESENTATION('',(#2456),#2460);
#2456 = LINE('',#2457,#2458);
#2457 = CARTESIAN_POINT('',(0.,3.));
#2458 = VECTOR('',#2459,1.);
#2459 = DIRECTION('',(1.,0.));
#2460 = ( GEOMETRIC_REPRESENTATION_CONTEXT(2) 
PARAMETRIC_REPRESENTATION_CONTEXT() REPRESENTATION_CONTEXT('2D SPACE',''
  ) );
#2461 = ORIENTED_EDGE('',*,*,#2462,.T.);
#2462 = EDGE_CURVE('',#2432,#2463,#2465,.T.);
#2463 = VERTEX_POINT('',#2464);
#2464 = CARTESIAN_POINT('',(-40.365,38.73,7.4));
#2465 = SURFACE_CURVE('',#2466,(#2470,#2476),.PCURVE_S1.);
#2466 = LINE('',#2467,#2468);
#2467 = CARTESIAN_POINT('',(-40.365,38.73,1.25));
#2468 = VECTOR('',#2469,1.);
#2469 = DIRECTION('',(0.,-0.,1.));
#2470 = PCURVE('',#1127,#2471);
#2471 = DEFINITIONAL_REPRESENTATION('',(#2472),#2475);
#2472 = B_SPLINE_CURVE_WITH_KNOTS('',1,(#2473,#2474),.UNSPECIFIED.,.F.,
  .F.,(2,2),(3.85,6.15),.PIECEWISE_BEZIER_KNOTS.);
#2473 = CARTESIAN_POINT('',(43.2,-5.1));
#2474 = CARTESIAN_POINT('',(43.2,-7.4));
#2475 = ( GEOMETRIC_REPRESENTATION_CONTEXT(2) 
PARAMETRIC_REPRESENTATION_CONTEXT() REPRESENTATION_CONTEXT('2D SPACE',''
  ) );
#2476 = PCURVE('',#2477,#2482);
#2477 = PLANE('',#2478);
#2478 = AXIS2_PLACEMENT_3D('',#2479,#2480,#2481);
#2479 = CARTESIAN_POINT('',(-43.365,38.73,2.5));
#2480 = DIRECTION('',(0.,1.,0.));
#2481 = DIRECTION('',(1.,0.,0.));
#2482 = DEFINITIONAL_REPRESENTATION('',(#2483),#2486);
#2483 = B_SPLINE_CURVE_WITH_KNOTS('',1,(#2484,#2485),.UNSPECIFIED.,.F.,
  .F.,(2,2),(3.85,6.15),.PIECEWISE_BEZIER_KNOTS.);
#2484 = CARTESIAN_POINT('',(3.,-2.6));
#2485 = CARTESIAN_POINT('',(3.,-4.9));
#2486 = ( GEOMETRIC_REPRESENTATION_CONTEXT(2) 
PARAMETRIC_REPRESENTATION_CONTEXT() REPRESENTATION_CONTEXT('2D SPACE',''
  ) );
#2487 = ORIENTED_EDGE('',*,*,#2488,.F.);
#2488 = EDGE_CURVE('',#2489,#2463,#2491,.T.);
#2489 = VERTEX_POINT('',#2490);
#2490 = CARTESIAN_POINT('',(-40.365,41.33,10.));
#2491 = SURFACE_CURVE('',#2492,(#2497,#2504),.PCURVE_S1.);
#2492 = CIRCLE('',#2493,2.6);
#2493 = AXIS2_PLACEMENT_3D('',#2494,#2495,#2496);
#2494 = CARTESIAN_POINT('',(-40.365,41.33,7.4));
#2495 = DIRECTION('',(1.,0.,0.));
#2496 = DIRECTION('',(0.,-1.,-0.));
#2497 = PCURVE('',#1127,#2498);
#2498 = DEFINITIONAL_REPRESENTATION('',(#2499),#2503);
#2499 = CIRCLE('',#2500,2.6);
#2500 = AXIS2_PLACEMENT_2D('',#2501,#2502);
#2501 = CARTESIAN_POINT('',(40.6,-7.4));
#2502 = DIRECTION('',(1.,0.));
#2503 = ( GEOMETRIC_REPRESENTATION_CONTEXT(2) 
PARAMETRIC_REPRESENTATION_CONTEXT() REPRESENTATION_CONTEXT('2D SPACE',''
  ) );
#2504 = PCURVE('',#2505,#2510);
#2505 = CYLINDRICAL_SURFACE('',#2506,2.6);
#2506 = AXIS2_PLACEMENT_3D('',#2507,#2508,#2509);
#2507 = CARTESIAN_POINT('',(-43.365,41.33,7.4));
#2508 = DIRECTION('',(1.,0.,0.));
#2509 = DIRECTION('',(0.,-1.,-0.));
#2510 = DEFINITIONAL_REPRESENTATION('',(#2511),#2515);
#2511 = LINE('',#2512,#2513);
#2512 = CARTESIAN_POINT('',(-6.28318530718,3.));
#2513 = VECTOR('',#2514,1.);
#2514 = DIRECTION('',(1.,-0.));
#2515 = ( GEOMETRIC_REPRESENTATION_CONTEXT(2) 
PARAMETRIC_REPRESENTATION_CONTEXT() REPRESENTATION_CONTEXT('2D SPACE',''
  ) );
#2516 = ORIENTED_EDGE('',*,*,#2517,.F.);
#2517 = EDGE_CURVE('',#2518,#2489,#2520,.T.);
#2518 = VERTEX_POINT('',#2519);
#2519 = CARTESIAN_POINT('',(-40.365,51.13,10.));
#2520 = SURFACE_CURVE('',#2521,(#2525,#2531),.PCURVE_S1.);
#2521 = LINE('',#2522,#2523);
#2522 = CARTESIAN_POINT('',(-40.365,64.08,10.));
#2523 = VECTOR('',#2524,1.);
#2524 = DIRECTION('',(0.,-1.,0.));
#2525 = PCURVE('',#1127,#2526);
#2526 = DEFINITIONAL_REPRESENTATION('',(#2527),#2530);
#2527 = B_SPLINE_CURVE_WITH_KNOTS('',1,(#2528,#2529),.UNSPECIFIED.,.F.,
  .F.,(2,2),(12.95,22.75),.PIECEWISE_BEZIER_KNOTS.);
#2528 = CARTESIAN_POINT('',(30.8,-10.));
#2529 = CARTESIAN_POINT('',(40.6,-10.));
#2530 = ( GEOMETRIC_REPRESENTATION_CONTEXT(2) 
PARAMETRIC_REPRESENTATION_CONTEXT() REPRESENTATION_CONTEXT('2D SPACE',''
  ) );
#2531 = PCURVE('',#2532,#2537);
#2532 = PLANE('',#2533);
#2533 = AXIS2_PLACEMENT_3D('',#2534,#2535,#2536);
#2534 = CARTESIAN_POINT('',(-39.365,46.23,10.));
#2535 = DIRECTION('',(0.,0.,1.));
#2536 = DIRECTION('',(1.,0.,-0.));
#2537 = DEFINITIONAL_REPRESENTATION('',(#2538),#2541);
#2538 = B_SPLINE_CURVE_WITH_KNOTS('',1,(#2539,#2540),.UNSPECIFIED.,.F.,
  .F.,(2,2),(12.95,22.75),.PIECEWISE_BEZIER_KNOTS.);
#2539 = CARTESIAN_POINT('',(-1.,4.9));
#2540 = CARTESIAN_POINT('',(-1.,-4.9));
#2541 = ( GEOMETRIC_REPRESENTATION_CONTEXT(2) 
PARAMETRIC_REPRESENTATION_CONTEXT() REPRESENTATION_CONTEXT('2D SPACE',''
  ) );
#2542 = ORIENTED_EDGE('',*,*,#2543,.T.);
#2543 = EDGE_CURVE('',#2518,#2544,#2546,.T.);
#2544 = VERTEX_POINT('',#2545);
#2545 = CARTESIAN_POINT('',(-40.365,53.73,7.4));
#2546 = SURFACE_CURVE('',#2547,(#2552,#2563),.PCURVE_S1.);
#2547 = CIRCLE('',#2548,2.6);
#2548 = AXIS2_PLACEMENT_3D('',#2549,#2550,#2551);
#2549 = CARTESIAN_POINT('',(-40.365,51.13,7.4));
#2550 = DIRECTION('',(-1.,0.,0.));
#2551 = DIRECTION('',(0.,1.,-0.));
#2552 = PCURVE('',#1127,#2553);
#2553 = DEFINITIONAL_REPRESENTATION('',(#2554),#2562);
#2554 = ( BOUNDED_CURVE() B_SPLINE_CURVE(2,(#2555,#2556,#2557,#2558,
#2559,#2560,#2561),.UNSPECIFIED.,.T.,.F.) B_SPLINE_CURVE_WITH_KNOTS((1,2
    ,2,2,2,1),(-2.094395102393,0.,2.094395102393,4.188790204786,
6.28318530718,8.377580409573),.UNSPECIFIED.) CURVE() 
GEOMETRIC_REPRESENTATION_ITEM() RATIONAL_B_SPLINE_CURVE((1.,0.5,1.,0.5,
1.,0.5,1.)) REPRESENTATION_ITEM('') );
#2555 = CARTESIAN_POINT('',(28.2,-7.4));
#2556 = CARTESIAN_POINT('',(28.2,-2.896667900321));
#2557 = CARTESIAN_POINT('',(32.1,-5.14833395016));
#2558 = CARTESIAN_POINT('',(36.,-7.4));
#2559 = CARTESIAN_POINT('',(32.1,-9.65166604984));
#2560 = CARTESIAN_POINT('',(28.2,-11.90333209967));
#2561 = CARTESIAN_POINT('',(28.2,-7.4));
#2562 = ( GEOMETRIC_REPRESENTATION_CONTEXT(2) 
PARAMETRIC_REPRESENTATION_CONTEXT() REPRESENTATION_CONTEXT('2D SPACE',''
  ) );
#2563 = PCURVE('',#2564,#2569);
#2564 = CYLINDRICAL_SURFACE('',#2565,2.6);
#2565 = AXIS2_PLACEMENT_3D('',#2566,#2567,#2568);
#2566 = CARTESIAN_POINT('',(-35.365,51.13,7.4));
#2567 = DIRECTION('',(-1.,0.,0.));
#2568 = DIRECTION('',(0.,1.,-0.));
#2569 = DEFINITIONAL_REPRESENTATION('',(#2570),#2574);
#2570 = LINE('',#2571,#2572);
#2571 = CARTESIAN_POINT('',(-6.28318530718,5.));
#2572 = VECTOR('',#2573,1.);
#2573 = DIRECTION('',(1.,-0.));
#2574 = ( GEOMETRIC_REPRESENTATION_CONTEXT(2) 
PARAMETRIC_REPRESENTATION_CONTEXT() REPRESENTATION_CONTEXT('2D SPACE',''
  ) );
#2575 = ORIENTED_EDGE('',*,*,#2576,.T.);
#2576 = EDGE_CURVE('',#2544,#2577,#2579,.T.);
#2577 = VERTEX_POINT('',#2578);
#2578 = CARTESIAN_POINT('',(-40.365,53.73,5.1));
#2579 = SURFACE_CURVE('',#2580,(#2584,#2590),.PCURVE_S1.);
#2580 = LINE('',#2581,#2582);
#2581 = CARTESIAN_POINT('',(-40.365,53.73,1.25));
#2582 = VECTOR('',#2583,1.);
#2583 = DIRECTION('',(0.,-0.,-1.));
#2584 = PCURVE('',#1127,#2585);
#2585 = DEFINITIONAL_REPRESENTATION('',(#2586),#2589);
#2586 = B_SPLINE_CURVE_WITH_KNOTS('',1,(#2587,#2588),.UNSPECIFIED.,.F.,
  .F.,(2,2),(-6.15,-3.85),.PIECEWISE_BEZIER_KNOTS.);
#2587 = CARTESIAN_POINT('',(28.2,-7.4));
#2588 = CARTESIAN_POINT('',(28.2,-5.1));
#2589 = ( GEOMETRIC_REPRESENTATION_CONTEXT(2) 
PARAMETRIC_REPRESENTATION_CONTEXT() REPRESENTATION_CONTEXT('2D SPACE',''
  ) );
#2590 = PCURVE('',#2591,#2596);
#2591 = PLANE('',#2592);
#2592 = AXIS2_PLACEMENT_3D('',#2593,#2594,#2595);
#2593 = CARTESIAN_POINT('',(-35.365,53.73,2.5));
#2594 = DIRECTION('',(0.,-1.,0.));
#2595 = DIRECTION('',(-1.,0.,0.));
#2596 = DEFINITIONAL_REPRESENTATION('',(#2597),#2600);
#2597 = B_SPLINE_CURVE_WITH_KNOTS('',1,(#2598,#2599),.UNSPECIFIED.,.F.,
  .F.,(2,2),(-6.15,-3.85),.PIECEWISE_BEZIER_KNOTS.);
#2598 = CARTESIAN_POINT('',(5.,-4.9));
#2599 = CARTESIAN_POINT('',(5.,-2.6));
#2600 = ( GEOMETRIC_REPRESENTATION_CONTEXT(2) 
PARAMETRIC_REPRESENTATION_CONTEXT() REPRESENTATION_CONTEXT('2D SPACE',''
  ) );
#2601 = ORIENTED_EDGE('',*,*,#2602,.T.);
#2602 = EDGE_CURVE('',#2577,#2603,#2605,.T.);
#2603 = VERTEX_POINT('',#2604);
#2604 = CARTESIAN_POINT('',(-40.365,51.13,2.5));
#2605 = SURFACE_CURVE('',#2606,(#2611,#2622),.PCURVE_S1.);
#2606 = CIRCLE('',#2607,2.6);
#2607 = AXIS2_PLACEMENT_3D('',#2608,#2609,#2610);
#2608 = CARTESIAN_POINT('',(-40.365,51.13,5.1));
#2609 = DIRECTION('',(-1.,0.,0.));
#2610 = DIRECTION('',(0.,1.,-0.));
#2611 = PCURVE('',#1127,#2612);
#2612 = DEFINITIONAL_REPRESENTATION('',(#2613),#2621);
#2613 = ( BOUNDED_CURVE() B_SPLINE_CURVE(2,(#2614,#2615,#2616,#2617,
#2618,#2619,#2620),.UNSPECIFIED.,.T.,.F.) B_SPLINE_CURVE_WITH_KNOTS((1,2
    ,2,2,2,1),(-2.094395102393,0.,2.094395102393,4.188790204786,
6.28318530718,8.377580409573),.UNSPECIFIED.) CURVE() 
GEOMETRIC_REPRESENTATION_ITEM() RATIONAL_B_SPLINE_CURVE((1.,0.5,1.,0.5,
1.,0.5,1.)) REPRESENTATION_ITEM('') );
#2614 = CARTESIAN_POINT('',(28.2,-5.1));
#2615 = CARTESIAN_POINT('',(28.2,-0.596667900321));
#2616 = CARTESIAN_POINT('',(32.1,-2.84833395016));
#2617 = CARTESIAN_POINT('',(36.,-5.1));
#2618 = CARTESIAN_POINT('',(32.1,-7.35166604984));
#2619 = CARTESIAN_POINT('',(28.2,-9.603332099679));
#2620 = CARTESIAN_POINT('',(28.2,-5.1));
#2621 = ( GEOMETRIC_REPRESENTATION_CONTEXT(2) 
PARAMETRIC_REPRESENTATION_CONTEXT() REPRESENTATION_CONTEXT('2D SPACE',''
  ) );
#2622 = PCURVE('',#2623,#2628);
#2623 = CYLINDRICAL_SURFACE('',#2624,2.6);
#2624 = AXIS2_PLACEMENT_3D('',#2625,#2626,#2627);
#2625 = CARTESIAN_POINT('',(-35.365,51.13,5.1));
#2626 = DIRECTION('',(-1.,0.,0.));
#2627 = DIRECTION('',(0.,1.,-0.));
#2628 = DEFINITIONAL_REPRESENTATION('',(#2629),#2633);
#2629 = LINE('',#2630,#2631);
#2630 = CARTESIAN_POINT('',(0.,5.));
#2631 = VECTOR('',#2632,1.);
#2632 = DIRECTION('',(1.,0.));
#2633 = ( GEOMETRIC_REPRESENTATION_CONTEXT(2) 
PARAMETRIC_REPRESENTATION_CONTEXT() REPRESENTATION_CONTEXT('2D SPACE',''
  ) );
#2634 = ORIENTED_EDGE('',*,*,#2635,.T.);
#2635 = EDGE_CURVE('',#2603,#2434,#2636,.T.);
#2636 = SURFACE_CURVE('',#2637,(#2641,#2647),.PCURVE_S1.);
#2637 = LINE('',#2638,#2639);
#2638 = CARTESIAN_POINT('',(-40.365,64.08,2.5));
#2639 = VECTOR('',#2640,1.);
#2640 = DIRECTION('',(0.,-1.,0.));
#2641 = PCURVE('',#1127,#2642);
#2642 = DEFINITIONAL_REPRESENTATION('',(#2643),#2646);
#2643 = B_SPLINE_CURVE_WITH_KNOTS('',1,(#2644,#2645),.UNSPECIFIED.,.F.,
  .F.,(2,2),(12.95,22.75),.PIECEWISE_BEZIER_KNOTS.);
#2644 = CARTESIAN_POINT('',(30.8,-2.5));
#2645 = CARTESIAN_POINT('',(40.6,-2.5));
#2646 = ( GEOMETRIC_REPRESENTATION_CONTEXT(2) 
PARAMETRIC_REPRESENTATION_CONTEXT() REPRESENTATION_CONTEXT('2D SPACE',''
  ) );
#2647 = PCURVE('',#2648,#2653);
#2648 = PLANE('',#2649);
#2649 = AXIS2_PLACEMENT_3D('',#2650,#2651,#2652);
#2650 = CARTESIAN_POINT('',(-39.365,46.23,2.5));
#2651 = DIRECTION('',(0.,0.,1.));
#2652 = DIRECTION('',(1.,0.,-0.));
#2653 = DEFINITIONAL_REPRESENTATION('',(#2654),#2657);
#2654 = B_SPLINE_CURVE_WITH_KNOTS('',1,(#2655,#2656),.UNSPECIFIED.,.F.,
  .F.,(2,2),(12.95,22.75),.PIECEWISE_BEZIER_KNOTS.);
#2655 = CARTESIAN_POINT('',(-1.,4.9));
#2656 = CARTESIAN_POINT('',(-1.,-4.9));
#2657 = ( GEOMETRIC_REPRESENTATION_CONTEXT(2) 
PARAMETRIC_REPRESENTATION_CONTEXT() REPRESENTATION_CONTEXT('2D SPACE',''
  ) );
#2658 = FACE_BOUND('',#2659,.F.);
#2659 = EDGE_LOOP('',(#2660,#2691,#2717,#2746,#2772,#2805,#2831,#2864));
#2660 = ORIENTED_EDGE('',*,*,#2661,.F.);
#2661 = EDGE_CURVE('',#2662,#2664,#2666,.T.);
#2662 = VERTEX_POINT('',#2663);
#2663 = CARTESIAN_POINT('',(-40.365,7.23,5.1));
#2664 = VERTEX_POINT('',#2665);
#2665 = CARTESIAN_POINT('',(-40.365,9.83,2.5));
#2666 = SURFACE_CURVE('',#2667,(#2672,#2679),.PCURVE_S1.);
#2667 = CIRCLE('',#2668,2.6);
#2668 = AXIS2_PLACEMENT_3D('',#2669,#2670,#2671);
#2669 = CARTESIAN_POINT('',(-40.365,9.83,5.1));
#2670 = DIRECTION('',(1.,0.,0.));
#2671 = DIRECTION('',(0.,-1.,-0.));
#2672 = PCURVE('',#1127,#2673);
#2673 = DEFINITIONAL_REPRESENTATION('',(#2674),#2678);
#2674 = CIRCLE('',#2675,2.6);
#2675 = AXIS2_PLACEMENT_2D('',#2676,#2677);
#2676 = CARTESIAN_POINT('',(72.1,-5.1));
#2677 = DIRECTION('',(1.,0.));
#2678 = ( GEOMETRIC_REPRESENTATION_CONTEXT(2) 
PARAMETRIC_REPRESENTATION_CONTEXT() REPRESENTATION_CONTEXT('2D SPACE',''
  ) );
#2679 = PCURVE('',#2680,#2685);
#2680 = CYLINDRICAL_SURFACE('',#2681,2.6);
#2681 = AXIS2_PLACEMENT_3D('',#2682,#2683,#2684);
#2682 = CARTESIAN_POINT('',(-43.365,9.83,5.1));
#2683 = DIRECTION('',(1.,0.,0.));
#2684 = DIRECTION('',(0.,-1.,-0.));
#2685 = DEFINITIONAL_REPRESENTATION('',(#2686),#2690);
#2686 = LINE('',#2687,#2688);
#2687 = CARTESIAN_POINT('',(0.,3.));
#2688 = VECTOR('',#2689,1.);
#2689 = DIRECTION('',(1.,0.));
#2690 = ( GEOMETRIC_REPRESENTATION_CONTEXT(2) 
PARAMETRIC_REPRESENTATION_CONTEXT() REPRESENTATION_CONTEXT('2D SPACE',''
  ) );
#2691 = ORIENTED_EDGE('',*,*,#2692,.T.);
#2692 = EDGE_CURVE('',#2662,#2693,#2695,.T.);
#2693 = VERTEX_POINT('',#2694);
#2694 = CARTESIAN_POINT('',(-40.365,7.23,7.4));
#2695 = SURFACE_CURVE('',#2696,(#2700,#2706),.PCURVE_S1.);
#2696 = LINE('',#2697,#2698);
#2697 = CARTESIAN_POINT('',(-40.365,7.23,1.25));
#2698 = VECTOR('',#2699,1.);
#2699 = DIRECTION('',(0.,-0.,1.));
#2700 = PCURVE('',#1127,#2701);
#2701 = DEFINITIONAL_REPRESENTATION('',(#2702),#2705);
#2702 = B_SPLINE_CURVE_WITH_KNOTS('',1,(#2703,#2704),.UNSPECIFIED.,.F.,
  .F.,(2,2),(3.85,6.15),.PIECEWISE_BEZIER_KNOTS.);
#2703 = CARTESIAN_POINT('',(74.7,-5.1));
#2704 = CARTESIAN_POINT('',(74.7,-7.4));
#2705 = ( GEOMETRIC_REPRESENTATION_CONTEXT(2) 
PARAMETRIC_REPRESENTATION_CONTEXT() REPRESENTATION_CONTEXT('2D SPACE',''
  ) );
#2706 = PCURVE('',#2707,#2712);
#2707 = PLANE('',#2708);
#2708 = AXIS2_PLACEMENT_3D('',#2709,#2710,#2711);
#2709 = CARTESIAN_POINT('',(-43.365,7.23,2.5));
#2710 = DIRECTION('',(0.,1.,0.));
#2711 = DIRECTION('',(1.,0.,0.));
#2712 = DEFINITIONAL_REPRESENTATION('',(#2713),#2716);
#2713 = B_SPLINE_CURVE_WITH_KNOTS('',1,(#2714,#2715),.UNSPECIFIED.,.F.,
  .F.,(2,2),(3.85,6.15),.PIECEWISE_BEZIER_KNOTS.);
#2714 = CARTESIAN_POINT('',(3.,-2.6));
#2715 = CARTESIAN_POINT('',(3.,-4.9));
#2716 = ( GEOMETRIC_REPRESENTATION_CONTEXT(2) 
PARAMETRIC_REPRESENTATION_CONTEXT() REPRESENTATION_CONTEXT('2D SPACE',''
  ) );
#2717 = ORIENTED_EDGE('',*,*,#2718,.F.);
#2718 = EDGE_CURVE('',#2719,#2693,#2721,.T.);
#2719 = VERTEX_POINT('',#2720);
#2720 = CARTESIAN_POINT('',(-40.365,9.83,10.));
#2721 = SURFACE_CURVE('',#2722,(#2727,#2734),.PCURVE_S1.);
#2722 = CIRCLE('',#2723,2.6);
#2723 = AXIS2_PLACEMENT_3D('',#2724,#2725,#2726);
#2724 = CARTESIAN_POINT('',(-40.365,9.83,7.4));
#2725 = DIRECTION('',(1.,0.,0.));
#2726 = DIRECTION('',(0.,-1.,-0.));
#2727 = PCURVE('',#1127,#2728);
#2728 = DEFINITIONAL_REPRESENTATION('',(#2729),#2733);
#2729 = CIRCLE('',#2730,2.6);
#2730 = AXIS2_PLACEMENT_2D('',#2731,#2732);
#2731 = CARTESIAN_POINT('',(72.1,-7.4));
#2732 = DIRECTION('',(1.,0.));
#2733 = ( GEOMETRIC_REPRESENTATION_CONTEXT(2) 
PARAMETRIC_REPRESENTATION_CONTEXT() REPRESENTATION_CONTEXT('2D SPACE',''
  ) );
#2734 = PCURVE('',#2735,#2740);
#2735 = CYLINDRICAL_SURFACE('',#2736,2.6);
#2736 = AXIS2_PLACEMENT_3D('',#2737,#2738,#2739);
#2737 = CARTESIAN_POINT('',(-43.365,9.83,7.4));
#2738 = DIRECTION('',(1.,0.,0.));
#2739 = DIRECTION('',(0.,-1.,-0.));
#2740 = DEFINITIONAL_REPRESENTATION('',(#2741),#2745);
#2741 = LINE('',#2742,#2743);
#2742 = CARTESIAN_POINT('',(-6.28318530718,3.));
#2743 = VECTOR('',#2744,1.);
#2744 = DIRECTION('',(1.,-0.));
#2745 = ( GEOMETRIC_REPRESENTATION_CONTEXT(2) 
PARAMETRIC_REPRESENTATION_CONTEXT() REPRESENTATION_CONTEXT('2D SPACE',''
  ) );
#2746 = ORIENTED_EDGE('',*,*,#2747,.F.);
#2747 = EDGE_CURVE('',#2748,#2719,#2750,.T.);
#2748 = VERTEX_POINT('',#2749);
#2749 = CARTESIAN_POINT('',(-40.365,33.13,10.));
#2750 = SURFACE_CURVE('',#2751,(#2755,#2761),.PCURVE_S1.);
#2751 = LINE('',#2752,#2753);
#2752 = CARTESIAN_POINT('',(-40.365,51.705,10.));
#2753 = VECTOR('',#2754,1.);
#2754 = DIRECTION('',(0.,-1.,0.));
#2755 = PCURVE('',#1127,#2756);
#2756 = DEFINITIONAL_REPRESENTATION('',(#2757),#2760);
#2757 = B_SPLINE_CURVE_WITH_KNOTS('',1,(#2758,#2759),.UNSPECIFIED.,.F.,
  .F.,(2,2),(18.575,41.875),.PIECEWISE_BEZIER_KNOTS.);
#2758 = CARTESIAN_POINT('',(48.8,-10.));
#2759 = CARTESIAN_POINT('',(72.1,-10.));
#2760 = ( GEOMETRIC_REPRESENTATION_CONTEXT(2) 
PARAMETRIC_REPRESENTATION_CONTEXT() REPRESENTATION_CONTEXT('2D SPACE',''
  ) );
#2761 = PCURVE('',#2762,#2767);
#2762 = PLANE('',#2763);
#2763 = AXIS2_PLACEMENT_3D('',#2764,#2765,#2766);
#2764 = CARTESIAN_POINT('',(-39.365,21.48,10.));
#2765 = DIRECTION('',(0.,0.,1.));
#2766 = DIRECTION('',(1.,0.,-0.));
#2767 = DEFINITIONAL_REPRESENTATION('',(#2768),#2771);
#2768 = B_SPLINE_CURVE_WITH_KNOTS('',1,(#2769,#2770),.UNSPECIFIED.,.F.,
  .F.,(2,2),(18.575,41.875),.PIECEWISE_BEZIER_KNOTS.);
#2769 = CARTESIAN_POINT('',(-1.,11.65));
#2770 = CARTESIAN_POINT('',(-1.,-11.65));
#2771 = ( GEOMETRIC_REPRESENTATION_CONTEXT(2) 
PARAMETRIC_REPRESENTATION_CONTEXT() REPRESENTATION_CONTEXT('2D SPACE',''
  ) );
#2772 = ORIENTED_EDGE('',*,*,#2773,.T.);
#2773 = EDGE_CURVE('',#2748,#2774,#2776,.T.);
#2774 = VERTEX_POINT('',#2775);
#2775 = CARTESIAN_POINT('',(-40.365,35.73,7.4));
#2776 = SURFACE_CURVE('',#2777,(#2782,#2793),.PCURVE_S1.);
#2777 = CIRCLE('',#2778,2.6);
#2778 = AXIS2_PLACEMENT_3D('',#2779,#2780,#2781);
#2779 = CARTESIAN_POINT('',(-40.365,33.13,7.4));
#2780 = DIRECTION('',(-1.,0.,0.));
#2781 = DIRECTION('',(0.,1.,-0.));
#2782 = PCURVE('',#1127,#2783);
#2783 = DEFINITIONAL_REPRESENTATION('',(#2784),#2792);
#2784 = ( BOUNDED_CURVE() B_SPLINE_CURVE(2,(#2785,#2786,#2787,#2788,
#2789,#2790,#2791),.UNSPECIFIED.,.T.,.F.) B_SPLINE_CURVE_WITH_KNOTS((1,2
    ,2,2,2,1),(-2.094395102393,0.,2.094395102393,4.188790204786,
6.28318530718,8.377580409573),.UNSPECIFIED.) CURVE() 
GEOMETRIC_REPRESENTATION_ITEM() RATIONAL_B_SPLINE_CURVE((1.,0.5,1.,0.5,
1.,0.5,1.)) REPRESENTATION_ITEM('') );
#2785 = CARTESIAN_POINT('',(46.2,-7.4));
#2786 = CARTESIAN_POINT('',(46.2,-2.896667900321));
#2787 = CARTESIAN_POINT('',(50.1,-5.14833395016));
#2788 = CARTESIAN_POINT('',(54.,-7.4));
#2789 = CARTESIAN_POINT('',(50.1,-9.65166604984));
#2790 = CARTESIAN_POINT('',(46.2,-11.90333209967));
#2791 = CARTESIAN_POINT('',(46.2,-7.4));
#2792 = ( GEOMETRIC_REPRESENTATION_CONTEXT(2) 
PARAMETRIC_REPRESENTATION_CONTEXT() REPRESENTATION_CONTEXT('2D SPACE',''
  ) );
#2793 = PCURVE('',#2794,#2799);
#2794 = CYLINDRICAL_SURFACE('',#2795,2.6);
#2795 = AXIS2_PLACEMENT_3D('',#2796,#2797,#2798);
#2796 = CARTESIAN_POINT('',(-35.365,33.13,7.4));
#2797 = DIRECTION('',(-1.,0.,0.));
#2798 = DIRECTION('',(0.,1.,-0.));
#2799 = DEFINITIONAL_REPRESENTATION('',(#2800),#2804);
#2800 = LINE('',#2801,#2802);
#2801 = CARTESIAN_POINT('',(-6.28318530718,5.));
#2802 = VECTOR('',#2803,1.);
#2803 = DIRECTION('',(1.,-0.));
#2804 = ( GEOMETRIC_REPRESENTATION_CONTEXT(2) 
PARAMETRIC_REPRESENTATION_CONTEXT() REPRESENTATION_CONTEXT('2D SPACE',''
  ) );
#2805 = ORIENTED_EDGE('',*,*,#2806,.T.);
#2806 = EDGE_CURVE('',#2774,#2807,#2809,.T.);
#2807 = VERTEX_POINT('',#2808);
#2808 = CARTESIAN_POINT('',(-40.365,35.73,5.1));
#2809 = SURFACE_CURVE('',#2810,(#2814,#2820),.PCURVE_S1.);
#2810 = LINE('',#2811,#2812);
#2811 = CARTESIAN_POINT('',(-40.365,35.73,1.25));
#2812 = VECTOR('',#2813,1.);
#2813 = DIRECTION('',(0.,-0.,-1.));
#2814 = PCURVE('',#1127,#2815);
#2815 = DEFINITIONAL_REPRESENTATION('',(#2816),#2819);
#2816 = B_SPLINE_CURVE_WITH_KNOTS('',1,(#2817,#2818),.UNSPECIFIED.,.F.,
  .F.,(2,2),(-6.15,-3.85),.PIECEWISE_BEZIER_KNOTS.);
#2817 = CARTESIAN_POINT('',(46.2,-7.4));
#2818 = CARTESIAN_POINT('',(46.2,-5.1));
#2819 = ( GEOMETRIC_REPRESENTATION_CONTEXT(2) 
PARAMETRIC_REPRESENTATION_CONTEXT() REPRESENTATION_CONTEXT('2D SPACE',''
  ) );
#2820 = PCURVE('',#2821,#2826);
#2821 = PLANE('',#2822);
#2822 = AXIS2_PLACEMENT_3D('',#2823,#2824,#2825);
#2823 = CARTESIAN_POINT('',(-35.365,35.73,2.5));
#2824 = DIRECTION('',(0.,-1.,0.));
#2825 = DIRECTION('',(-1.,0.,0.));
#2826 = DEFINITIONAL_REPRESENTATION('',(#2827),#2830);
#2827 = B_SPLINE_CURVE_WITH_KNOTS('',1,(#2828,#2829),.UNSPECIFIED.,.F.,
  .F.,(2,2),(-6.15,-3.85),.PIECEWISE_BEZIER_KNOTS.);
#2828 = CARTESIAN_POINT('',(5.,-4.9));
#2829 = CARTESIAN_POINT('',(5.,-2.6));
#2830 = ( GEOMETRIC_REPRESENTATION_CONTEXT(2) 
PARAMETRIC_REPRESENTATION_CONTEXT() REPRESENTATION_CONTEXT('2D SPACE',''
  ) );
#2831 = ORIENTED_EDGE('',*,*,#2832,.T.);
#2832 = EDGE_CURVE('',#2807,#2833,#2835,.T.);
#2833 = VERTEX_POINT('',#2834);
#2834 = CARTESIAN_POINT('',(-40.365,33.13,2.5));
#2835 = SURFACE_CURVE('',#2836,(#2841,#2852),.PCURVE_S1.);
#2836 = CIRCLE('',#2837,2.6);
#2837 = AXIS2_PLACEMENT_3D('',#2838,#2839,#2840);
#2838 = CARTESIAN_POINT('',(-40.365,33.13,5.1));
#2839 = DIRECTION('',(-1.,0.,0.));
#2840 = DIRECTION('',(0.,1.,-0.));
#2841 = PCURVE('',#1127,#2842);
#2842 = DEFINITIONAL_REPRESENTATION('',(#2843),#2851);
#2843 = ( BOUNDED_CURVE() B_SPLINE_CURVE(2,(#2844,#2845,#2846,#2847,
#2848,#2849,#2850),.UNSPECIFIED.,.T.,.F.) B_SPLINE_CURVE_WITH_KNOTS((1,2
    ,2,2,2,1),(-2.094395102393,0.,2.094395102393,4.188790204786,
6.28318530718,8.377580409573),.UNSPECIFIED.) CURVE() 
GEOMETRIC_REPRESENTATION_ITEM() RATIONAL_B_SPLINE_CURVE((1.,0.5,1.,0.5,
1.,0.5,1.)) REPRESENTATION_ITEM('') );
#2844 = CARTESIAN_POINT('',(46.2,-5.1));
#2845 = CARTESIAN_POINT('',(46.2,-0.596667900321));
#2846 = CARTESIAN_POINT('',(50.1,-2.84833395016));
#2847 = CARTESIAN_POINT('',(54.,-5.1));
#2848 = CARTESIAN_POINT('',(50.1,-7.35166604984));
#2849 = CARTESIAN_POINT('',(46.2,-9.603332099679));
#2850 = CARTESIAN_POINT('',(46.2,-5.1));
#2851 = ( GEOMETRIC_REPRESENTATION_CONTEXT(2) 
PARAMETRIC_REPRESENTATION_CONTEXT() REPRESENTATION_CONTEXT('2D SPACE',''
  ) );
#2852 = PCURVE('',#2853,#2858);
#2853 = CYLINDRICAL_SURFACE('',#2854,2.6);
#2854 = AXIS2_PLACEMENT_3D('',#2855,#2856,#2857);
#2855 = CARTESIAN_POINT('',(-35.365,33.13,5.1));
#2856 = DIRECTION('',(-1.,0.,0.));
#2857 = DIRECTION('',(0.,1.,-0.));
#2858 = DEFINITIONAL_REPRESENTATION('',(#2859),#2863);
#2859 = LINE('',#2860,#2861);
#2860 = CARTESIAN_POINT('',(0.,5.));
#2861 = VECTOR('',#2862,1.);
#2862 = DIRECTION('',(1.,0.));
#2863 = ( GEOMETRIC_REPRESENTATION_CONTEXT(2) 
PARAMETRIC_REPRESENTATION_CONTEXT() REPRESENTATION_CONTEXT('2D SPACE',''
  ) );
#2864 = ORIENTED_EDGE('',*,*,#2865,.T.);
#2865 = EDGE_CURVE('',#2833,#2664,#2866,.T.);
#2866 = SURFACE_CURVE('',#2867,(#2871,#2877),.PCURVE_S1.);
#2867 = LINE('',#2868,#2869);
#2868 = CARTESIAN_POINT('',(-40.365,51.705,2.5));
#2869 = VECTOR('',#2870,1.);
#2870 = DIRECTION('',(0.,-1.,0.));
#2871 = PCURVE('',#1127,#2872);
#2872 = DEFINITIONAL_REPRESENTATION('',(#2873),#2876);
#2873 = B_SPLINE_CURVE_WITH_KNOTS('',1,(#2874,#2875),.UNSPECIFIED.,.F.,
  .F.,(2,2),(18.575,41.875),.PIECEWISE_BEZIER_KNOTS.);
#2874 = CARTESIAN_POINT('',(48.8,-2.5));
#2875 = CARTESIAN_POINT('',(72.1,-2.5));
#2876 = ( GEOMETRIC_REPRESENTATION_CONTEXT(2) 
PARAMETRIC_REPRESENTATION_CONTEXT() REPRESENTATION_CONTEXT('2D SPACE',''
  ) );
#2877 = PCURVE('',#2878,#2883);
#2878 = PLANE('',#2879);
#2879 = AXIS2_PLACEMENT_3D('',#2880,#2881,#2882);
#2880 = CARTESIAN_POINT('',(-39.365,21.48,2.5));
#2881 = DIRECTION('',(0.,0.,1.));
#2882 = DIRECTION('',(1.,0.,-0.));
#2883 = DEFINITIONAL_REPRESENTATION('',(#2884),#2887);
#2884 = B_SPLINE_CURVE_WITH_KNOTS('',1,(#2885,#2886),.UNSPECIFIED.,.F.,
  .F.,(2,2),(18.575,41.875),.PIECEWISE_BEZIER_KNOTS.);
#2885 = CARTESIAN_POINT('',(-1.,11.65));
#2886 = CARTESIAN_POINT('',(-1.,-11.65));
#2887 = ( GEOMETRIC_REPRESENTATION_CONTEXT(2) 
PARAMETRIC_REPRESENTATION_CONTEXT() REPRESENTATION_CONTEXT('2D SPACE',''
  ) );
#2888 = ADVANCED_FACE('',(#2889,#2942),#1180,.F.);
#2889 = FACE_BOUND('',#2890,.F.);
#2890 = EDGE_LOOP('',(#2891,#2892,#2920,#2941));
#2891 = ORIENTED_EDGE('',*,*,#2106,.T.);
#2892 = ORIENTED_EDGE('',*,*,#2893,.T.);
#2893 = EDGE_CURVE('',#2107,#2894,#2896,.T.);
#2894 = VERTEX_POINT('',#2895);
#2895 = CARTESIAN_POINT('',(40.365,64.43,10.65));
#2896 = SURFACE_CURVE('',#2897,(#2901,#2908),.PCURVE_S1.);
#2897 = LINE('',#2898,#2899);
#2898 = CARTESIAN_POINT('',(40.365,-64.43,10.65));
#2899 = VECTOR('',#2900,1.);
#2900 = DIRECTION('',(0.,1.,0.));
#2901 = PCURVE('',#1180,#2902);
#2902 = DEFINITIONAL_REPRESENTATION('',(#2903),#2907);
#2903 = LINE('',#2904,#2905);
#2904 = CARTESIAN_POINT('',(17.5,-10.65));
#2905 = VECTOR('',#2906,1.);
#2906 = DIRECTION('',(1.,0.));
#2907 = ( GEOMETRIC_REPRESENTATION_CONTEXT(2) 
PARAMETRIC_REPRESENTATION_CONTEXT() REPRESENTATION_CONTEXT('2D SPACE',''
  ) );
#2908 = PCURVE('',#2909,#2914);
#2909 = CYLINDRICAL_SURFACE('',#2910,0.5);
#2910 = AXIS2_PLACEMENT_3D('',#2911,#2912,#2913);
#2911 = CARTESIAN_POINT('',(39.865,-64.43,10.65));
#2912 = DIRECTION('',(0.,1.,0.));
#2913 = DIRECTION('',(1.,0.,-0.));
#2914 = DEFINITIONAL_REPRESENTATION('',(#2915),#2919);
#2915 = LINE('',#2916,#2917);
#2916 = CARTESIAN_POINT('',(-0.,0.));
#2917 = VECTOR('',#2918,1.);
#2918 = DIRECTION('',(-0.,1.));
#2919 = ( GEOMETRIC_REPRESENTATION_CONTEXT(2) 
PARAMETRIC_REPRESENTATION_CONTEXT() REPRESENTATION_CONTEXT('2D SPACE',''
  ) );
#2920 = ORIENTED_EDGE('',*,*,#2921,.F.);
#2921 = EDGE_CURVE('',#1145,#2894,#2922,.T.);
#2922 = SURFACE_CURVE('',#2923,(#2927,#2934),.PCURVE_S1.);
#2923 = LINE('',#2924,#2925);
#2924 = CARTESIAN_POINT('',(40.365,64.43,0.));
#2925 = VECTOR('',#2926,1.);
#2926 = DIRECTION('',(0.,0.,1.));
#2927 = PCURVE('',#1180,#2928);
#2928 = DEFINITIONAL_REPRESENTATION('',(#2929),#2933);
#2929 = LINE('',#2930,#2931);
#2930 = CARTESIAN_POINT('',(146.36,0.));
#2931 = VECTOR('',#2932,1.);
#2932 = DIRECTION('',(0.,-1.));
#2933 = ( GEOMETRIC_REPRESENTATION_CONTEXT(2) 
PARAMETRIC_REPRESENTATION_CONTEXT() REPRESENTATION_CONTEXT('2D SPACE',''
  ) );
#2934 = PCURVE('',#1267,#2935);
#2935 = DEFINITIONAL_REPRESENTATION('',(#2936),#2940);
#2936 = LINE('',#2937,#2938);
#2937 = CARTESIAN_POINT('',(0.,0.));
#2938 = VECTOR('',#2939,1.);
#2939 = DIRECTION('',(0.,1.));
#2940 = ( GEOMETRIC_REPRESENTATION_CONTEXT(2) 
PARAMETRIC_REPRESENTATION_CONTEXT() REPRESENTATION_CONTEXT('2D SPACE',''
  ) );
#2941 = ORIENTED_EDGE('',*,*,#1166,.F.);
#2942 = FACE_BOUND('',#2943,.F.);
#2943 = EDGE_LOOP('',(#2944,#2979,#3005,#3038,#3064,#3093,#3119,#3148));
#2944 = ORIENTED_EDGE('',*,*,#2945,.T.);
#2945 = EDGE_CURVE('',#2946,#2948,#2950,.T.);
#2946 = VERTEX_POINT('',#2947);
#2947 = CARTESIAN_POINT('',(40.365,-5.17,10.));
#2948 = VERTEX_POINT('',#2949);
#2949 = CARTESIAN_POINT('',(40.365,-7.77,7.4));
#2950 = SURFACE_CURVE('',#2951,(#2956,#2967),.PCURVE_S1.);
#2951 = CIRCLE('',#2952,2.6);
#2952 = AXIS2_PLACEMENT_3D('',#2953,#2954,#2955);
#2953 = CARTESIAN_POINT('',(40.365,-5.17,7.4));
#2954 = DIRECTION('',(1.,0.,0.));
#2955 = DIRECTION('',(0.,-1.,-0.));
#2956 = PCURVE('',#1180,#2957);
#2957 = DEFINITIONAL_REPRESENTATION('',(#2958),#2966);
#2958 = ( BOUNDED_CURVE() B_SPLINE_CURVE(2,(#2959,#2960,#2961,#2962,
#2963,#2964,#2965),.UNSPECIFIED.,.T.,.F.) B_SPLINE_CURVE_WITH_KNOTS((1,2
    ,2,2,2,1),(-2.094395102393,0.,2.094395102393,4.188790204786,
6.28318530718,8.377580409573),.UNSPECIFIED.) CURVE() 
GEOMETRIC_REPRESENTATION_ITEM() RATIONAL_B_SPLINE_CURVE((1.,0.5,1.,0.5,
1.,0.5,1.)) REPRESENTATION_ITEM('') );
#2959 = CARTESIAN_POINT('',(74.16,-7.4));
#2960 = CARTESIAN_POINT('',(74.16,-2.896667900321));
#2961 = CARTESIAN_POINT('',(78.06,-5.14833395016));
#2962 = CARTESIAN_POINT('',(81.96,-7.4));
#2963 = CARTESIAN_POINT('',(78.06,-9.65166604984));
#2964 = CARTESIAN_POINT('',(74.16,-11.90333209967));
#2965 = CARTESIAN_POINT('',(74.16,-7.4));
#2966 = ( GEOMETRIC_REPRESENTATION_CONTEXT(2) 
PARAMETRIC_REPRESENTATION_CONTEXT() REPRESENTATION_CONTEXT('2D SPACE',''
  ) );
#2967 = PCURVE('',#2968,#2973);
#2968 = CYLINDRICAL_SURFACE('',#2969,2.6);
#2969 = AXIS2_PLACEMENT_3D('',#2970,#2971,#2972);
#2970 = CARTESIAN_POINT('',(35.365,-5.17,7.4));
#2971 = DIRECTION('',(1.,0.,0.));
#2972 = DIRECTION('',(0.,-1.,-0.));
#2973 = DEFINITIONAL_REPRESENTATION('',(#2974),#2978);
#2974 = LINE('',#2975,#2976);
#2975 = CARTESIAN_POINT('',(-6.28318530718,5.));
#2976 = VECTOR('',#2977,1.);
#2977 = DIRECTION('',(1.,-0.));
#2978 = ( GEOMETRIC_REPRESENTATION_CONTEXT(2) 
PARAMETRIC_REPRESENTATION_CONTEXT() REPRESENTATION_CONTEXT('2D SPACE',''
  ) );
#2979 = ORIENTED_EDGE('',*,*,#2980,.T.);
#2980 = EDGE_CURVE('',#2948,#2981,#2983,.T.);
#2981 = VERTEX_POINT('',#2982);
#2982 = CARTESIAN_POINT('',(40.365,-7.77,5.1));
#2983 = SURFACE_CURVE('',#2984,(#2988,#2994),.PCURVE_S1.);
#2984 = LINE('',#2985,#2986);
#2985 = CARTESIAN_POINT('',(40.365,-7.77,1.25));
#2986 = VECTOR('',#2987,1.);
#2987 = DIRECTION('',(0.,0.,-1.));
#2988 = PCURVE('',#1180,#2989);
#2989 = DEFINITIONAL_REPRESENTATION('',(#2990),#2993);
#2990 = B_SPLINE_CURVE_WITH_KNOTS('',1,(#2991,#2992),.UNSPECIFIED.,.F.,
  .F.,(2,2),(-6.15,-3.85),.PIECEWISE_BEZIER_KNOTS.);
#2991 = CARTESIAN_POINT('',(74.16,-7.4));
#2992 = CARTESIAN_POINT('',(74.16,-5.1));
#2993 = ( GEOMETRIC_REPRESENTATION_CONTEXT(2) 
PARAMETRIC_REPRESENTATION_CONTEXT() REPRESENTATION_CONTEXT('2D SPACE',''
  ) );
#2994 = PCURVE('',#2995,#3000);
#2995 = PLANE('',#2996);
#2996 = AXIS2_PLACEMENT_3D('',#2997,#2998,#2999);
#2997 = CARTESIAN_POINT('',(35.365,-7.77,2.5));
#2998 = DIRECTION('',(0.,1.,0.));
#2999 = DIRECTION('',(1.,0.,0.));
#3000 = DEFINITIONAL_REPRESENTATION('',(#3001),#3004);
#3001 = B_SPLINE_CURVE_WITH_KNOTS('',1,(#3002,#3003),.UNSPECIFIED.,.F.,
  .F.,(2,2),(-6.15,-3.85),.PIECEWISE_BEZIER_KNOTS.);
#3002 = CARTESIAN_POINT('',(5.,-4.9));
#3003 = CARTESIAN_POINT('',(5.,-2.6));
#3004 = ( GEOMETRIC_REPRESENTATION_CONTEXT(2) 
PARAMETRIC_REPRESENTATION_CONTEXT() REPRESENTATION_CONTEXT('2D SPACE',''
  ) );
#3005 = ORIENTED_EDGE('',*,*,#3006,.T.);
#3006 = EDGE_CURVE('',#2981,#3007,#3009,.T.);
#3007 = VERTEX_POINT('',#3008);
#3008 = CARTESIAN_POINT('',(40.365,-5.17,2.5));
#3009 = SURFACE_CURVE('',#3010,(#3015,#3026),.PCURVE_S1.);
#3010 = CIRCLE('',#3011,2.6);
#3011 = AXIS2_PLACEMENT_3D('',#3012,#3013,#3014);
#3012 = CARTESIAN_POINT('',(40.365,-5.17,5.1));
#3013 = DIRECTION('',(1.,0.,0.));
#3014 = DIRECTION('',(0.,-1.,-0.));
#3015 = PCURVE('',#1180,#3016);
#3016 = DEFINITIONAL_REPRESENTATION('',(#3017),#3025);
#3017 = ( BOUNDED_CURVE() B_SPLINE_CURVE(2,(#3018,#3019,#3020,#3021,
#3022,#3023,#3024),.UNSPECIFIED.,.T.,.F.) B_SPLINE_CURVE_WITH_KNOTS((1,2
    ,2,2,2,1),(-2.094395102393,0.,2.094395102393,4.188790204786,
6.28318530718,8.377580409573),.UNSPECIFIED.) CURVE() 
GEOMETRIC_REPRESENTATION_ITEM() RATIONAL_B_SPLINE_CURVE((1.,0.5,1.,0.5,
1.,0.5,1.)) REPRESENTATION_ITEM('') );
#3018 = CARTESIAN_POINT('',(74.16,-5.1));
#3019 = CARTESIAN_POINT('',(74.16,-0.596667900321));
#3020 = CARTESIAN_POINT('',(78.06,-2.84833395016));
#3021 = CARTESIAN_POINT('',(81.96,-5.1));
#3022 = CARTESIAN_POINT('',(78.06,-7.35166604984));
#3023 = CARTESIAN_POINT('',(74.16,-9.603332099679));
#3024 = CARTESIAN_POINT('',(74.16,-5.1));
#3025 = ( GEOMETRIC_REPRESENTATION_CONTEXT(2) 
PARAMETRIC_REPRESENTATION_CONTEXT() REPRESENTATION_CONTEXT('2D SPACE',''
  ) );
#3026 = PCURVE('',#3027,#3032);
#3027 = CYLINDRICAL_SURFACE('',#3028,2.6);
#3028 = AXIS2_PLACEMENT_3D('',#3029,#3030,#3031);
#3029 = CARTESIAN_POINT('',(35.365,-5.17,5.1));
#3030 = DIRECTION('',(1.,0.,0.));
#3031 = DIRECTION('',(0.,-1.,-0.));
#3032 = DEFINITIONAL_REPRESENTATION('',(#3033),#3037);
#3033 = LINE('',#3034,#3035);
#3034 = CARTESIAN_POINT('',(0.,5.));
#3035 = VECTOR('',#3036,1.);
#3036 = DIRECTION('',(1.,0.));
#3037 = ( GEOMETRIC_REPRESENTATION_CONTEXT(2) 
PARAMETRIC_REPRESENTATION_CONTEXT() REPRESENTATION_CONTEXT('2D SPACE',''
  ) );
#3038 = ORIENTED_EDGE('',*,*,#3039,.T.);
#3039 = EDGE_CURVE('',#3007,#3040,#3042,.T.);
#3040 = VERTEX_POINT('',#3041);
#3041 = CARTESIAN_POINT('',(40.365,15.63,2.5));
#3042 = SURFACE_CURVE('',#3043,(#3047,#3053),.PCURVE_S1.);
#3043 = LINE('',#3044,#3045);
#3044 = CARTESIAN_POINT('',(40.365,-38.35,2.5));
#3045 = VECTOR('',#3046,1.);
#3046 = DIRECTION('',(0.,1.,-0.));
#3047 = PCURVE('',#1180,#3048);
#3048 = DEFINITIONAL_REPRESENTATION('',(#3049),#3052);
#3049 = B_SPLINE_CURVE_WITH_KNOTS('',1,(#3050,#3051),.UNSPECIFIED.,.F.,
  .F.,(2,2),(33.18,53.98),.PIECEWISE_BEZIER_KNOTS.);
#3050 = CARTESIAN_POINT('',(76.76,-2.5));
#3051 = CARTESIAN_POINT('',(97.56,-2.5));
#3052 = ( GEOMETRIC_REPRESENTATION_CONTEXT(2) 
PARAMETRIC_REPRESENTATION_CONTEXT() REPRESENTATION_CONTEXT('2D SPACE',''
  ) );
#3053 = PCURVE('',#3054,#3059);
#3054 = PLANE('',#3055);
#3055 = AXIS2_PLACEMENT_3D('',#3056,#3057,#3058);
#3056 = CARTESIAN_POINT('',(39.365,5.23,2.5));
#3057 = DIRECTION('',(0.,0.,1.));
#3058 = DIRECTION('',(1.,0.,-0.));
#3059 = DEFINITIONAL_REPRESENTATION('',(#3060),#3063);
#3060 = B_SPLINE_CURVE_WITH_KNOTS('',1,(#3061,#3062),.UNSPECIFIED.,.F.,
  .F.,(2,2),(33.18,53.98),.PIECEWISE_BEZIER_KNOTS.);
#3061 = CARTESIAN_POINT('',(1.,-10.4));
#3062 = CARTESIAN_POINT('',(1.,10.4));
#3063 = ( GEOMETRIC_REPRESENTATION_CONTEXT(2) 
PARAMETRIC_REPRESENTATION_CONTEXT() REPRESENTATION_CONTEXT('2D SPACE',''
  ) );
#3064 = ORIENTED_EDGE('',*,*,#3065,.F.);
#3065 = EDGE_CURVE('',#3066,#3040,#3068,.T.);
#3066 = VERTEX_POINT('',#3067);
#3067 = CARTESIAN_POINT('',(40.365,18.23,5.1));
#3068 = SURFACE_CURVE('',#3069,(#3074,#3081),.PCURVE_S1.);
#3069 = CIRCLE('',#3070,2.6);
#3070 = AXIS2_PLACEMENT_3D('',#3071,#3072,#3073);
#3071 = CARTESIAN_POINT('',(40.365,15.63,5.1));
#3072 = DIRECTION('',(-1.,0.,0.));
#3073 = DIRECTION('',(0.,1.,-0.));
#3074 = PCURVE('',#1180,#3075);
#3075 = DEFINITIONAL_REPRESENTATION('',(#3076),#3080);
#3076 = CIRCLE('',#3077,2.6);
#3077 = AXIS2_PLACEMENT_2D('',#3078,#3079);
#3078 = CARTESIAN_POINT('',(97.56,-5.1));
#3079 = DIRECTION('',(1.,0.));
#3080 = ( GEOMETRIC_REPRESENTATION_CONTEXT(2) 
PARAMETRIC_REPRESENTATION_CONTEXT() REPRESENTATION_CONTEXT('2D SPACE',''
  ) );
#3081 = PCURVE('',#3082,#3087);
#3082 = CYLINDRICAL_SURFACE('',#3083,2.6);
#3083 = AXIS2_PLACEMENT_3D('',#3084,#3085,#3086);
#3084 = CARTESIAN_POINT('',(43.365,15.63,5.1));
#3085 = DIRECTION('',(-1.,0.,0.));
#3086 = DIRECTION('',(0.,1.,-0.));
#3087 = DEFINITIONAL_REPRESENTATION('',(#3088),#3092);
#3088 = LINE('',#3089,#3090);
#3089 = CARTESIAN_POINT('',(0.,3.));
#3090 = VECTOR('',#3091,1.);
#3091 = DIRECTION('',(1.,0.));
#3092 = ( GEOMETRIC_REPRESENTATION_CONTEXT(2) 
PARAMETRIC_REPRESENTATION_CONTEXT() REPRESENTATION_CONTEXT('2D SPACE',''
  ) );
#3093 = ORIENTED_EDGE('',*,*,#3094,.T.);
#3094 = EDGE_CURVE('',#3066,#3095,#3097,.T.);
#3095 = VERTEX_POINT('',#3096);
#3096 = CARTESIAN_POINT('',(40.365,18.23,7.4));
#3097 = SURFACE_CURVE('',#3098,(#3102,#3108),.PCURVE_S1.);
#3098 = LINE('',#3099,#3100);
#3099 = CARTESIAN_POINT('',(40.365,18.23,1.25));
#3100 = VECTOR('',#3101,1.);
#3101 = DIRECTION('',(0.,0.,1.));
#3102 = PCURVE('',#1180,#3103);
#3103 = DEFINITIONAL_REPRESENTATION('',(#3104),#3107);
#3104 = B_SPLINE_CURVE_WITH_KNOTS('',1,(#3105,#3106),.UNSPECIFIED.,.F.,
  .F.,(2,2),(3.85,6.15),.PIECEWISE_BEZIER_KNOTS.);
#3105 = CARTESIAN_POINT('',(100.16,-5.1));
#3106 = CARTESIAN_POINT('',(100.16,-7.4));
#3107 = ( GEOMETRIC_REPRESENTATION_CONTEXT(2) 
PARAMETRIC_REPRESENTATION_CONTEXT() REPRESENTATION_CONTEXT('2D SPACE',''
  ) );
#3108 = PCURVE('',#3109,#3114);
#3109 = PLANE('',#3110);
#3110 = AXIS2_PLACEMENT_3D('',#3111,#3112,#3113);
#3111 = CARTESIAN_POINT('',(43.365,18.23,2.5));
#3112 = DIRECTION('',(0.,-1.,0.));
#3113 = DIRECTION('',(-1.,0.,0.));
#3114 = DEFINITIONAL_REPRESENTATION('',(#3115),#3118);
#3115 = B_SPLINE_CURVE_WITH_KNOTS('',1,(#3116,#3117),.UNSPECIFIED.,.F.,
  .F.,(2,2),(3.85,6.15),.PIECEWISE_BEZIER_KNOTS.);
#3116 = CARTESIAN_POINT('',(3.,-2.6));
#3117 = CARTESIAN_POINT('',(3.,-4.9));
#3118 = ( GEOMETRIC_REPRESENTATION_CONTEXT(2) 
PARAMETRIC_REPRESENTATION_CONTEXT() REPRESENTATION_CONTEXT('2D SPACE',''
  ) );
#3119 = ORIENTED_EDGE('',*,*,#3120,.F.);
#3120 = EDGE_CURVE('',#3121,#3095,#3123,.T.);
#3121 = VERTEX_POINT('',#3122);
#3122 = CARTESIAN_POINT('',(40.365,15.63,10.));
#3123 = SURFACE_CURVE('',#3124,(#3129,#3136),.PCURVE_S1.);
#3124 = CIRCLE('',#3125,2.6);
#3125 = AXIS2_PLACEMENT_3D('',#3126,#3127,#3128);
#3126 = CARTESIAN_POINT('',(40.365,15.63,7.4));
#3127 = DIRECTION('',(-1.,0.,0.));
#3128 = DIRECTION('',(0.,1.,-0.));
#3129 = PCURVE('',#1180,#3130);
#3130 = DEFINITIONAL_REPRESENTATION('',(#3131),#3135);
#3131 = CIRCLE('',#3132,2.6);
#3132 = AXIS2_PLACEMENT_2D('',#3133,#3134);
#3133 = CARTESIAN_POINT('',(97.56,-7.4));
#3134 = DIRECTION('',(1.,0.));
#3135 = ( GEOMETRIC_REPRESENTATION_CONTEXT(2) 
PARAMETRIC_REPRESENTATION_CONTEXT() REPRESENTATION_CONTEXT('2D SPACE',''
  ) );
#3136 = PCURVE('',#3137,#3142);
#3137 = CYLINDRICAL_SURFACE('',#3138,2.6);
#3138 = AXIS2_PLACEMENT_3D('',#3139,#3140,#3141);
#3139 = CARTESIAN_POINT('',(43.365,15.63,7.4));
#3140 = DIRECTION('',(-1.,0.,0.));
#3141 = DIRECTION('',(0.,1.,-0.));
#3142 = DEFINITIONAL_REPRESENTATION('',(#3143),#3147);
#3143 = LINE('',#3144,#3145);
#3144 = CARTESIAN_POINT('',(-6.28318530718,3.));
#3145 = VECTOR('',#3146,1.);
#3146 = DIRECTION('',(1.,-0.));
#3147 = ( GEOMETRIC_REPRESENTATION_CONTEXT(2) 
PARAMETRIC_REPRESENTATION_CONTEXT() REPRESENTATION_CONTEXT('2D SPACE',''
  ) );
#3148 = ORIENTED_EDGE('',*,*,#3149,.F.);
#3149 = EDGE_CURVE('',#2946,#3121,#3150,.T.);
#3150 = SURFACE_CURVE('',#3151,(#3155,#3161),.PCURVE_S1.);
#3151 = LINE('',#3152,#3153);
#3152 = CARTESIAN_POINT('',(40.365,-38.35,10.));
#3153 = VECTOR('',#3154,1.);
#3154 = DIRECTION('',(0.,1.,-0.));
#3155 = PCURVE('',#1180,#3156);
#3156 = DEFINITIONAL_REPRESENTATION('',(#3157),#3160);
#3157 = B_SPLINE_CURVE_WITH_KNOTS('',1,(#3158,#3159),.UNSPECIFIED.,.F.,
  .F.,(2,2),(33.18,53.98),.PIECEWISE_BEZIER_KNOTS.);
#3158 = CARTESIAN_POINT('',(76.76,-10.));
#3159 = CARTESIAN_POINT('',(97.56,-10.));
#3160 = ( GEOMETRIC_REPRESENTATION_CONTEXT(2) 
PARAMETRIC_REPRESENTATION_CONTEXT() REPRESENTATION_CONTEXT('2D SPACE',''
  ) );
#3161 = PCURVE('',#3162,#3167);
#3162 = PLANE('',#3163);
#3163 = AXIS2_PLACEMENT_3D('',#3164,#3165,#3166);
#3164 = CARTESIAN_POINT('',(39.365,5.23,10.));
#3165 = DIRECTION('',(0.,0.,1.));
#3166 = DIRECTION('',(1.,0.,-0.));
#3167 = DEFINITIONAL_REPRESENTATION('',(#3168),#3171);
#3168 = B_SPLINE_CURVE_WITH_KNOTS('',1,(#3169,#3170),.UNSPECIFIED.,.F.,
  .F.,(2,2),(33.18,53.98),.PIECEWISE_BEZIER_KNOTS.);
#3169 = CARTESIAN_POINT('',(1.,-10.4));
#3170 = CARTESIAN_POINT('',(1.,10.4));
#3171 = ( GEOMETRIC_REPRESENTATION_CONTEXT(2) 
PARAMETRIC_REPRESENTATION_CONTEXT() REPRESENTATION_CONTEXT('2D SPACE',''
  ) );
#3172 = ADVANCED_FACE('',(#3173),#1232,.T.);
#3173 = FACE_BOUND('',#3174,.T.);
#3174 = EDGE_LOOP('',(#3175,#3198,#3199,#3200));
#3175 = ORIENTED_EDGE('',*,*,#3176,.F.);
#3176 = EDGE_CURVE('',#1196,#3177,#3179,.T.);
#3177 = VERTEX_POINT('',#3178);
#3178 = CARTESIAN_POINT('',(-22.865,81.93,10.65));
#3179 = SURFACE_CURVE('',#3180,(#3184,#3191),.PCURVE_S1.);
#3180 = LINE('',#3181,#3182);
#3181 = CARTESIAN_POINT('',(-22.865,81.93,0.));
#3182 = VECTOR('',#3183,1.);
#3183 = DIRECTION('',(0.,0.,1.));
#3184 = PCURVE('',#1232,#3185);
#3185 = DEFINITIONAL_REPRESENTATION('',(#3186),#3190);
#3186 = LINE('',#3187,#3188);
#3187 = CARTESIAN_POINT('',(0.,0.));
#3188 = VECTOR('',#3189,1.);
#3189 = DIRECTION('',(0.,1.));
#3190 = ( GEOMETRIC_REPRESENTATION_CONTEXT(2) 
PARAMETRIC_REPRESENTATION_CONTEXT() REPRESENTATION_CONTEXT('2D SPACE',''
  ) );
#3191 = PCURVE('',#1320,#3192);
#3192 = DEFINITIONAL_REPRESENTATION('',(#3193),#3197);
#3193 = LINE('',#3194,#3195);
#3194 = CARTESIAN_POINT('',(63.23,0.));
#3195 = VECTOR('',#3196,1.);
#3196 = DIRECTION('',(0.,-1.));
#3197 = ( GEOMETRIC_REPRESENTATION_CONTEXT(2) 
PARAMETRIC_REPRESENTATION_CONTEXT() REPRESENTATION_CONTEXT('2D SPACE',''
  ) );
#3198 = ORIENTED_EDGE('',*,*,#1217,.T.);
#3199 = ORIENTED_EDGE('',*,*,#2378,.T.);
#3200 = ORIENTED_EDGE('',*,*,#3201,.F.);
#3201 = EDGE_CURVE('',#3177,#2379,#3202,.T.);
#3202 = SURFACE_CURVE('',#3203,(#3208,#3215),.PCURVE_S1.);
#3203 = CIRCLE('',#3204,17.5);
#3204 = AXIS2_PLACEMENT_3D('',#3205,#3206,#3207);
#3205 = CARTESIAN_POINT('',(-22.865,64.43,10.65));
#3206 = DIRECTION('',(0.,0.,1.));
#3207 = DIRECTION('',(0.,1.,-0.));
#3208 = PCURVE('',#1232,#3209);
#3209 = DEFINITIONAL_REPRESENTATION('',(#3210),#3214);
#3210 = LINE('',#3211,#3212);
#3211 = CARTESIAN_POINT('',(0.,10.65));
#3212 = VECTOR('',#3213,1.);
#3213 = DIRECTION('',(1.,0.));
#3214 = ( GEOMETRIC_REPRESENTATION_CONTEXT(2) 
PARAMETRIC_REPRESENTATION_CONTEXT() REPRESENTATION_CONTEXT('2D SPACE',''
  ) );
#3215 = PCURVE('',#3216,#3221);
#3216 = TOROIDAL_SURFACE('',#3217,17.,0.5);
#3217 = AXIS2_PLACEMENT_3D('',#3218,#3219,#3220);
#3218 = CARTESIAN_POINT('',(-22.865,64.43,10.65));
#3219 = DIRECTION('',(0.,0.,1.));
#3220 = DIRECTION('',(0.,1.,-0.));
#3221 = DEFINITIONAL_REPRESENTATION('',(#3222),#3226);
#3222 = LINE('',#3223,#3224);
#3223 = CARTESIAN_POINT('',(0.,0.));
#3224 = VECTOR('',#3225,1.);
#3225 = DIRECTION('',(1.,0.));
#3226 = ( GEOMETRIC_REPRESENTATION_CONTEXT(2) 
PARAMETRIC_REPRESENTATION_CONTEXT() REPRESENTATION_CONTEXT('2D SPACE',''
  ) );
#3227 = ADVANCED_FACE('',(#3228),#1267,.T.);
#3228 = FACE_BOUND('',#3229,.T.);
#3229 = EDGE_LOOP('',(#3230,#3231,#3232,#3255));
#3230 = ORIENTED_EDGE('',*,*,#2921,.F.);
#3231 = ORIENTED_EDGE('',*,*,#1250,.T.);
#3232 = ORIENTED_EDGE('',*,*,#3233,.T.);
#3233 = EDGE_CURVE('',#1251,#3234,#3236,.T.);
#3234 = VERTEX_POINT('',#3235);
#3235 = CARTESIAN_POINT('',(22.865,81.93,10.65));
#3236 = SURFACE_CURVE('',#3237,(#3241,#3248),.PCURVE_S1.);
#3237 = LINE('',#3238,#3239);
#3238 = CARTESIAN_POINT('',(22.865,81.93,0.));
#3239 = VECTOR('',#3240,1.);
#3240 = DIRECTION('',(0.,0.,1.));
#3241 = PCURVE('',#1267,#3242);
#3242 = DEFINITIONAL_REPRESENTATION('',(#3243),#3247);
#3243 = LINE('',#3244,#3245);
#3244 = CARTESIAN_POINT('',(1.570796326795,0.));
#3245 = VECTOR('',#3246,1.);
#3246 = DIRECTION('',(0.,1.));
#3247 = ( GEOMETRIC_REPRESENTATION_CONTEXT(2) 
PARAMETRIC_REPRESENTATION_CONTEXT() REPRESENTATION_CONTEXT('2D SPACE',''
  ) );
#3248 = PCURVE('',#1320,#3249);
#3249 = DEFINITIONAL_REPRESENTATION('',(#3250),#3254);
#3250 = LINE('',#3251,#3252);
#3251 = CARTESIAN_POINT('',(17.5,0.));
#3252 = VECTOR('',#3253,1.);
#3253 = DIRECTION('',(0.,-1.));
#3254 = ( GEOMETRIC_REPRESENTATION_CONTEXT(2) 
PARAMETRIC_REPRESENTATION_CONTEXT() REPRESENTATION_CONTEXT('2D SPACE',''
  ) );
#3255 = ORIENTED_EDGE('',*,*,#3256,.F.);
#3256 = EDGE_CURVE('',#2894,#3234,#3257,.T.);
#3257 = SURFACE_CURVE('',#3258,(#3263,#3270),.PCURVE_S1.);
#3258 = CIRCLE('',#3259,17.5);
#3259 = AXIS2_PLACEMENT_3D('',#3260,#3261,#3262);
#3260 = CARTESIAN_POINT('',(22.865,64.43,10.65));
#3261 = DIRECTION('',(0.,0.,1.));
#3262 = DIRECTION('',(1.,0.,-0.));
#3263 = PCURVE('',#1267,#3264);
#3264 = DEFINITIONAL_REPRESENTATION('',(#3265),#3269);
#3265 = LINE('',#3266,#3267);
#3266 = CARTESIAN_POINT('',(0.,10.65));
#3267 = VECTOR('',#3268,1.);
#3268 = DIRECTION('',(1.,0.));
#3269 = ( GEOMETRIC_REPRESENTATION_CONTEXT(2) 
PARAMETRIC_REPRESENTATION_CONTEXT() REPRESENTATION_CONTEXT('2D SPACE',''
  ) );
#3270 = PCURVE('',#3271,#3276);
#3271 = TOROIDAL_SURFACE('',#3272,17.,0.5);
#3272 = AXIS2_PLACEMENT_3D('',#3273,#3274,#3275);
#3273 = CARTESIAN_POINT('',(22.865,64.43,10.65));
#3274 = DIRECTION('',(0.,0.,1.));
#3275 = DIRECTION('',(1.,0.,-0.));
#3276 = DEFINITIONAL_REPRESENTATION('',(#3277),#3281);
#3277 = LINE('',#3278,#3279);
#3278 = CARTESIAN_POINT('',(0.,0.));
#3279 = VECTOR('',#3280,1.);
#3280 = DIRECTION('',(1.,0.));
#3281 = ( GEOMETRIC_REPRESENTATION_CONTEXT(2) 
PARAMETRIC_REPRESENTATION_CONTEXT() REPRESENTATION_CONTEXT('2D SPACE',''
  ) );
#3282 = ADVANCED_FACE('',(#3283),#1320,.F.);
#3283 = FACE_BOUND('',#3284,.F.);
#3284 = EDGE_LOOP('',(#3285,#3286,#3312,#3313));
#3285 = ORIENTED_EDGE('',*,*,#3233,.T.);
#3286 = ORIENTED_EDGE('',*,*,#3287,.T.);
#3287 = EDGE_CURVE('',#3234,#3177,#3288,.T.);
#3288 = SURFACE_CURVE('',#3289,(#3293,#3300),.PCURVE_S1.);
#3289 = LINE('',#3290,#3291);
#3290 = CARTESIAN_POINT('',(22.865,81.93,10.65));
#3291 = VECTOR('',#3292,1.);
#3292 = DIRECTION('',(-1.,0.,0.));
#3293 = PCURVE('',#1320,#3294);
#3294 = DEFINITIONAL_REPRESENTATION('',(#3295),#3299);
#3295 = LINE('',#3296,#3297);
#3296 = CARTESIAN_POINT('',(17.5,-10.65));
#3297 = VECTOR('',#3298,1.);
#3298 = DIRECTION('',(1.,0.));
#3299 = ( GEOMETRIC_REPRESENTATION_CONTEXT(2) 
PARAMETRIC_REPRESENTATION_CONTEXT() REPRESENTATION_CONTEXT('2D SPACE',''
  ) );
#3300 = PCURVE('',#3301,#3306);
#3301 = CYLINDRICAL_SURFACE('',#3302,0.5);
#3302 = AXIS2_PLACEMENT_3D('',#3303,#3304,#3305);
#3303 = CARTESIAN_POINT('',(22.865,81.43,10.65));
#3304 = DIRECTION('',(-1.,0.,0.));
#3305 = DIRECTION('',(0.,1.,-0.));
#3306 = DEFINITIONAL_REPRESENTATION('',(#3307),#3311);
#3307 = LINE('',#3308,#3309);
#3308 = CARTESIAN_POINT('',(-0.,0.));
#3309 = VECTOR('',#3310,1.);
#3310 = DIRECTION('',(-0.,1.));
#3311 = ( GEOMETRIC_REPRESENTATION_CONTEXT(2) 
PARAMETRIC_REPRESENTATION_CONTEXT() REPRESENTATION_CONTEXT('2D SPACE',''
  ) );
#3312 = ORIENTED_EDGE('',*,*,#3176,.F.);
#3313 = ORIENTED_EDGE('',*,*,#1306,.F.);
#3314 = ADVANCED_FACE('',(#3315,#3549,#3859,#4509,#4771,#5237,#5479,
    #5845,#6071,#6409),#1397,.T.);
#3315 = FACE_BOUND('',#3316,.T.);
#3316 = EDGE_LOOP('',(#3317,#3347,#3376,#3404,#3433,#3461,#3490,#3518));
#3317 = ORIENTED_EDGE('',*,*,#3318,.T.);
#3318 = EDGE_CURVE('',#3319,#3321,#3323,.T.);
#3319 = VERTEX_POINT('',#3320);
#3320 = CARTESIAN_POINT('',(-22.865,-80.23,1.6));
#3321 = VERTEX_POINT('',#3322);
#3322 = CARTESIAN_POINT('',(22.865,-80.23,1.6));
#3323 = SURFACE_CURVE('',#3324,(#3328,#3335),.PCURVE_S1.);
#3324 = LINE('',#3325,#3326);
#3325 = CARTESIAN_POINT('',(-38.665,-80.23,1.6));
#3326 = VECTOR('',#3327,1.);
#3327 = DIRECTION('',(1.,0.,0.));
#3328 = PCURVE('',#1397,#3329);
#3329 = DEFINITIONAL_REPRESENTATION('',(#3330),#3334);
#3330 = LINE('',#3331,#3332);
#3331 = CARTESIAN_POINT('',(-38.665,-80.23));
#3332 = VECTOR('',#3333,1.);
#3333 = DIRECTION('',(1.,0.));
#3334 = ( GEOMETRIC_REPRESENTATION_CONTEXT(2) 
PARAMETRIC_REPRESENTATION_CONTEXT() REPRESENTATION_CONTEXT('2D SPACE',''
  ) );
#3335 = PCURVE('',#3336,#3341);
#3336 = PLANE('',#3337);
#3337 = AXIS2_PLACEMENT_3D('',#3338,#3339,#3340);
#3338 = CARTESIAN_POINT('',(-38.665,-80.23,1.6));
#3339 = DIRECTION('',(0.,1.,0.));
#3340 = DIRECTION('',(1.,0.,0.));
#3341 = DEFINITIONAL_REPRESENTATION('',(#3342),#3346);
#3342 = LINE('',#3343,#3344);
#3343 = CARTESIAN_POINT('',(0.,0.));
#3344 = VECTOR('',#3345,1.);
#3345 = DIRECTION('',(1.,0.));
#3346 = ( GEOMETRIC_REPRESENTATION_CONTEXT(2) 
PARAMETRIC_REPRESENTATION_CONTEXT() REPRESENTATION_CONTEXT('2D SPACE',''
  ) );
#3347 = ORIENTED_EDGE('',*,*,#3348,.T.);
#3348 = EDGE_CURVE('',#3321,#3349,#3351,.T.);
#3349 = VERTEX_POINT('',#3350);
#3350 = CARTESIAN_POINT('',(38.665,-64.43,1.6));
#3351 = SURFACE_CURVE('',#3352,(#3357,#3364),.PCURVE_S1.);
#3352 = CIRCLE('',#3353,15.8);
#3353 = AXIS2_PLACEMENT_3D('',#3354,#3355,#3356);
#3354 = CARTESIAN_POINT('',(22.865,-64.43,1.6));
#3355 = DIRECTION('',(0.,0.,1.));
#3356 = DIRECTION('',(0.,-1.,0.));
#3357 = PCURVE('',#1397,#3358);
#3358 = DEFINITIONAL_REPRESENTATION('',(#3359),#3363);
#3359 = CIRCLE('',#3360,15.8);
#3360 = AXIS2_PLACEMENT_2D('',#3361,#3362);
#3361 = CARTESIAN_POINT('',(22.865,-64.43));
#3362 = DIRECTION('',(0.,-1.));
#3363 = ( GEOMETRIC_REPRESENTATION_CONTEXT(2) 
PARAMETRIC_REPRESENTATION_CONTEXT() REPRESENTATION_CONTEXT('2D SPACE',''
  ) );
#3364 = PCURVE('',#3365,#3370);
#3365 = CYLINDRICAL_SURFACE('',#3366,15.8);
#3366 = AXIS2_PLACEMENT_3D('',#3367,#3368,#3369);
#3367 = CARTESIAN_POINT('',(22.865,-64.43,1.6));
#3368 = DIRECTION('',(0.,0.,1.));
#3369 = DIRECTION('',(0.,-1.,0.));
#3370 = DEFINITIONAL_REPRESENTATION('',(#3371),#3375);
#3371 = LINE('',#3372,#3373);
#3372 = CARTESIAN_POINT('',(0.,0.));
#3373 = VECTOR('',#3374,1.);
#3374 = DIRECTION('',(1.,0.));
#3375 = ( GEOMETRIC_REPRESENTATION_CONTEXT(2) 
PARAMETRIC_REPRESENTATION_CONTEXT() REPRESENTATION_CONTEXT('2D SPACE',''
  ) );
#3376 = ORIENTED_EDGE('',*,*,#3377,.T.);
#3377 = EDGE_CURVE('',#3349,#3378,#3380,.T.);
#3378 = VERTEX_POINT('',#3379);
#3379 = CARTESIAN_POINT('',(38.665,64.43,1.6));
#3380 = SURFACE_CURVE('',#3381,(#3385,#3392),.PCURVE_S1.);
#3381 = LINE('',#3382,#3383);
#3382 = CARTESIAN_POINT('',(38.665,-80.23,1.6));
#3383 = VECTOR('',#3384,1.);
#3384 = DIRECTION('',(0.,1.,0.));
#3385 = PCURVE('',#1397,#3386);
#3386 = DEFINITIONAL_REPRESENTATION('',(#3387),#3391);
#3387 = LINE('',#3388,#3389);
#3388 = CARTESIAN_POINT('',(38.665,-80.23));
#3389 = VECTOR('',#3390,1.);
#3390 = DIRECTION('',(0.,1.));
#3391 = ( GEOMETRIC_REPRESENTATION_CONTEXT(2) 
PARAMETRIC_REPRESENTATION_CONTEXT() REPRESENTATION_CONTEXT('2D SPACE',''
  ) );
#3392 = PCURVE('',#3393,#3398);
#3393 = PLANE('',#3394);
#3394 = AXIS2_PLACEMENT_3D('',#3395,#3396,#3397);
#3395 = CARTESIAN_POINT('',(38.665,-80.23,1.6));
#3396 = DIRECTION('',(-1.,0.,0.));
#3397 = DIRECTION('',(0.,1.,0.));
#3398 = DEFINITIONAL_REPRESENTATION('',(#3399),#3403);
#3399 = LINE('',#3400,#3401);
#3400 = CARTESIAN_POINT('',(0.,0.));
#3401 = VECTOR('',#3402,1.);
#3402 = DIRECTION('',(1.,0.));
#3403 = ( GEOMETRIC_REPRESENTATION_CONTEXT(2) 
PARAMETRIC_REPRESENTATION_CONTEXT() REPRESENTATION_CONTEXT('2D SPACE',''
  ) );
#3404 = ORIENTED_EDGE('',*,*,#3405,.T.);
#3405 = EDGE_CURVE('',#3378,#3406,#3408,.T.);
#3406 = VERTEX_POINT('',#3407);
#3407 = CARTESIAN_POINT('',(22.865,80.23,1.6));
#3408 = SURFACE_CURVE('',#3409,(#3414,#3421),.PCURVE_S1.);
#3409 = CIRCLE('',#3410,15.8);
#3410 = AXIS2_PLACEMENT_3D('',#3411,#3412,#3413);
#3411 = CARTESIAN_POINT('',(22.865,64.43,1.6));
#3412 = DIRECTION('',(0.,0.,1.));
#3413 = DIRECTION('',(0.,-1.,0.));
#3414 = PCURVE('',#1397,#3415);
#3415 = DEFINITIONAL_REPRESENTATION('',(#3416),#3420);
#3416 = CIRCLE('',#3417,15.8);
#3417 = AXIS2_PLACEMENT_2D('',#3418,#3419);
#3418 = CARTESIAN_POINT('',(22.865,64.43));
#3419 = DIRECTION('',(0.,-1.));
#3420 = ( GEOMETRIC_REPRESENTATION_CONTEXT(2) 
PARAMETRIC_REPRESENTATION_CONTEXT() REPRESENTATION_CONTEXT('2D SPACE',''
  ) );
#3421 = PCURVE('',#3422,#3427);
#3422 = CYLINDRICAL_SURFACE('',#3423,15.8);
#3423 = AXIS2_PLACEMENT_3D('',#3424,#3425,#3426);
#3424 = CARTESIAN_POINT('',(22.865,64.43,1.6));
#3425 = DIRECTION('',(0.,0.,1.));
#3426 = DIRECTION('',(1.,0.,-0.));
#3427 = DEFINITIONAL_REPRESENTATION('',(#3428),#3432);
#3428 = LINE('',#3429,#3430);
#3429 = CARTESIAN_POINT('',(-1.570796326795,0.));
#3430 = VECTOR('',#3431,1.);
#3431 = DIRECTION('',(1.,0.));
#3432 = ( GEOMETRIC_REPRESENTATION_CONTEXT(2) 
PARAMETRIC_REPRESENTATION_CONTEXT() REPRESENTATION_CONTEXT('2D SPACE',''
  ) );
#3433 = ORIENTED_EDGE('',*,*,#3434,.T.);
#3434 = EDGE_CURVE('',#3406,#3435,#3437,.T.);
#3435 = VERTEX_POINT('',#3436);
#3436 = CARTESIAN_POINT('',(-22.865,80.23,1.6));
#3437 = SURFACE_CURVE('',#3438,(#3442,#3449),.PCURVE_S1.);
#3438 = LINE('',#3439,#3440);
#3439 = CARTESIAN_POINT('',(38.665,80.23,1.6));
#3440 = VECTOR('',#3441,1.);
#3441 = DIRECTION('',(-1.,0.,0.));
#3442 = PCURVE('',#1397,#3443);
#3443 = DEFINITIONAL_REPRESENTATION('',(#3444),#3448);
#3444 = LINE('',#3445,#3446);
#3445 = CARTESIAN_POINT('',(38.665,80.23));
#3446 = VECTOR('',#3447,1.);
#3447 = DIRECTION('',(-1.,0.));
#3448 = ( GEOMETRIC_REPRESENTATION_CONTEXT(2) 
PARAMETRIC_REPRESENTATION_CONTEXT() REPRESENTATION_CONTEXT('2D SPACE',''
  ) );
#3449 = PCURVE('',#3450,#3455);
#3450 = PLANE('',#3451);
#3451 = AXIS2_PLACEMENT_3D('',#3452,#3453,#3454);
#3452 = CARTESIAN_POINT('',(38.665,80.23,1.6));
#3453 = DIRECTION('',(0.,-1.,0.));
#3454 = DIRECTION('',(-1.,0.,0.));
#3455 = DEFINITIONAL_REPRESENTATION('',(#3456),#3460);
#3456 = LINE('',#3457,#3458);
#3457 = CARTESIAN_POINT('',(0.,-0.));
#3458 = VECTOR('',#3459,1.);
#3459 = DIRECTION('',(1.,0.));
#3460 = ( GEOMETRIC_REPRESENTATION_CONTEXT(2) 
PARAMETRIC_REPRESENTATION_CONTEXT() REPRESENTATION_CONTEXT('2D SPACE',''
  ) );
#3461 = ORIENTED_EDGE('',*,*,#3462,.T.);
#3462 = EDGE_CURVE('',#3435,#3463,#3465,.T.);
#3463 = VERTEX_POINT('',#3464);
#3464 = CARTESIAN_POINT('',(-38.665,64.43,1.6));
#3465 = SURFACE_CURVE('',#3466,(#3471,#3478),.PCURVE_S1.);
#3466 = CIRCLE('',#3467,15.8);
#3467 = AXIS2_PLACEMENT_3D('',#3468,#3469,#3470);
#3468 = CARTESIAN_POINT('',(-22.865,64.43,1.6));
#3469 = DIRECTION('',(0.,0.,1.));
#3470 = DIRECTION('',(0.,-1.,0.));
#3471 = PCURVE('',#1397,#3472);
#3472 = DEFINITIONAL_REPRESENTATION('',(#3473),#3477);
#3473 = CIRCLE('',#3474,15.8);
#3474 = AXIS2_PLACEMENT_2D('',#3475,#3476);
#3475 = CARTESIAN_POINT('',(-22.865,64.43));
#3476 = DIRECTION('',(0.,-1.));
#3477 = ( GEOMETRIC_REPRESENTATION_CONTEXT(2) 
PARAMETRIC_REPRESENTATION_CONTEXT() REPRESENTATION_CONTEXT('2D SPACE',''
  ) );
#3478 = PCURVE('',#3479,#3484);
#3479 = CYLINDRICAL_SURFACE('',#3480,15.8);
#3480 = AXIS2_PLACEMENT_3D('',#3481,#3482,#3483);
#3481 = CARTESIAN_POINT('',(-22.865,64.43,1.6));
#3482 = DIRECTION('',(0.,0.,1.));
#3483 = DIRECTION('',(-0.,1.,0.));
#3484 = DEFINITIONAL_REPRESENTATION('',(#3485),#3489);
#3485 = LINE('',#3486,#3487);
#3486 = CARTESIAN_POINT('',(-3.14159265359,0.));
#3487 = VECTOR('',#3488,1.);
#3488 = DIRECTION('',(1.,0.));
#3489 = ( GEOMETRIC_REPRESENTATION_CONTEXT(2) 
PARAMETRIC_REPRESENTATION_CONTEXT() REPRESENTATION_CONTEXT('2D SPACE',''
  ) );
#3490 = ORIENTED_EDGE('',*,*,#3491,.T.);
#3491 = EDGE_CURVE('',#3463,#3492,#3494,.T.);
#3492 = VERTEX_POINT('',#3493);
#3493 = CARTESIAN_POINT('',(-38.665,-64.43,1.6));
#3494 = SURFACE_CURVE('',#3495,(#3499,#3506),.PCURVE_S1.);
#3495 = LINE('',#3496,#3497);
#3496 = CARTESIAN_POINT('',(-38.665,80.23,1.6));
#3497 = VECTOR('',#3498,1.);
#3498 = DIRECTION('',(0.,-1.,0.));
#3499 = PCURVE('',#1397,#3500);
#3500 = DEFINITIONAL_REPRESENTATION('',(#3501),#3505);
#3501 = LINE('',#3502,#3503);
#3502 = CARTESIAN_POINT('',(-38.665,80.23));
#3503 = VECTOR('',#3504,1.);
#3504 = DIRECTION('',(0.,-1.));
#3505 = ( GEOMETRIC_REPRESENTATION_CONTEXT(2) 
PARAMETRIC_REPRESENTATION_CONTEXT() REPRESENTATION_CONTEXT('2D SPACE',''
  ) );
#3506 = PCURVE('',#3507,#3512);
#3507 = PLANE('',#3508);
#3508 = AXIS2_PLACEMENT_3D('',#3509,#3510,#3511);
#3509 = CARTESIAN_POINT('',(-38.665,80.23,1.6));
#3510 = DIRECTION('',(1.,0.,-0.));
#3511 = DIRECTION('',(0.,-1.,0.));
#3512 = DEFINITIONAL_REPRESENTATION('',(#3513),#3517);
#3513 = LINE('',#3514,#3515);
#3514 = CARTESIAN_POINT('',(0.,0.));
#3515 = VECTOR('',#3516,1.);
#3516 = DIRECTION('',(1.,0.));
#3517 = ( GEOMETRIC_REPRESENTATION_CONTEXT(2) 
PARAMETRIC_REPRESENTATION_CONTEXT() REPRESENTATION_CONTEXT('2D SPACE',''
  ) );
#3518 = ORIENTED_EDGE('',*,*,#3519,.F.);
#3519 = EDGE_CURVE('',#3319,#3492,#3520,.T.);
#3520 = SURFACE_CURVE('',#3521,(#3526,#3537),.PCURVE_S1.);
#3521 = CIRCLE('',#3522,15.8);
#3522 = AXIS2_PLACEMENT_3D('',#3523,#3524,#3525);
#3523 = CARTESIAN_POINT('',(-22.865,-64.43,1.6));
#3524 = DIRECTION('',(-0.,-0.,-1.));
#3525 = DIRECTION('',(0.,-1.,0.));
#3526 = PCURVE('',#1397,#3527);
#3527 = DEFINITIONAL_REPRESENTATION('',(#3528),#3536);
#3528 = ( BOUNDED_CURVE() B_SPLINE_CURVE(2,(#3529,#3530,#3531,#3532,
#3533,#3534,#3535),.UNSPECIFIED.,.T.,.F.) B_SPLINE_CURVE_WITH_KNOTS((1,2
    ,2,2,2,1),(-2.094395102393,0.,2.094395102393,4.188790204786,
6.28318530718,8.377580409573),.UNSPECIFIED.) CURVE() 
GEOMETRIC_REPRESENTATION_ITEM() RATIONAL_B_SPLINE_CURVE((1.,0.5,1.,0.5,
1.,0.5,1.)) REPRESENTATION_ITEM('') );
#3529 = CARTESIAN_POINT('',(-22.865,-80.23));
#3530 = CARTESIAN_POINT('',(-50.23140275958,-80.23));
#3531 = CARTESIAN_POINT('',(-36.54820137979,-56.53));
#3532 = CARTESIAN_POINT('',(-22.865,-32.83));
#3533 = CARTESIAN_POINT('',(-9.181798620206,-56.53));
#3534 = CARTESIAN_POINT('',(4.501402759588,-80.23));
#3535 = CARTESIAN_POINT('',(-22.865,-80.23));
#3536 = ( GEOMETRIC_REPRESENTATION_CONTEXT(2) 
PARAMETRIC_REPRESENTATION_CONTEXT() REPRESENTATION_CONTEXT('2D SPACE',''
  ) );
#3537 = PCURVE('',#3538,#3543);
#3538 = CYLINDRICAL_SURFACE('',#3539,15.8);
#3539 = AXIS2_PLACEMENT_3D('',#3540,#3541,#3542);
#3540 = CARTESIAN_POINT('',(-22.865,-64.43,1.6));
#3541 = DIRECTION('',(0.,0.,1.));
#3542 = DIRECTION('',(0.,-1.,0.));
#3543 = DEFINITIONAL_REPRESENTATION('',(#3544),#3548);
#3544 = LINE('',#3545,#3546);
#3545 = CARTESIAN_POINT('',(-0.,0.));
#3546 = VECTOR('',#3547,1.);
#3547 = DIRECTION('',(-1.,0.));
#3548 = ( GEOMETRIC_REPRESENTATION_CONTEXT(2) 
PARAMETRIC_REPRESENTATION_CONTEXT() REPRESENTATION_CONTEXT('2D SPACE',''
  ) );
#3549 = FACE_BOUND('',#3550,.T.);
#3550 = EDGE_LOOP('',(#3551,#3581,#3609,#3637,#3665,#3693,#3721,#3749,
    #3777,#3805,#3833));
#3551 = ORIENTED_EDGE('',*,*,#3552,.T.);
#3552 = EDGE_CURVE('',#3553,#3555,#3557,.T.);
#3553 = VERTEX_POINT('',#3554);
#3554 = CARTESIAN_POINT('',(-15.74938964843,-60.13405273437,1.6));
#3555 = VERTEX_POINT('',#3556);
#3556 = CARTESIAN_POINT('',(-18.55310058593,-60.13405273437,1.6));
#3557 = SURFACE_CURVE('',#3558,(#3562,#3569),.PCURVE_S1.);
#3558 = LINE('',#3559,#3560);
#3559 = CARTESIAN_POINT('',(-15.74938964843,-60.13405273437,1.6));
#3560 = VECTOR('',#3561,1.);
#3561 = DIRECTION('',(-1.,0.,0.));
#3562 = PCURVE('',#1397,#3563);
#3563 = DEFINITIONAL_REPRESENTATION('',(#3564),#3568);
#3564 = LINE('',#3565,#3566);
#3565 = CARTESIAN_POINT('',(-15.74938964843,-60.13405273437));
#3566 = VECTOR('',#3567,1.);
#3567 = DIRECTION('',(-1.,0.));
#3568 = ( GEOMETRIC_REPRESENTATION_CONTEXT(2) 
PARAMETRIC_REPRESENTATION_CONTEXT() REPRESENTATION_CONTEXT('2D SPACE',''
  ) );
#3569 = PCURVE('',#3570,#3575);
#3570 = PLANE('',#3571);
#3571 = AXIS2_PLACEMENT_3D('',#3572,#3573,#3574);
#3572 = CARTESIAN_POINT('',(-15.74938964843,-60.13405273437,1.2));
#3573 = DIRECTION('',(0.,-1.,0.));
#3574 = DIRECTION('',(-1.,0.,0.));
#3575 = DEFINITIONAL_REPRESENTATION('',(#3576),#3580);
#3576 = LINE('',#3577,#3578);
#3577 = CARTESIAN_POINT('',(0.,-0.4));
#3578 = VECTOR('',#3579,1.);
#3579 = DIRECTION('',(1.,0.));
#3580 = ( GEOMETRIC_REPRESENTATION_CONTEXT(2) 
PARAMETRIC_REPRESENTATION_CONTEXT() REPRESENTATION_CONTEXT('2D SPACE',''
  ) );
#3581 = ORIENTED_EDGE('',*,*,#3582,.T.);
#3582 = EDGE_CURVE('',#3555,#3583,#3585,.T.);
#3583 = VERTEX_POINT('',#3584);
#3584 = CARTESIAN_POINT('',(-18.55310058593,-59.41969726562,1.6));
#3585 = SURFACE_CURVE('',#3586,(#3590,#3597),.PCURVE_S1.);
#3586 = LINE('',#3587,#3588);
#3587 = CARTESIAN_POINT('',(-18.55310058593,-60.13405273437,1.6));
#3588 = VECTOR('',#3589,1.);
#3589 = DIRECTION('',(0.,1.,0.));
#3590 = PCURVE('',#1397,#3591);
#3591 = DEFINITIONAL_REPRESENTATION('',(#3592),#3596);
#3592 = LINE('',#3593,#3594);
#3593 = CARTESIAN_POINT('',(-18.55310058593,-60.13405273437));
#3594 = VECTOR('',#3595,1.);
#3595 = DIRECTION('',(0.,1.));
#3596 = ( GEOMETRIC_REPRESENTATION_CONTEXT(2) 
PARAMETRIC_REPRESENTATION_CONTEXT() REPRESENTATION_CONTEXT('2D SPACE',''
  ) );
#3597 = PCURVE('',#3598,#3603);
#3598 = PLANE('',#3599);
#3599 = AXIS2_PLACEMENT_3D('',#3600,#3601,#3602);
#3600 = CARTESIAN_POINT('',(-18.55310058593,-60.13405273437,1.2));
#3601 = DIRECTION('',(-1.,0.,0.));
#3602 = DIRECTION('',(0.,1.,0.));
#3603 = DEFINITIONAL_REPRESENTATION('',(#3604),#3608);
#3604 = LINE('',#3605,#3606);
#3605 = CARTESIAN_POINT('',(0.,-0.4));
#3606 = VECTOR('',#3607,1.);
#3607 = DIRECTION('',(1.,0.));
#3608 = ( GEOMETRIC_REPRESENTATION_CONTEXT(2) 
PARAMETRIC_REPRESENTATION_CONTEXT() REPRESENTATION_CONTEXT('2D SPACE',''
  ) );
#3609 = ORIENTED_EDGE('',*,*,#3610,.T.);
#3610 = EDGE_CURVE('',#3583,#3611,#3613,.T.);
#3611 = VERTEX_POINT('',#3612);
#3612 = CARTESIAN_POINT('',(-17.64001464843,-59.41969726562,1.6));
#3613 = SURFACE_CURVE('',#3614,(#3618,#3625),.PCURVE_S1.);
#3614 = LINE('',#3615,#3616);
#3615 = CARTESIAN_POINT('',(-18.55310058593,-59.41969726562,1.6));
#3616 = VECTOR('',#3617,1.);
#3617 = DIRECTION('',(1.,0.,0.));
#3618 = PCURVE('',#1397,#3619);
#3619 = DEFINITIONAL_REPRESENTATION('',(#3620),#3624);
#3620 = LINE('',#3621,#3622);
#3621 = CARTESIAN_POINT('',(-18.55310058593,-59.41969726562));
#3622 = VECTOR('',#3623,1.);
#3623 = DIRECTION('',(1.,0.));
#3624 = ( GEOMETRIC_REPRESENTATION_CONTEXT(2) 
PARAMETRIC_REPRESENTATION_CONTEXT() REPRESENTATION_CONTEXT('2D SPACE',''
  ) );
#3625 = PCURVE('',#3626,#3631);
#3626 = PLANE('',#3627);
#3627 = AXIS2_PLACEMENT_3D('',#3628,#3629,#3630);
#3628 = CARTESIAN_POINT('',(-18.55310058593,-59.41969726562,1.2));
#3629 = DIRECTION('',(0.,1.,0.));
#3630 = DIRECTION('',(1.,0.,0.));
#3631 = DEFINITIONAL_REPRESENTATION('',(#3632),#3636);
#3632 = LINE('',#3633,#3634);
#3633 = CARTESIAN_POINT('',(0.,-0.4));
#3634 = VECTOR('',#3635,1.);
#3635 = DIRECTION('',(1.,0.));
#3636 = ( GEOMETRIC_REPRESENTATION_CONTEXT(2) 
PARAMETRIC_REPRESENTATION_CONTEXT() REPRESENTATION_CONTEXT('2D SPACE',''
  ) );
#3637 = ORIENTED_EDGE('',*,*,#3638,.T.);
#3638 = EDGE_CURVE('',#3611,#3639,#3641,.T.);
#3639 = VERTEX_POINT('',#3640);
#3640 = CARTESIAN_POINT('',(-17.64001464843,-56.82814453125,1.6));
#3641 = SURFACE_CURVE('',#3642,(#3646,#3653),.PCURVE_S1.);
#3642 = LINE('',#3643,#3644);
#3643 = CARTESIAN_POINT('',(-17.64001464843,-59.41969726562,1.6));
#3644 = VECTOR('',#3645,1.);
#3645 = DIRECTION('',(0.,1.,0.));
#3646 = PCURVE('',#1397,#3647);
#3647 = DEFINITIONAL_REPRESENTATION('',(#3648),#3652);
#3648 = LINE('',#3649,#3650);
#3649 = CARTESIAN_POINT('',(-17.64001464843,-59.41969726562));
#3650 = VECTOR('',#3651,1.);
#3651 = DIRECTION('',(0.,1.));
#3652 = ( GEOMETRIC_REPRESENTATION_CONTEXT(2) 
PARAMETRIC_REPRESENTATION_CONTEXT() REPRESENTATION_CONTEXT('2D SPACE',''
  ) );
#3653 = PCURVE('',#3654,#3659);
#3654 = PLANE('',#3655);
#3655 = AXIS2_PLACEMENT_3D('',#3656,#3657,#3658);
#3656 = CARTESIAN_POINT('',(-17.64001464843,-59.41969726562,1.2));
#3657 = DIRECTION('',(-1.,0.,0.));
#3658 = DIRECTION('',(0.,1.,0.));
#3659 = DEFINITIONAL_REPRESENTATION('',(#3660),#3664);
#3660 = LINE('',#3661,#3662);
#3661 = CARTESIAN_POINT('',(0.,-0.4));
#3662 = VECTOR('',#3663,1.);
#3663 = DIRECTION('',(1.,0.));
#3664 = ( GEOMETRIC_REPRESENTATION_CONTEXT(2) 
PARAMETRIC_REPRESENTATION_CONTEXT() REPRESENTATION_CONTEXT('2D SPACE',''
  ) );
#3665 = ORIENTED_EDGE('',*,*,#3666,.T.);
#3666 = EDGE_CURVE('',#3639,#3667,#3669,.T.);
#3667 = VERTEX_POINT('',#3668);
#3668 = CARTESIAN_POINT('',(-18.57727050781,-57.02150390625,1.6));
#3669 = SURFACE_CURVE('',#3670,(#3674,#3681),.PCURVE_S1.);
#3670 = LINE('',#3671,#3672);
#3671 = CARTESIAN_POINT('',(-17.64001464843,-56.82814453125,1.6));
#3672 = VECTOR('',#3673,1.);
#3673 = DIRECTION('',(-0.979375454391,-0.202048804344,0.));
#3674 = PCURVE('',#1397,#3675);
#3675 = DEFINITIONAL_REPRESENTATION('',(#3676),#3680);
#3676 = LINE('',#3677,#3678);
#3677 = CARTESIAN_POINT('',(-17.64001464843,-56.82814453125));
#3678 = VECTOR('',#3679,1.);
#3679 = DIRECTION('',(-0.979375454391,-0.202048804344));
#3680 = ( GEOMETRIC_REPRESENTATION_CONTEXT(2) 
PARAMETRIC_REPRESENTATION_CONTEXT() REPRESENTATION_CONTEXT('2D SPACE',''
  ) );
#3681 = PCURVE('',#3682,#3687);
#3682 = PLANE('',#3683);
#3683 = AXIS2_PLACEMENT_3D('',#3684,#3685,#3686);
#3684 = CARTESIAN_POINT('',(-17.64001464843,-56.82814453125,1.2));
#3685 = DIRECTION('',(0.202048804344,-0.979375454391,0.));
#3686 = DIRECTION('',(-0.979375454391,-0.202048804344,0.));
#3687 = DEFINITIONAL_REPRESENTATION('',(#3688),#3692);
#3688 = LINE('',#3689,#3690);
#3689 = CARTESIAN_POINT('',(0.,-0.4));
#3690 = VECTOR('',#3691,1.);
#3691 = DIRECTION('',(1.,0.));
#3692 = ( GEOMETRIC_REPRESENTATION_CONTEXT(2) 
PARAMETRIC_REPRESENTATION_CONTEXT() REPRESENTATION_CONTEXT('2D SPACE',''
  ) );
#3693 = ORIENTED_EDGE('',*,*,#3694,.T.);
#3694 = EDGE_CURVE('',#3667,#3695,#3697,.T.);
#3695 = VERTEX_POINT('',#3696);
#3696 = CARTESIAN_POINT('',(-18.57727050781,-56.317890625,1.6));
#3697 = SURFACE_CURVE('',#3698,(#3702,#3709),.PCURVE_S1.);
#3698 = LINE('',#3699,#3700);
#3699 = CARTESIAN_POINT('',(-18.57727050781,-57.02150390625,1.6));
#3700 = VECTOR('',#3701,1.);
#3701 = DIRECTION('',(0.,1.,0.));
#3702 = PCURVE('',#1397,#3703);
#3703 = DEFINITIONAL_REPRESENTATION('',(#3704),#3708);
#3704 = LINE('',#3705,#3706);
#3705 = CARTESIAN_POINT('',(-18.57727050781,-57.02150390625));
#3706 = VECTOR('',#3707,1.);
#3707 = DIRECTION('',(0.,1.));
#3708 = ( GEOMETRIC_REPRESENTATION_CONTEXT(2) 
PARAMETRIC_REPRESENTATION_CONTEXT() REPRESENTATION_CONTEXT('2D SPACE',''
  ) );
#3709 = PCURVE('',#3710,#3715);
#3710 = PLANE('',#3711);
#3711 = AXIS2_PLACEMENT_3D('',#3712,#3713,#3714);
#3712 = CARTESIAN_POINT('',(-18.57727050781,-57.02150390625,1.2));
#3713 = DIRECTION('',(-1.,0.,0.));
#3714 = DIRECTION('',(0.,1.,0.));
#3715 = DEFINITIONAL_REPRESENTATION('',(#3716),#3720);
#3716 = LINE('',#3717,#3718);
#3717 = CARTESIAN_POINT('',(0.,-0.4));
#3718 = VECTOR('',#3719,1.);
#3719 = DIRECTION('',(1.,0.));
#3720 = ( GEOMETRIC_REPRESENTATION_CONTEXT(2) 
PARAMETRIC_REPRESENTATION_CONTEXT() REPRESENTATION_CONTEXT('2D SPACE',''
  ) );
#3721 = ORIENTED_EDGE('',*,*,#3722,.T.);
#3722 = EDGE_CURVE('',#3695,#3723,#3725,.T.);
#3723 = VERTEX_POINT('',#3724);
#3724 = CARTESIAN_POINT('',(-17.64538574218,-56.12453125,1.6));
#3725 = SURFACE_CURVE('',#3726,(#3730,#3737),.PCURVE_S1.);
#3726 = LINE('',#3727,#3728);
#3727 = CARTESIAN_POINT('',(-18.57727050781,-56.317890625,1.6));
#3728 = VECTOR('',#3729,1.);
#3729 = DIRECTION('',(0.979144429707,0.203165414809,0.));
#3730 = PCURVE('',#1397,#3731);
#3731 = DEFINITIONAL_REPRESENTATION('',(#3732),#3736);
#3732 = LINE('',#3733,#3734);
#3733 = CARTESIAN_POINT('',(-18.57727050781,-56.317890625));
#3734 = VECTOR('',#3735,1.);
#3735 = DIRECTION('',(0.979144429707,0.203165414809));
#3736 = ( GEOMETRIC_REPRESENTATION_CONTEXT(2) 
PARAMETRIC_REPRESENTATION_CONTEXT() REPRESENTATION_CONTEXT('2D SPACE',''
  ) );
#3737 = PCURVE('',#3738,#3743);
#3738 = PLANE('',#3739);
#3739 = AXIS2_PLACEMENT_3D('',#3740,#3741,#3742);
#3740 = CARTESIAN_POINT('',(-18.57727050781,-56.317890625,1.2));
#3741 = DIRECTION('',(-0.203165414809,0.979144429707,0.));
#3742 = DIRECTION('',(0.979144429707,0.203165414809,0.));
#3743 = DEFINITIONAL_REPRESENTATION('',(#3744),#3748);
#3744 = LINE('',#3745,#3746);
#3745 = CARTESIAN_POINT('',(0.,-0.4));
#3746 = VECTOR('',#3747,1.);
#3747 = DIRECTION('',(1.,0.));
#3748 = ( GEOMETRIC_REPRESENTATION_CONTEXT(2) 
PARAMETRIC_REPRESENTATION_CONTEXT() REPRESENTATION_CONTEXT('2D SPACE',''
  ) );
#3749 = ORIENTED_EDGE('',*,*,#3750,.T.);
#3750 = EDGE_CURVE('',#3723,#3751,#3753,.T.);
#3751 = VERTEX_POINT('',#3752);
#3752 = CARTESIAN_POINT('',(-16.66247558593,-56.12453125,1.6));
#3753 = SURFACE_CURVE('',#3754,(#3758,#3765),.PCURVE_S1.);
#3754 = LINE('',#3755,#3756);
#3755 = CARTESIAN_POINT('',(-17.64538574218,-56.12453125,1.6));
#3756 = VECTOR('',#3757,1.);
#3757 = DIRECTION('',(1.,0.,0.));
#3758 = PCURVE('',#1397,#3759);
#3759 = DEFINITIONAL_REPRESENTATION('',(#3760),#3764);
#3760 = LINE('',#3761,#3762);
#3761 = CARTESIAN_POINT('',(-17.64538574218,-56.12453125));
#3762 = VECTOR('',#3763,1.);
#3763 = DIRECTION('',(1.,0.));
#3764 = ( GEOMETRIC_REPRESENTATION_CONTEXT(2) 
PARAMETRIC_REPRESENTATION_CONTEXT() REPRESENTATION_CONTEXT('2D SPACE',''
  ) );
#3765 = PCURVE('',#3766,#3771);
#3766 = PLANE('',#3767);
#3767 = AXIS2_PLACEMENT_3D('',#3768,#3769,#3770);
#3768 = CARTESIAN_POINT('',(-17.64538574218,-56.12453125,1.2));
#3769 = DIRECTION('',(0.,1.,0.));
#3770 = DIRECTION('',(1.,0.,0.));
#3771 = DEFINITIONAL_REPRESENTATION('',(#3772),#3776);
#3772 = LINE('',#3773,#3774);
#3773 = CARTESIAN_POINT('',(0.,-0.4));
#3774 = VECTOR('',#3775,1.);
#3775 = DIRECTION('',(1.,0.));
#3776 = ( GEOMETRIC_REPRESENTATION_CONTEXT(2) 
PARAMETRIC_REPRESENTATION_CONTEXT() REPRESENTATION_CONTEXT('2D SPACE',''
  ) );
#3777 = ORIENTED_EDGE('',*,*,#3778,.T.);
#3778 = EDGE_CURVE('',#3751,#3779,#3781,.T.);
#3779 = VERTEX_POINT('',#3780);
#3780 = CARTESIAN_POINT('',(-16.66247558593,-59.41969726562,1.6));
#3781 = SURFACE_CURVE('',#3782,(#3786,#3793),.PCURVE_S1.);
#3782 = LINE('',#3783,#3784);
#3783 = CARTESIAN_POINT('',(-16.66247558593,-56.12453125,1.6));
#3784 = VECTOR('',#3785,1.);
#3785 = DIRECTION('',(0.,-1.,0.));
#3786 = PCURVE('',#1397,#3787);
#3787 = DEFINITIONAL_REPRESENTATION('',(#3788),#3792);
#3788 = LINE('',#3789,#3790);
#3789 = CARTESIAN_POINT('',(-16.66247558593,-56.12453125));
#3790 = VECTOR('',#3791,1.);
#3791 = DIRECTION('',(0.,-1.));
#3792 = ( GEOMETRIC_REPRESENTATION_CONTEXT(2) 
PARAMETRIC_REPRESENTATION_CONTEXT() REPRESENTATION_CONTEXT('2D SPACE',''
  ) );
#3793 = PCURVE('',#3794,#3799);
#3794 = PLANE('',#3795);
#3795 = AXIS2_PLACEMENT_3D('',#3796,#3797,#3798);
#3796 = CARTESIAN_POINT('',(-16.66247558593,-56.12453125,1.2));
#3797 = DIRECTION('',(1.,0.,0.));
#3798 = DIRECTION('',(0.,-1.,0.));
#3799 = DEFINITIONAL_REPRESENTATION('',(#3800),#3804);
#3800 = LINE('',#3801,#3802);
#3801 = CARTESIAN_POINT('',(0.,-0.4));
#3802 = VECTOR('',#3803,1.);
#3803 = DIRECTION('',(1.,0.));
#3804 = ( GEOMETRIC_REPRESENTATION_CONTEXT(2) 
PARAMETRIC_REPRESENTATION_CONTEXT() REPRESENTATION_CONTEXT('2D SPACE',''
  ) );
#3805 = ORIENTED_EDGE('',*,*,#3806,.T.);
#3806 = EDGE_CURVE('',#3779,#3807,#3809,.T.);
#3807 = VERTEX_POINT('',#3808);
#3808 = CARTESIAN_POINT('',(-15.74938964843,-59.41969726562,1.6));
#3809 = SURFACE_CURVE('',#3810,(#3814,#3821),.PCURVE_S1.);
#3810 = LINE('',#3811,#3812);
#3811 = CARTESIAN_POINT('',(-16.66247558593,-59.41969726562,1.6));
#3812 = VECTOR('',#3813,1.);
#3813 = DIRECTION('',(1.,0.,0.));
#3814 = PCURVE('',#1397,#3815);
#3815 = DEFINITIONAL_REPRESENTATION('',(#3816),#3820);
#3816 = LINE('',#3817,#3818);
#3817 = CARTESIAN_POINT('',(-16.66247558593,-59.41969726562));
#3818 = VECTOR('',#3819,1.);
#3819 = DIRECTION('',(1.,0.));
#3820 = ( GEOMETRIC_REPRESENTATION_CONTEXT(2) 
PARAMETRIC_REPRESENTATION_CONTEXT() REPRESENTATION_CONTEXT('2D SPACE',''
  ) );
#3821 = PCURVE('',#3822,#3827);
#3822 = PLANE('',#3823);
#3823 = AXIS2_PLACEMENT_3D('',#3824,#3825,#3826);
#3824 = CARTESIAN_POINT('',(-16.66247558593,-59.41969726562,1.2));
#3825 = DIRECTION('',(0.,1.,0.));
#3826 = DIRECTION('',(1.,0.,0.));
#3827 = DEFINITIONAL_REPRESENTATION('',(#3828),#3832);
#3828 = LINE('',#3829,#3830);
#3829 = CARTESIAN_POINT('',(0.,-0.4));
#3830 = VECTOR('',#3831,1.);
#3831 = DIRECTION('',(1.,0.));
#3832 = ( GEOMETRIC_REPRESENTATION_CONTEXT(2) 
PARAMETRIC_REPRESENTATION_CONTEXT() REPRESENTATION_CONTEXT('2D SPACE',''
  ) );
#3833 = ORIENTED_EDGE('',*,*,#3834,.T.);
#3834 = EDGE_CURVE('',#3807,#3553,#3835,.T.);
#3835 = SURFACE_CURVE('',#3836,(#3840,#3847),.PCURVE_S1.);
#3836 = LINE('',#3837,#3838);
#3837 = CARTESIAN_POINT('',(-15.74938964843,-59.41969726562,1.6));
#3838 = VECTOR('',#3839,1.);
#3839 = DIRECTION('',(0.,-1.,0.));
#3840 = PCURVE('',#1397,#3841);
#3841 = DEFINITIONAL_REPRESENTATION('',(#3842),#3846);
#3842 = LINE('',#3843,#3844);
#3843 = CARTESIAN_POINT('',(-15.74938964843,-59.41969726562));
#3844 = VECTOR('',#3845,1.);
#3845 = DIRECTION('',(0.,-1.));
#3846 = ( GEOMETRIC_REPRESENTATION_CONTEXT(2) 
PARAMETRIC_REPRESENTATION_CONTEXT() REPRESENTATION_CONTEXT('2D SPACE',''
  ) );
#3847 = PCURVE('',#3848,#3853);
#3848 = PLANE('',#3849);
#3849 = AXIS2_PLACEMENT_3D('',#3850,#3851,#3852);
#3850 = CARTESIAN_POINT('',(-15.74938964843,-59.41969726562,1.2));
#3851 = DIRECTION('',(1.,0.,0.));
#3852 = DIRECTION('',(0.,-1.,0.));
#3853 = DEFINITIONAL_REPRESENTATION('',(#3854),#3858);
#3854 = LINE('',#3855,#3856);
#3855 = CARTESIAN_POINT('',(0.,-0.4));
#3856 = VECTOR('',#3857,1.);
#3857 = DIRECTION('',(1.,0.));
#3858 = ( GEOMETRIC_REPRESENTATION_CONTEXT(2) 
PARAMETRIC_REPRESENTATION_CONTEXT() REPRESENTATION_CONTEXT('2D SPACE',''
  ) );
#3859 = FACE_BOUND('',#3860,.T.);
#3860 = EDGE_LOOP('',(#3861,#3893,#3921,#3949,#3977,#4005,#4033,#4063,
    #4093,#4123,#4153,#4183,#4213,#4243,#4273,#4301,#4331,#4361,#4391,
    #4421,#4451,#4481));
#3861 = ORIENTED_EDGE('',*,*,#3862,.T.);
#3862 = EDGE_CURVE('',#3863,#3865,#3867,.T.);
#3863 = VERTEX_POINT('',#3864);
#3864 = CARTESIAN_POINT('',(-14.24548339843,-58.20180175781,1.6));
#3865 = VERTEX_POINT('',#3866);
#3866 = CARTESIAN_POINT('',(-14.78796386718,-58.380390625,1.6));
#3867 = SURFACE_CURVE('',#3868,(#3872,#3879),.PCURVE_S1.);
#3868 = B_SPLINE_CURVE_WITH_KNOTS('',2,(#3869,#3870,#3871),
  .UNSPECIFIED.,.F.,.F.,(3,3),(0.,1.),.PIECEWISE_BEZIER_KNOTS.);
#3869 = CARTESIAN_POINT('',(-14.24548339843,-58.20180175781,1.6));
#3870 = CARTESIAN_POINT('',(-14.49792480468,-58.25954101562,1.6));
#3871 = CARTESIAN_POINT('',(-14.78796386718,-58.380390625,1.6));
#3872 = PCURVE('',#1397,#3873);
#3873 = DEFINITIONAL_REPRESENTATION('',(#3874),#3878);
#3874 = B_SPLINE_CURVE_WITH_KNOTS('',2,(#3875,#3876,#3877),
  .UNSPECIFIED.,.F.,.F.,(3,3),(0.,1.),.PIECEWISE_BEZIER_KNOTS.);
#3875 = CARTESIAN_POINT('',(-14.24548339843,-58.20180175781));
#3876 = CARTESIAN_POINT('',(-14.49792480468,-58.25954101562));
#3877 = CARTESIAN_POINT('',(-14.78796386718,-58.380390625));
#3878 = ( GEOMETRIC_REPRESENTATION_CONTEXT(2) 
PARAMETRIC_REPRESENTATION_CONTEXT() REPRESENTATION_CONTEXT('2D SPACE',''
  ) );
#3879 = PCURVE('',#3880,#3887);
#3880 = SURFACE_OF_LINEAR_EXTRUSION('',#3881,#3885);
#3881 = B_SPLINE_CURVE_WITH_KNOTS('',2,(#3882,#3883,#3884),
  .UNSPECIFIED.,.F.,.F.,(3,3),(0.,1.),.PIECEWISE_BEZIER_KNOTS.);
#3882 = CARTESIAN_POINT('',(-14.24548339843,-58.20180175781,1.2));
#3883 = CARTESIAN_POINT('',(-14.49792480468,-58.25954101562,1.2));
#3884 = CARTESIAN_POINT('',(-14.78796386718,-58.380390625,1.2));
#3885 = VECTOR('',#3886,1.);
#3886 = DIRECTION('',(-0.,-0.,-1.));
#3887 = DEFINITIONAL_REPRESENTATION('',(#3888),#3892);
#3888 = LINE('',#3889,#3890);
#3889 = CARTESIAN_POINT('',(0.,-0.4));
#3890 = VECTOR('',#3891,1.);
#3891 = DIRECTION('',(1.,0.));
#3892 = ( GEOMETRIC_REPRESENTATION_CONTEXT(2) 
PARAMETRIC_REPRESENTATION_CONTEXT() REPRESENTATION_CONTEXT('2D SPACE',''
  ) );
#3893 = ORIENTED_EDGE('',*,*,#3894,.T.);
#3894 = EDGE_CURVE('',#3865,#3895,#3897,.T.);
#3895 = VERTEX_POINT('',#3896);
#3896 = CARTESIAN_POINT('',(-14.78796386718,-56.12453125,1.6));
#3897 = SURFACE_CURVE('',#3898,(#3902,#3909),.PCURVE_S1.);
#3898 = LINE('',#3899,#3900);
#3899 = CARTESIAN_POINT('',(-14.78796386718,-58.380390625,1.6));
#3900 = VECTOR('',#3901,1.);
#3901 = DIRECTION('',(0.,1.,0.));
#3902 = PCURVE('',#1397,#3903);
#3903 = DEFINITIONAL_REPRESENTATION('',(#3904),#3908);
#3904 = LINE('',#3905,#3906);
#3905 = CARTESIAN_POINT('',(-14.78796386718,-58.380390625));
#3906 = VECTOR('',#3907,1.);
#3907 = DIRECTION('',(0.,1.));
#3908 = ( GEOMETRIC_REPRESENTATION_CONTEXT(2) 
PARAMETRIC_REPRESENTATION_CONTEXT() REPRESENTATION_CONTEXT('2D SPACE',''
  ) );
#3909 = PCURVE('',#3910,#3915);
#3910 = PLANE('',#3911);
#3911 = AXIS2_PLACEMENT_3D('',#3912,#3913,#3914);
#3912 = CARTESIAN_POINT('',(-14.78796386718,-58.380390625,1.2));
#3913 = DIRECTION('',(-1.,0.,0.));
#3914 = DIRECTION('',(0.,1.,0.));
#3915 = DEFINITIONAL_REPRESENTATION('',(#3916),#3920);
#3916 = LINE('',#3917,#3918);
#3917 = CARTESIAN_POINT('',(0.,-0.4));
#3918 = VECTOR('',#3919,1.);
#3919 = DIRECTION('',(1.,0.));
#3920 = ( GEOMETRIC_REPRESENTATION_CONTEXT(2) 
PARAMETRIC_REPRESENTATION_CONTEXT() REPRESENTATION_CONTEXT('2D SPACE',''
  ) );
#3921 = ORIENTED_EDGE('',*,*,#3922,.T.);
#3922 = EDGE_CURVE('',#3895,#3923,#3925,.T.);
#3923 = VERTEX_POINT('',#3924);
#3924 = CARTESIAN_POINT('',(-12.21789550781,-56.12453125,1.6));
#3925 = SURFACE_CURVE('',#3926,(#3930,#3937),.PCURVE_S1.);
#3926 = LINE('',#3927,#3928);
#3927 = CARTESIAN_POINT('',(-14.78796386718,-56.12453125,1.6));
#3928 = VECTOR('',#3929,1.);
#3929 = DIRECTION('',(1.,0.,0.));
#3930 = PCURVE('',#1397,#3931);
#3931 = DEFINITIONAL_REPRESENTATION('',(#3932),#3936);
#3932 = LINE('',#3933,#3934);
#3933 = CARTESIAN_POINT('',(-14.78796386718,-56.12453125));
#3934 = VECTOR('',#3935,1.);
#3935 = DIRECTION('',(1.,0.));
#3936 = ( GEOMETRIC_REPRESENTATION_CONTEXT(2) 
PARAMETRIC_REPRESENTATION_CONTEXT() REPRESENTATION_CONTEXT('2D SPACE',''
  ) );
#3937 = PCURVE('',#3938,#3943);
#3938 = PLANE('',#3939);
#3939 = AXIS2_PLACEMENT_3D('',#3940,#3941,#3942);
#3940 = CARTESIAN_POINT('',(-14.78796386718,-56.12453125,1.2));
#3941 = DIRECTION('',(0.,1.,0.));
#3942 = DIRECTION('',(1.,0.,0.));
#3943 = DEFINITIONAL_REPRESENTATION('',(#3944),#3948);
#3944 = LINE('',#3945,#3946);
#3945 = CARTESIAN_POINT('',(0.,-0.4));
#3946 = VECTOR('',#3947,1.);
#3947 = DIRECTION('',(1.,0.));
#3948 = ( GEOMETRIC_REPRESENTATION_CONTEXT(2) 
PARAMETRIC_REPRESENTATION_CONTEXT() REPRESENTATION_CONTEXT('2D SPACE',''
  ) );
#3949 = ORIENTED_EDGE('',*,*,#3950,.T.);
#3950 = EDGE_CURVE('',#3923,#3951,#3953,.T.);
#3951 = VERTEX_POINT('',#3952);
#3952 = CARTESIAN_POINT('',(-12.21789550781,-56.88454101562,1.6));
#3953 = SURFACE_CURVE('',#3954,(#3958,#3965),.PCURVE_S1.);
#3954 = LINE('',#3955,#3956);
#3955 = CARTESIAN_POINT('',(-12.21789550781,-56.12453125,1.6));
#3956 = VECTOR('',#3957,1.);
#3957 = DIRECTION('',(0.,-1.,0.));
#3958 = PCURVE('',#1397,#3959);
#3959 = DEFINITIONAL_REPRESENTATION('',(#3960),#3964);
#3960 = LINE('',#3961,#3962);
#3961 = CARTESIAN_POINT('',(-12.21789550781,-56.12453125));
#3962 = VECTOR('',#3963,1.);
#3963 = DIRECTION('',(0.,-1.));
#3964 = ( GEOMETRIC_REPRESENTATION_CONTEXT(2) 
PARAMETRIC_REPRESENTATION_CONTEXT() REPRESENTATION_CONTEXT('2D SPACE',''
  ) );
#3965 = PCURVE('',#3966,#3971);
#3966 = PLANE('',#3967);
#3967 = AXIS2_PLACEMENT_3D('',#3968,#3969,#3970);
#3968 = CARTESIAN_POINT('',(-12.21789550781,-56.12453125,1.2));
#3969 = DIRECTION('',(1.,0.,0.));
#3970 = DIRECTION('',(0.,-1.,0.));
#3971 = DEFINITIONAL_REPRESENTATION('',(#3972),#3976);
#3972 = LINE('',#3973,#3974);
#3973 = CARTESIAN_POINT('',(0.,-0.4));
#3974 = VECTOR('',#3975,1.);
#3975 = DIRECTION('',(1.,0.));
#3976 = ( GEOMETRIC_REPRESENTATION_CONTEXT(2) 
PARAMETRIC_REPRESENTATION_CONTEXT() REPRESENTATION_CONTEXT('2D SPACE',''
  ) );
#3977 = ORIENTED_EDGE('',*,*,#3978,.T.);
#3978 = EDGE_CURVE('',#3951,#3979,#3981,.T.);
#3979 = VERTEX_POINT('',#3980);
#3980 = CARTESIAN_POINT('',(-13.96350097656,-56.88454101562,1.6));
#3981 = SURFACE_CURVE('',#3982,(#3986,#3993),.PCURVE_S1.);
#3982 = LINE('',#3983,#3984);
#3983 = CARTESIAN_POINT('',(-12.21789550781,-56.88454101562,1.6));
#3984 = VECTOR('',#3985,1.);
#3985 = DIRECTION('',(-1.,0.,0.));
#3986 = PCURVE('',#1397,#3987);
#3987 = DEFINITIONAL_REPRESENTATION('',(#3988),#3992);
#3988 = LINE('',#3989,#3990);
#3989 = CARTESIAN_POINT('',(-12.21789550781,-56.88454101562));
#3990 = VECTOR('',#3991,1.);
#3991 = DIRECTION('',(-1.,0.));
#3992 = ( GEOMETRIC_REPRESENTATION_CONTEXT(2) 
PARAMETRIC_REPRESENTATION_CONTEXT() REPRESENTATION_CONTEXT('2D SPACE',''
  ) );
#3993 = PCURVE('',#3994,#3999);
#3994 = PLANE('',#3995);
#3995 = AXIS2_PLACEMENT_3D('',#3996,#3997,#3998);
#3996 = CARTESIAN_POINT('',(-12.21789550781,-56.88454101562,1.2));
#3997 = DIRECTION('',(0.,-1.,0.));
#3998 = DIRECTION('',(-1.,0.,0.));
#3999 = DEFINITIONAL_REPRESENTATION('',(#4000),#4004);
#4000 = LINE('',#4001,#4002);
#4001 = CARTESIAN_POINT('',(0.,-0.4));
#4002 = VECTOR('',#4003,1.);
#4003 = DIRECTION('',(1.,0.));
#4004 = ( GEOMETRIC_REPRESENTATION_CONTEXT(2) 
PARAMETRIC_REPRESENTATION_CONTEXT() REPRESENTATION_CONTEXT('2D SPACE',''
  ) );
#4005 = ORIENTED_EDGE('',*,*,#4006,.T.);
#4006 = EDGE_CURVE('',#3979,#4007,#4009,.T.);
#4007 = VERTEX_POINT('',#4008);
#4008 = CARTESIAN_POINT('',(-13.96350097656,-57.50490234375,1.6));
#4009 = SURFACE_CURVE('',#4010,(#4014,#4021),.PCURVE_S1.);
#4010 = LINE('',#4011,#4012);
#4011 = CARTESIAN_POINT('',(-13.96350097656,-56.88454101562,1.6));
#4012 = VECTOR('',#4013,1.);
#4013 = DIRECTION('',(0.,-1.,0.));
#4014 = PCURVE('',#1397,#4015);
#4015 = DEFINITIONAL_REPRESENTATION('',(#4016),#4020);
#4016 = LINE('',#4017,#4018);
#4017 = CARTESIAN_POINT('',(-13.96350097656,-56.88454101562));
#4018 = VECTOR('',#4019,1.);
#4019 = DIRECTION('',(0.,-1.));
#4020 = ( GEOMETRIC_REPRESENTATION_CONTEXT(2) 
PARAMETRIC_REPRESENTATION_CONTEXT() REPRESENTATION_CONTEXT('2D SPACE',''
  ) );
#4021 = PCURVE('',#4022,#4027);
#4022 = PLANE('',#4023);
#4023 = AXIS2_PLACEMENT_3D('',#4024,#4025,#4026);
#4024 = CARTESIAN_POINT('',(-13.96350097656,-56.88454101562,1.2));
#4025 = DIRECTION('',(1.,0.,0.));
#4026 = DIRECTION('',(0.,-1.,0.));
#4027 = DEFINITIONAL_REPRESENTATION('',(#4028),#4032);
#4028 = LINE('',#4029,#4030);
#4029 = CARTESIAN_POINT('',(0.,-0.4));
#4030 = VECTOR('',#4031,1.);
#4031 = DIRECTION('',(1.,0.));
#4032 = ( GEOMETRIC_REPRESENTATION_CONTEXT(2) 
PARAMETRIC_REPRESENTATION_CONTEXT() REPRESENTATION_CONTEXT('2D SPACE',''
  ) );
#4033 = ORIENTED_EDGE('',*,*,#4034,.T.);
#4034 = EDGE_CURVE('',#4007,#4035,#4037,.T.);
#4035 = VERTEX_POINT('',#4036);
#4036 = CARTESIAN_POINT('',(-13.72583007812,-57.45521972656,1.6));
#4037 = SURFACE_CURVE('',#4038,(#4042,#4049),.PCURVE_S1.);
#4038 = B_SPLINE_CURVE_WITH_KNOTS('',2,(#4039,#4040,#4041),
  .UNSPECIFIED.,.F.,.F.,(3,3),(0.,1.),.PIECEWISE_BEZIER_KNOTS.);
#4039 = CARTESIAN_POINT('',(-13.96350097656,-57.50490234375,1.6));
#4040 = CARTESIAN_POINT('',(-13.84533691406,-57.47267578125,1.6));
#4041 = CARTESIAN_POINT('',(-13.72583007812,-57.45521972656,1.6));
#4042 = PCURVE('',#1397,#4043);
#4043 = DEFINITIONAL_REPRESENTATION('',(#4044),#4048);
#4044 = B_SPLINE_CURVE_WITH_KNOTS('',2,(#4045,#4046,#4047),
  .UNSPECIFIED.,.F.,.F.,(3,3),(0.,1.),.PIECEWISE_BEZIER_KNOTS.);
#4045 = CARTESIAN_POINT('',(-13.96350097656,-57.50490234375));
#4046 = CARTESIAN_POINT('',(-13.84533691406,-57.47267578125));
#4047 = CARTESIAN_POINT('',(-13.72583007812,-57.45521972656));
#4048 = ( GEOMETRIC_REPRESENTATION_CONTEXT(2) 
PARAMETRIC_REPRESENTATION_CONTEXT() REPRESENTATION_CONTEXT('2D SPACE',''
  ) );
#4049 = PCURVE('',#4050,#4057);
#4050 = SURFACE_OF_LINEAR_EXTRUSION('',#4051,#4055);
#4051 = B_SPLINE_CURVE_WITH_KNOTS('',2,(#4052,#4053,#4054),
  .UNSPECIFIED.,.F.,.F.,(3,3),(0.,1.),.PIECEWISE_BEZIER_KNOTS.);
#4052 = CARTESIAN_POINT('',(-13.96350097656,-57.50490234375,1.2));
#4053 = CARTESIAN_POINT('',(-13.84533691406,-57.47267578125,1.2));
#4054 = CARTESIAN_POINT('',(-13.72583007812,-57.45521972656,1.2));
#4055 = VECTOR('',#4056,1.);
#4056 = DIRECTION('',(-0.,-0.,-1.));
#4057 = DEFINITIONAL_REPRESENTATION('',(#4058),#4062);
#4058 = LINE('',#4059,#4060);
#4059 = CARTESIAN_POINT('',(0.,-0.4));
#4060 = VECTOR('',#4061,1.);
#4061 = DIRECTION('',(1.,0.));
#4062 = ( GEOMETRIC_REPRESENTATION_CONTEXT(2) 
PARAMETRIC_REPRESENTATION_CONTEXT() REPRESENTATION_CONTEXT('2D SPACE',''
  ) );
#4063 = ORIENTED_EDGE('',*,*,#4064,.T.);
#4064 = EDGE_CURVE('',#4035,#4065,#4067,.T.);
#4065 = VERTEX_POINT('',#4066);
#4066 = CARTESIAN_POINT('',(-13.47741699218,-57.43776367187,1.6));
#4067 = SURFACE_CURVE('',#4068,(#4072,#4079),.PCURVE_S1.);
#4068 = B_SPLINE_CURVE_WITH_KNOTS('',2,(#4069,#4070,#4071),
  .UNSPECIFIED.,.F.,.F.,(3,3),(0.,1.),.PIECEWISE_BEZIER_KNOTS.);
#4069 = CARTESIAN_POINT('',(-13.72583007812,-57.45521972656,1.6));
#4070 = CARTESIAN_POINT('',(-13.60632324218,-57.43776367187,1.6));
#4071 = CARTESIAN_POINT('',(-13.47741699218,-57.43776367187,1.6));
#4072 = PCURVE('',#1397,#4073);
#4073 = DEFINITIONAL_REPRESENTATION('',(#4074),#4078);
#4074 = B_SPLINE_CURVE_WITH_KNOTS('',2,(#4075,#4076,#4077),
  .UNSPECIFIED.,.F.,.F.,(3,3),(0.,1.),.PIECEWISE_BEZIER_KNOTS.);
#4075 = CARTESIAN_POINT('',(-13.72583007812,-57.45521972656));
#4076 = CARTESIAN_POINT('',(-13.60632324218,-57.43776367187));
#4077 = CARTESIAN_POINT('',(-13.47741699218,-57.43776367187));
#4078 = ( GEOMETRIC_REPRESENTATION_CONTEXT(2) 
PARAMETRIC_REPRESENTATION_CONTEXT() REPRESENTATION_CONTEXT('2D SPACE',''
  ) );
#4079 = PCURVE('',#4080,#4087);
#4080 = SURFACE_OF_LINEAR_EXTRUSION('',#4081,#4085);
#4081 = B_SPLINE_CURVE_WITH_KNOTS('',2,(#4082,#4083,#4084),
  .UNSPECIFIED.,.F.,.F.,(3,3),(0.,1.),.PIECEWISE_BEZIER_KNOTS.);
#4082 = CARTESIAN_POINT('',(-13.72583007812,-57.45521972656,1.2));
#4083 = CARTESIAN_POINT('',(-13.60632324218,-57.43776367187,1.2));
#4084 = CARTESIAN_POINT('',(-13.47741699218,-57.43776367187,1.2));
#4085 = VECTOR('',#4086,1.);
#4086 = DIRECTION('',(-0.,-0.,-1.));
#4087 = DEFINITIONAL_REPRESENTATION('',(#4088),#4092);
#4088 = LINE('',#4089,#4090);
#4089 = CARTESIAN_POINT('',(0.,-0.4));
#4090 = VECTOR('',#4091,1.);
#4091 = DIRECTION('',(1.,0.));
#4092 = ( GEOMETRIC_REPRESENTATION_CONTEXT(2) 
PARAMETRIC_REPRESENTATION_CONTEXT() REPRESENTATION_CONTEXT('2D SPACE',''
  ) );
#4093 = ORIENTED_EDGE('',*,*,#4094,.T.);
#4094 = EDGE_CURVE('',#4065,#4095,#4097,.T.);
#4095 = VERTEX_POINT('',#4096);
#4096 = CARTESIAN_POINT('',(-12.33605957031,-57.80434082031,1.6));
#4097 = SURFACE_CURVE('',#4098,(#4102,#4109),.PCURVE_S1.);
#4098 = B_SPLINE_CURVE_WITH_KNOTS('',2,(#4099,#4100,#4101),
  .UNSPECIFIED.,.F.,.F.,(3,3),(0.,1.),.PIECEWISE_BEZIER_KNOTS.);
#4099 = CARTESIAN_POINT('',(-13.47741699218,-57.43776367187,1.6));
#4100 = CARTESIAN_POINT('',(-12.74426269531,-57.43776367187,1.6));
#4101 = CARTESIAN_POINT('',(-12.33605957031,-57.80434082031,1.6));
#4102 = PCURVE('',#1397,#4103);
#4103 = DEFINITIONAL_REPRESENTATION('',(#4104),#4108);
#4104 = B_SPLINE_CURVE_WITH_KNOTS('',2,(#4105,#4106,#4107),
  .UNSPECIFIED.,.F.,.F.,(3,3),(0.,1.),.PIECEWISE_BEZIER_KNOTS.);
#4105 = CARTESIAN_POINT('',(-13.47741699218,-57.43776367187));
#4106 = CARTESIAN_POINT('',(-12.74426269531,-57.43776367187));
#4107 = CARTESIAN_POINT('',(-12.33605957031,-57.80434082031));
#4108 = ( GEOMETRIC_REPRESENTATION_CONTEXT(2) 
PARAMETRIC_REPRESENTATION_CONTEXT() REPRESENTATION_CONTEXT('2D SPACE',''
  ) );
#4109 = PCURVE('',#4110,#4117);
#4110 = SURFACE_OF_LINEAR_EXTRUSION('',#4111,#4115);
#4111 = B_SPLINE_CURVE_WITH_KNOTS('',2,(#4112,#4113,#4114),
  .UNSPECIFIED.,.F.,.F.,(3,3),(0.,1.),.PIECEWISE_BEZIER_KNOTS.);
#4112 = CARTESIAN_POINT('',(-13.47741699218,-57.43776367187,1.2));
#4113 = CARTESIAN_POINT('',(-12.74426269531,-57.43776367187,1.2));
#4114 = CARTESIAN_POINT('',(-12.33605957031,-57.80434082031,1.2));
#4115 = VECTOR('',#4116,1.);
#4116 = DIRECTION('',(-0.,-0.,-1.));
#4117 = DEFINITIONAL_REPRESENTATION('',(#4118),#4122);
#4118 = LINE('',#4119,#4120);
#4119 = CARTESIAN_POINT('',(0.,-0.4));
#4120 = VECTOR('',#4121,1.);
#4121 = DIRECTION('',(1.,0.));
#4122 = ( GEOMETRIC_REPRESENTATION_CONTEXT(2) 
PARAMETRIC_REPRESENTATION_CONTEXT() REPRESENTATION_CONTEXT('2D SPACE',''
  ) );
#4123 = ORIENTED_EDGE('',*,*,#4124,.T.);
#4124 = EDGE_CURVE('',#4095,#4125,#4127,.T.);
#4125 = VERTEX_POINT('',#4126);
#4126 = CARTESIAN_POINT('',(-11.92785644531,-58.82619140625,1.6));
#4127 = SURFACE_CURVE('',#4128,(#4132,#4139),.PCURVE_S1.);
#4128 = B_SPLINE_CURVE_WITH_KNOTS('',2,(#4129,#4130,#4131),
  .UNSPECIFIED.,.F.,.F.,(3,3),(0.,1.),.PIECEWISE_BEZIER_KNOTS.);
#4129 = CARTESIAN_POINT('',(-12.33605957031,-57.80434082031,1.6));
#4130 = CARTESIAN_POINT('',(-11.92785644531,-58.17091796875,1.6));
#4131 = CARTESIAN_POINT('',(-11.92785644531,-58.82619140625,1.6));
#4132 = PCURVE('',#1397,#4133);
#4133 = DEFINITIONAL_REPRESENTATION('',(#4134),#4138);
#4134 = B_SPLINE_CURVE_WITH_KNOTS('',2,(#4135,#4136,#4137),
  .UNSPECIFIED.,.F.,.F.,(3,3),(0.,1.),.PIECEWISE_BEZIER_KNOTS.);
#4135 = CARTESIAN_POINT('',(-12.33605957031,-57.80434082031));
#4136 = CARTESIAN_POINT('',(-11.92785644531,-58.17091796875));
#4137 = CARTESIAN_POINT('',(-11.92785644531,-58.82619140625));
#4138 = ( GEOMETRIC_REPRESENTATION_CONTEXT(2) 
PARAMETRIC_REPRESENTATION_CONTEXT() REPRESENTATION_CONTEXT('2D SPACE',''
  ) );
#4139 = PCURVE('',#4140,#4147);
#4140 = SURFACE_OF_LINEAR_EXTRUSION('',#4141,#4145);
#4141 = B_SPLINE_CURVE_WITH_KNOTS('',2,(#4142,#4143,#4144),
  .UNSPECIFIED.,.F.,.F.,(3,3),(0.,1.),.PIECEWISE_BEZIER_KNOTS.);
#4142 = CARTESIAN_POINT('',(-12.33605957031,-57.80434082031,1.2));
#4143 = CARTESIAN_POINT('',(-11.92785644531,-58.17091796875,1.2));
#4144 = CARTESIAN_POINT('',(-11.92785644531,-58.82619140625,1.2));
#4145 = VECTOR('',#4146,1.);
#4146 = DIRECTION('',(-0.,-0.,-1.));
#4147 = DEFINITIONAL_REPRESENTATION('',(#4148),#4152);
#4148 = LINE('',#4149,#4150);
#4149 = CARTESIAN_POINT('',(0.,-0.4));
#4150 = VECTOR('',#4151,1.);
#4151 = DIRECTION('',(1.,0.));
#4152 = ( GEOMETRIC_REPRESENTATION_CONTEXT(2) 
PARAMETRIC_REPRESENTATION_CONTEXT() REPRESENTATION_CONTEXT('2D SPACE',''
  ) );
#4153 = ORIENTED_EDGE('',*,*,#4154,.T.);
#4154 = EDGE_CURVE('',#4125,#4155,#4157,.T.);
#4155 = VERTEX_POINT('',#4156);
#4156 = CARTESIAN_POINT('',(-12.37231445312,-59.84401367187,1.6));
#4157 = SURFACE_CURVE('',#4158,(#4162,#4169),.PCURVE_S1.);
#4158 = B_SPLINE_CURVE_WITH_KNOTS('',2,(#4159,#4160,#4161),
  .UNSPECIFIED.,.F.,.F.,(3,3),(0.,1.),.PIECEWISE_BEZIER_KNOTS.);
#4159 = CARTESIAN_POINT('',(-11.92785644531,-58.82619140625,1.6));
#4160 = CARTESIAN_POINT('',(-11.92785644531,-59.47609375,1.6));
#4161 = CARTESIAN_POINT('',(-12.37231445312,-59.84401367187,1.6));
#4162 = PCURVE('',#1397,#4163);
#4163 = DEFINITIONAL_REPRESENTATION('',(#4164),#4168);
#4164 = B_SPLINE_CURVE_WITH_KNOTS('',2,(#4165,#4166,#4167),
  .UNSPECIFIED.,.F.,.F.,(3,3),(0.,1.),.PIECEWISE_BEZIER_KNOTS.);
#4165 = CARTESIAN_POINT('',(-11.92785644531,-58.82619140625));
#4166 = CARTESIAN_POINT('',(-11.92785644531,-59.47609375));
#4167 = CARTESIAN_POINT('',(-12.37231445312,-59.84401367187));
#4168 = ( GEOMETRIC_REPRESENTATION_CONTEXT(2) 
PARAMETRIC_REPRESENTATION_CONTEXT() REPRESENTATION_CONTEXT('2D SPACE',''
  ) );
#4169 = PCURVE('',#4170,#4177);
#4170 = SURFACE_OF_LINEAR_EXTRUSION('',#4171,#4175);
#4171 = B_SPLINE_CURVE_WITH_KNOTS('',2,(#4172,#4173,#4174),
  .UNSPECIFIED.,.F.,.F.,(3,3),(0.,1.),.PIECEWISE_BEZIER_KNOTS.);
#4172 = CARTESIAN_POINT('',(-11.92785644531,-58.82619140625,1.2));
#4173 = CARTESIAN_POINT('',(-11.92785644531,-59.47609375,1.2));
#4174 = CARTESIAN_POINT('',(-12.37231445312,-59.84401367187,1.2));
#4175 = VECTOR('',#4176,1.);
#4176 = DIRECTION('',(-0.,-0.,-1.));
#4177 = DEFINITIONAL_REPRESENTATION('',(#4178),#4182);
#4178 = LINE('',#4179,#4180);
#4179 = CARTESIAN_POINT('',(0.,-0.4));
#4180 = VECTOR('',#4181,1.);
#4181 = DIRECTION('',(1.,0.));
#4182 = ( GEOMETRIC_REPRESENTATION_CONTEXT(2) 
PARAMETRIC_REPRESENTATION_CONTEXT() REPRESENTATION_CONTEXT('2D SPACE',''
  ) );
#4183 = ORIENTED_EDGE('',*,*,#4184,.T.);
#4184 = EDGE_CURVE('',#4155,#4185,#4187,.T.);
#4185 = VERTEX_POINT('',#4186);
#4186 = CARTESIAN_POINT('',(-13.60632324218,-60.21193359375,1.6));
#4187 = SURFACE_CURVE('',#4188,(#4192,#4199),.PCURVE_S1.);
#4188 = B_SPLINE_CURVE_WITH_KNOTS('',2,(#4189,#4190,#4191),
  .UNSPECIFIED.,.F.,.F.,(3,3),(0.,1.),.PIECEWISE_BEZIER_KNOTS.);
#4189 = CARTESIAN_POINT('',(-12.37231445312,-59.84401367187,1.6));
#4190 = CARTESIAN_POINT('',(-12.81677246093,-60.21193359375,1.6));
#4191 = CARTESIAN_POINT('',(-13.60632324218,-60.21193359375,1.6));
#4192 = PCURVE('',#1397,#4193);
#4193 = DEFINITIONAL_REPRESENTATION('',(#4194),#4198);
#4194 = B_SPLINE_CURVE_WITH_KNOTS('',2,(#4195,#4196,#4197),
  .UNSPECIFIED.,.F.,.F.,(3,3),(0.,1.),.PIECEWISE_BEZIER_KNOTS.);
#4195 = CARTESIAN_POINT('',(-12.37231445312,-59.84401367187));
#4196 = CARTESIAN_POINT('',(-12.81677246093,-60.21193359375));
#4197 = CARTESIAN_POINT('',(-13.60632324218,-60.21193359375));
#4198 = ( GEOMETRIC_REPRESENTATION_CONTEXT(2) 
PARAMETRIC_REPRESENTATION_CONTEXT() REPRESENTATION_CONTEXT('2D SPACE',''
  ) );
#4199 = PCURVE('',#4200,#4207);
#4200 = SURFACE_OF_LINEAR_EXTRUSION('',#4201,#4205);
#4201 = B_SPLINE_CURVE_WITH_KNOTS('',2,(#4202,#4203,#4204),
  .UNSPECIFIED.,.F.,.F.,(3,3),(0.,1.),.PIECEWISE_BEZIER_KNOTS.);
#4202 = CARTESIAN_POINT('',(-12.37231445312,-59.84401367187,1.2));
#4203 = CARTESIAN_POINT('',(-12.81677246093,-60.21193359375,1.2));
#4204 = CARTESIAN_POINT('',(-13.60632324218,-60.21193359375,1.2));
#4205 = VECTOR('',#4206,1.);
#4206 = DIRECTION('',(-0.,-0.,-1.));
#4207 = DEFINITIONAL_REPRESENTATION('',(#4208),#4212);
#4208 = LINE('',#4209,#4210);
#4209 = CARTESIAN_POINT('',(0.,-0.4));
#4210 = VECTOR('',#4211,1.);
#4211 = DIRECTION('',(1.,0.));
#4212 = ( GEOMETRIC_REPRESENTATION_CONTEXT(2) 
PARAMETRIC_REPRESENTATION_CONTEXT() REPRESENTATION_CONTEXT('2D SPACE',''
  ) );
#4213 = ORIENTED_EDGE('',*,*,#4214,.T.);
#4214 = EDGE_CURVE('',#4185,#4215,#4217,.T.);
#4215 = VERTEX_POINT('',#4216);
#4216 = CARTESIAN_POINT('',(-14.28173828125,-60.14613769531,1.6));
#4217 = SURFACE_CURVE('',#4218,(#4222,#4229),.PCURVE_S1.);
#4218 = B_SPLINE_CURVE_WITH_KNOTS('',2,(#4219,#4220,#4221),
  .UNSPECIFIED.,.F.,.F.,(3,3),(0.,1.),.PIECEWISE_BEZIER_KNOTS.);
#4219 = CARTESIAN_POINT('',(-13.60632324218,-60.21193359375,1.6));
#4220 = CARTESIAN_POINT('',(-13.94738769531,-60.21193359375,1.6));
#4221 = CARTESIAN_POINT('',(-14.28173828125,-60.14613769531,1.6));
#4222 = PCURVE('',#1397,#4223);
#4223 = DEFINITIONAL_REPRESENTATION('',(#4224),#4228);
#4224 = B_SPLINE_CURVE_WITH_KNOTS('',2,(#4225,#4226,#4227),
  .UNSPECIFIED.,.F.,.F.,(3,3),(0.,1.),.PIECEWISE_BEZIER_KNOTS.);
#4225 = CARTESIAN_POINT('',(-13.60632324218,-60.21193359375));
#4226 = CARTESIAN_POINT('',(-13.94738769531,-60.21193359375));
#4227 = CARTESIAN_POINT('',(-14.28173828125,-60.14613769531));
#4228 = ( GEOMETRIC_REPRESENTATION_CONTEXT(2) 
PARAMETRIC_REPRESENTATION_CONTEXT() REPRESENTATION_CONTEXT('2D SPACE',''
  ) );
#4229 = PCURVE('',#4230,#4237);
#4230 = SURFACE_OF_LINEAR_EXTRUSION('',#4231,#4235);
#4231 = B_SPLINE_CURVE_WITH_KNOTS('',2,(#4232,#4233,#4234),
  .UNSPECIFIED.,.F.,.F.,(3,3),(0.,1.),.PIECEWISE_BEZIER_KNOTS.);
#4232 = CARTESIAN_POINT('',(-13.60632324218,-60.21193359375,1.2));
#4233 = CARTESIAN_POINT('',(-13.94738769531,-60.21193359375,1.2));
#4234 = CARTESIAN_POINT('',(-14.28173828125,-60.14613769531,1.2));
#4235 = VECTOR('',#4236,1.);
#4236 = DIRECTION('',(-0.,-0.,-1.));
#4237 = DEFINITIONAL_REPRESENTATION('',(#4238),#4242);
#4238 = LINE('',#4239,#4240);
#4239 = CARTESIAN_POINT('',(0.,-0.4));
#4240 = VECTOR('',#4241,1.);
#4241 = DIRECTION('',(1.,0.));
#4242 = ( GEOMETRIC_REPRESENTATION_CONTEXT(2) 
PARAMETRIC_REPRESENTATION_CONTEXT() REPRESENTATION_CONTEXT('2D SPACE',''
  ) );
#4243 = ORIENTED_EDGE('',*,*,#4244,.T.);
#4244 = EDGE_CURVE('',#4215,#4245,#4247,.T.);
#4245 = VERTEX_POINT('',#4246);
#4246 = CARTESIAN_POINT('',(-14.94641113281,-59.94606445312,1.6));
#4247 = SURFACE_CURVE('',#4248,(#4252,#4259),.PCURVE_S1.);
#4248 = B_SPLINE_CURVE_WITH_KNOTS('',2,(#4249,#4250,#4251),
  .UNSPECIFIED.,.F.,.F.,(3,3),(0.,1.),.PIECEWISE_BEZIER_KNOTS.);
#4249 = CARTESIAN_POINT('',(-14.28173828125,-60.14613769531,1.6));
#4250 = CARTESIAN_POINT('',(-14.61608886718,-60.08034179687,1.6));
#4251 = CARTESIAN_POINT('',(-14.94641113281,-59.94606445312,1.6));
#4252 = PCURVE('',#1397,#4253);
#4253 = DEFINITIONAL_REPRESENTATION('',(#4254),#4258);
#4254 = B_SPLINE_CURVE_WITH_KNOTS('',2,(#4255,#4256,#4257),
  .UNSPECIFIED.,.F.,.F.,(3,3),(0.,1.),.PIECEWISE_BEZIER_KNOTS.);
#4255 = CARTESIAN_POINT('',(-14.28173828125,-60.14613769531));
#4256 = CARTESIAN_POINT('',(-14.61608886718,-60.08034179687));
#4257 = CARTESIAN_POINT('',(-14.94641113281,-59.94606445312));
#4258 = ( GEOMETRIC_REPRESENTATION_CONTEXT(2) 
PARAMETRIC_REPRESENTATION_CONTEXT() REPRESENTATION_CONTEXT('2D SPACE',''
  ) );
#4259 = PCURVE('',#4260,#4267);
#4260 = SURFACE_OF_LINEAR_EXTRUSION('',#4261,#4265);
#4261 = B_SPLINE_CURVE_WITH_KNOTS('',2,(#4262,#4263,#4264),
  .UNSPECIFIED.,.F.,.F.,(3,3),(0.,1.),.PIECEWISE_BEZIER_KNOTS.);
#4262 = CARTESIAN_POINT('',(-14.28173828125,-60.14613769531,1.2));
#4263 = CARTESIAN_POINT('',(-14.61608886718,-60.08034179687,1.2));
#4264 = CARTESIAN_POINT('',(-14.94641113281,-59.94606445312,1.2));
#4265 = VECTOR('',#4266,1.);
#4266 = DIRECTION('',(-0.,-0.,-1.));
#4267 = DEFINITIONAL_REPRESENTATION('',(#4268),#4272);
#4268 = LINE('',#4269,#4270);
#4269 = CARTESIAN_POINT('',(0.,-0.4));
#4270 = VECTOR('',#4271,1.);
#4271 = DIRECTION('',(1.,0.));
#4272 = ( GEOMETRIC_REPRESENTATION_CONTEXT(2) 
PARAMETRIC_REPRESENTATION_CONTEXT() REPRESENTATION_CONTEXT('2D SPACE',''
  ) );
#4273 = ORIENTED_EDGE('',*,*,#4274,.T.);
#4274 = EDGE_CURVE('',#4245,#4275,#4277,.T.);
#4275 = VERTEX_POINT('',#4276);
#4276 = CARTESIAN_POINT('',(-14.94641113281,-59.13234375,1.6));
#4277 = SURFACE_CURVE('',#4278,(#4282,#4289),.PCURVE_S1.);
#4278 = LINE('',#4279,#4280);
#4279 = CARTESIAN_POINT('',(-14.94641113281,-59.94606445312,1.6));
#4280 = VECTOR('',#4281,1.);
#4281 = DIRECTION('',(0.,1.,0.));
#4282 = PCURVE('',#1397,#4283);
#4283 = DEFINITIONAL_REPRESENTATION('',(#4284),#4288);
#4284 = LINE('',#4285,#4286);
#4285 = CARTESIAN_POINT('',(-14.94641113281,-59.94606445312));
#4286 = VECTOR('',#4287,1.);
#4287 = DIRECTION('',(0.,1.));
#4288 = ( GEOMETRIC_REPRESENTATION_CONTEXT(2) 
PARAMETRIC_REPRESENTATION_CONTEXT() REPRESENTATION_CONTEXT('2D SPACE',''
  ) );
#4289 = PCURVE('',#4290,#4295);
#4290 = PLANE('',#4291);
#4291 = AXIS2_PLACEMENT_3D('',#4292,#4293,#4294);
#4292 = CARTESIAN_POINT('',(-14.94641113281,-59.94606445312,1.2));
#4293 = DIRECTION('',(-1.,0.,0.));
#4294 = DIRECTION('',(0.,1.,0.));
#4295 = DEFINITIONAL_REPRESENTATION('',(#4296),#4300);
#4296 = LINE('',#4297,#4298);
#4297 = CARTESIAN_POINT('',(0.,-0.4));
#4298 = VECTOR('',#4299,1.);
#4299 = DIRECTION('',(1.,0.));
#4300 = ( GEOMETRIC_REPRESENTATION_CONTEXT(2) 
PARAMETRIC_REPRESENTATION_CONTEXT() REPRESENTATION_CONTEXT('2D SPACE',''
  ) );
#4301 = ORIENTED_EDGE('',*,*,#4302,.T.);
#4302 = EDGE_CURVE('',#4275,#4303,#4305,.T.);
#4303 = VERTEX_POINT('',#4304);
#4304 = CARTESIAN_POINT('',(-14.32470703125,-59.41432617187,1.6));
#4305 = SURFACE_CURVE('',#4306,(#4310,#4317),.PCURVE_S1.);
#4306 = B_SPLINE_CURVE_WITH_KNOTS('',2,(#4307,#4308,#4309),
  .UNSPECIFIED.,.F.,.F.,(3,3),(0.,1.),.PIECEWISE_BEZIER_KNOTS.);
#4307 = CARTESIAN_POINT('',(-14.94641113281,-59.13234375,1.6));
#4308 = CARTESIAN_POINT('',(-14.61877441406,-59.32033203125,1.6));
#4309 = CARTESIAN_POINT('',(-14.32470703125,-59.41432617187,1.6));
#4310 = PCURVE('',#1397,#4311);
#4311 = DEFINITIONAL_REPRESENTATION('',(#4312),#4316);
#4312 = B_SPLINE_CURVE_WITH_KNOTS('',2,(#4313,#4314,#4315),
  .UNSPECIFIED.,.F.,.F.,(3,3),(0.,1.),.PIECEWISE_BEZIER_KNOTS.);
#4313 = CARTESIAN_POINT('',(-14.94641113281,-59.13234375));
#4314 = CARTESIAN_POINT('',(-14.61877441406,-59.32033203125));
#4315 = CARTESIAN_POINT('',(-14.32470703125,-59.41432617187));
#4316 = ( GEOMETRIC_REPRESENTATION_CONTEXT(2) 
PARAMETRIC_REPRESENTATION_CONTEXT() REPRESENTATION_CONTEXT('2D SPACE',''
  ) );
#4317 = PCURVE('',#4318,#4325);
#4318 = SURFACE_OF_LINEAR_EXTRUSION('',#4319,#4323);
#4319 = B_SPLINE_CURVE_WITH_KNOTS('',2,(#4320,#4321,#4322),
  .UNSPECIFIED.,.F.,.F.,(3,3),(0.,1.),.PIECEWISE_BEZIER_KNOTS.);
#4320 = CARTESIAN_POINT('',(-14.94641113281,-59.13234375,1.2));
#4321 = CARTESIAN_POINT('',(-14.61877441406,-59.32033203125,1.2));
#4322 = CARTESIAN_POINT('',(-14.32470703125,-59.41432617187,1.2));
#4323 = VECTOR('',#4324,1.);
#4324 = DIRECTION('',(-0.,-0.,-1.));
#4325 = DEFINITIONAL_REPRESENTATION('',(#4326),#4330);
#4326 = LINE('',#4327,#4328);
#4327 = CARTESIAN_POINT('',(0.,-0.4));
#4328 = VECTOR('',#4329,1.);
#4329 = DIRECTION('',(1.,0.));
#4330 = ( GEOMETRIC_REPRESENTATION_CONTEXT(2) 
PARAMETRIC_REPRESENTATION_CONTEXT() REPRESENTATION_CONTEXT('2D SPACE',''
  ) );
#4331 = ORIENTED_EDGE('',*,*,#4332,.T.);
#4332 = EDGE_CURVE('',#4303,#4333,#4335,.T.);
#4333 = VERTEX_POINT('',#4334);
#4334 = CARTESIAN_POINT('',(-13.77014160156,-59.5083203125,1.6));
#4335 = SURFACE_CURVE('',#4336,(#4340,#4347),.PCURVE_S1.);
#4336 = B_SPLINE_CURVE_WITH_KNOTS('',2,(#4337,#4338,#4339),
  .UNSPECIFIED.,.F.,.F.,(3,3),(0.,1.),.PIECEWISE_BEZIER_KNOTS.);
#4337 = CARTESIAN_POINT('',(-14.32470703125,-59.41432617187,1.6));
#4338 = CARTESIAN_POINT('',(-14.03063964843,-59.5083203125,1.6));
#4339 = CARTESIAN_POINT('',(-13.77014160156,-59.5083203125,1.6));
#4340 = PCURVE('',#1397,#4341);
#4341 = DEFINITIONAL_REPRESENTATION('',(#4342),#4346);
#4342 = B_SPLINE_CURVE_WITH_KNOTS('',2,(#4343,#4344,#4345),
  .UNSPECIFIED.,.F.,.F.,(3,3),(0.,1.),.PIECEWISE_BEZIER_KNOTS.);
#4343 = CARTESIAN_POINT('',(-14.32470703125,-59.41432617187));
#4344 = CARTESIAN_POINT('',(-14.03063964843,-59.5083203125));
#4345 = CARTESIAN_POINT('',(-13.77014160156,-59.5083203125));
#4346 = ( GEOMETRIC_REPRESENTATION_CONTEXT(2) 
PARAMETRIC_REPRESENTATION_CONTEXT() REPRESENTATION_CONTEXT('2D SPACE',''
  ) );
#4347 = PCURVE('',#4348,#4355);
#4348 = SURFACE_OF_LINEAR_EXTRUSION('',#4349,#4353);
#4349 = B_SPLINE_CURVE_WITH_KNOTS('',2,(#4350,#4351,#4352),
  .UNSPECIFIED.,.F.,.F.,(3,3),(0.,1.),.PIECEWISE_BEZIER_KNOTS.);
#4350 = CARTESIAN_POINT('',(-14.32470703125,-59.41432617187,1.2));
#4351 = CARTESIAN_POINT('',(-14.03063964843,-59.5083203125,1.2));
#4352 = CARTESIAN_POINT('',(-13.77014160156,-59.5083203125,1.2));
#4353 = VECTOR('',#4354,1.);
#4354 = DIRECTION('',(-0.,-0.,-1.));
#4355 = DEFINITIONAL_REPRESENTATION('',(#4356),#4360);
#4356 = LINE('',#4357,#4358);
#4357 = CARTESIAN_POINT('',(0.,-0.4));
#4358 = VECTOR('',#4359,1.);
#4359 = DIRECTION('',(1.,0.));
#4360 = ( GEOMETRIC_REPRESENTATION_CONTEXT(2) 
PARAMETRIC_REPRESENTATION_CONTEXT() REPRESENTATION_CONTEXT('2D SPACE',''
  ) );
#4361 = ORIENTED_EDGE('',*,*,#4362,.T.);
#4362 = EDGE_CURVE('',#4333,#4363,#4365,.T.);
#4363 = VERTEX_POINT('',#4364);
#4364 = CARTESIAN_POINT('',(-13.17797851562,-59.32436035156,1.6));
#4365 = SURFACE_CURVE('',#4366,(#4370,#4377),.PCURVE_S1.);
#4366 = B_SPLINE_CURVE_WITH_KNOTS('',2,(#4367,#4368,#4369),
  .UNSPECIFIED.,.F.,.F.,(3,3),(0.,1.),.PIECEWISE_BEZIER_KNOTS.);
#4367 = CARTESIAN_POINT('',(-13.77014160156,-59.5083203125,1.6));
#4368 = CARTESIAN_POINT('',(-13.39416503906,-59.5083203125,1.6));
#4369 = CARTESIAN_POINT('',(-13.17797851562,-59.32436035156,1.6));
#4370 = PCURVE('',#1397,#4371);
#4371 = DEFINITIONAL_REPRESENTATION('',(#4372),#4376);
#4372 = B_SPLINE_CURVE_WITH_KNOTS('',2,(#4373,#4374,#4375),
  .UNSPECIFIED.,.F.,.F.,(3,3),(0.,1.),.PIECEWISE_BEZIER_KNOTS.);
#4373 = CARTESIAN_POINT('',(-13.77014160156,-59.5083203125));
#4374 = CARTESIAN_POINT('',(-13.39416503906,-59.5083203125));
#4375 = CARTESIAN_POINT('',(-13.17797851562,-59.32436035156));
#4376 = ( GEOMETRIC_REPRESENTATION_CONTEXT(2) 
PARAMETRIC_REPRESENTATION_CONTEXT() REPRESENTATION_CONTEXT('2D SPACE',''
  ) );
#4377 = PCURVE('',#4378,#4385);
#4378 = SURFACE_OF_LINEAR_EXTRUSION('',#4379,#4383);
#4379 = B_SPLINE_CURVE_WITH_KNOTS('',2,(#4380,#4381,#4382),
  .UNSPECIFIED.,.F.,.F.,(3,3),(0.,1.),.PIECEWISE_BEZIER_KNOTS.);
#4380 = CARTESIAN_POINT('',(-13.77014160156,-59.5083203125,1.2));
#4381 = CARTESIAN_POINT('',(-13.39416503906,-59.5083203125,1.2));
#4382 = CARTESIAN_POINT('',(-13.17797851562,-59.32436035156,1.2));
#4383 = VECTOR('',#4384,1.);
#4384 = DIRECTION('',(-0.,-0.,-1.));
#4385 = DEFINITIONAL_REPRESENTATION('',(#4386),#4390);
#4386 = LINE('',#4387,#4388);
#4387 = CARTESIAN_POINT('',(0.,-0.4));
#4388 = VECTOR('',#4389,1.);
#4389 = DIRECTION('',(1.,0.));
#4390 = ( GEOMETRIC_REPRESENTATION_CONTEXT(2) 
PARAMETRIC_REPRESENTATION_CONTEXT() REPRESENTATION_CONTEXT('2D SPACE',''
  ) );
#4391 = ORIENTED_EDGE('',*,*,#4392,.T.);
#4392 = EDGE_CURVE('',#4363,#4393,#4395,.T.);
#4393 = VERTEX_POINT('',#4394);
#4394 = CARTESIAN_POINT('',(-12.96179199218,-58.82619140625,1.6));
#4395 = SURFACE_CURVE('',#4396,(#4400,#4407),.PCURVE_S1.);
#4396 = B_SPLINE_CURVE_WITH_KNOTS('',2,(#4397,#4398,#4399),
  .UNSPECIFIED.,.F.,.F.,(3,3),(0.,1.),.PIECEWISE_BEZIER_KNOTS.);
#4397 = CARTESIAN_POINT('',(-13.17797851562,-59.32436035156,1.6));
#4398 = CARTESIAN_POINT('',(-12.96179199218,-59.14040039062,1.6));
#4399 = CARTESIAN_POINT('',(-12.96179199218,-58.82619140625,1.6));
#4400 = PCURVE('',#1397,#4401);
#4401 = DEFINITIONAL_REPRESENTATION('',(#4402),#4406);
#4402 = B_SPLINE_CURVE_WITH_KNOTS('',2,(#4403,#4404,#4405),
  .UNSPECIFIED.,.F.,.F.,(3,3),(0.,1.),.PIECEWISE_BEZIER_KNOTS.);
#4403 = CARTESIAN_POINT('',(-13.17797851562,-59.32436035156));
#4404 = CARTESIAN_POINT('',(-12.96179199218,-59.14040039062));
#4405 = CARTESIAN_POINT('',(-12.96179199218,-58.82619140625));
#4406 = ( GEOMETRIC_REPRESENTATION_CONTEXT(2) 
PARAMETRIC_REPRESENTATION_CONTEXT() REPRESENTATION_CONTEXT('2D SPACE',''
  ) );
#4407 = PCURVE('',#4408,#4415);
#4408 = SURFACE_OF_LINEAR_EXTRUSION('',#4409,#4413);
#4409 = B_SPLINE_CURVE_WITH_KNOTS('',2,(#4410,#4411,#4412),
  .UNSPECIFIED.,.F.,.F.,(3,3),(0.,1.),.PIECEWISE_BEZIER_KNOTS.);
#4410 = CARTESIAN_POINT('',(-13.17797851562,-59.32436035156,1.2));
#4411 = CARTESIAN_POINT('',(-12.96179199218,-59.14040039062,1.2));
#4412 = CARTESIAN_POINT('',(-12.96179199218,-58.82619140625,1.2));
#4413 = VECTOR('',#4414,1.);
#4414 = DIRECTION('',(-0.,-0.,-1.));
#4415 = DEFINITIONAL_REPRESENTATION('',(#4416),#4420);
#4416 = LINE('',#4417,#4418);
#4417 = CARTESIAN_POINT('',(0.,-0.4));
#4418 = VECTOR('',#4419,1.);
#4419 = DIRECTION('',(1.,0.));
#4420 = ( GEOMETRIC_REPRESENTATION_CONTEXT(2) 
PARAMETRIC_REPRESENTATION_CONTEXT() REPRESENTATION_CONTEXT('2D SPACE',''
  ) );
#4421 = ORIENTED_EDGE('',*,*,#4422,.T.);
#4422 = EDGE_CURVE('',#4393,#4423,#4425,.T.);
#4423 = VERTEX_POINT('',#4424);
#4424 = CARTESIAN_POINT('',(-13.17797851562,-58.3266796875,1.6));
#4425 = SURFACE_CURVE('',#4426,(#4430,#4437),.PCURVE_S1.);
#4426 = B_SPLINE_CURVE_WITH_KNOTS('',2,(#4427,#4428,#4429),
  .UNSPECIFIED.,.F.,.F.,(3,3),(0.,1.),.PIECEWISE_BEZIER_KNOTS.);
#4427 = CARTESIAN_POINT('',(-12.96179199218,-58.82619140625,1.6));
#4428 = CARTESIAN_POINT('',(-12.96179199218,-58.509296875,1.6));
#4429 = CARTESIAN_POINT('',(-13.17797851562,-58.3266796875,1.6));
#4430 = PCURVE('',#1397,#4431);
#4431 = DEFINITIONAL_REPRESENTATION('',(#4432),#4436);
#4432 = B_SPLINE_CURVE_WITH_KNOTS('',2,(#4433,#4434,#4435),
  .UNSPECIFIED.,.F.,.F.,(3,3),(0.,1.),.PIECEWISE_BEZIER_KNOTS.);
#4433 = CARTESIAN_POINT('',(-12.96179199218,-58.82619140625));
#4434 = CARTESIAN_POINT('',(-12.96179199218,-58.509296875));
#4435 = CARTESIAN_POINT('',(-13.17797851562,-58.3266796875));
#4436 = ( GEOMETRIC_REPRESENTATION_CONTEXT(2) 
PARAMETRIC_REPRESENTATION_CONTEXT() REPRESENTATION_CONTEXT('2D SPACE',''
  ) );
#4437 = PCURVE('',#4438,#4445);
#4438 = SURFACE_OF_LINEAR_EXTRUSION('',#4439,#4443);
#4439 = B_SPLINE_CURVE_WITH_KNOTS('',2,(#4440,#4441,#4442),
  .UNSPECIFIED.,.F.,.F.,(3,3),(0.,1.),.PIECEWISE_BEZIER_KNOTS.);
#4440 = CARTESIAN_POINT('',(-12.96179199218,-58.82619140625,1.2));
#4441 = CARTESIAN_POINT('',(-12.96179199218,-58.509296875,1.2));
#4442 = CARTESIAN_POINT('',(-13.17797851562,-58.3266796875,1.2));
#4443 = VECTOR('',#4444,1.);
#4444 = DIRECTION('',(-0.,-0.,-1.));
#4445 = DEFINITIONAL_REPRESENTATION('',(#4446),#4450);
#4446 = LINE('',#4447,#4448);
#4447 = CARTESIAN_POINT('',(0.,-0.4));
#4448 = VECTOR('',#4449,1.);
#4449 = DIRECTION('',(1.,0.));
#4450 = ( GEOMETRIC_REPRESENTATION_CONTEXT(2) 
PARAMETRIC_REPRESENTATION_CONTEXT() REPRESENTATION_CONTEXT('2D SPACE',''
  ) );
#4451 = ORIENTED_EDGE('',*,*,#4452,.T.);
#4452 = EDGE_CURVE('',#4423,#4453,#4455,.T.);
#4453 = VERTEX_POINT('',#4454);
#4454 = CARTESIAN_POINT('',(-13.77014160156,-58.1440625,1.6));
#4455 = SURFACE_CURVE('',#4456,(#4460,#4467),.PCURVE_S1.);
#4456 = B_SPLINE_CURVE_WITH_KNOTS('',2,(#4457,#4458,#4459),
  .UNSPECIFIED.,.F.,.F.,(3,3),(0.,1.),.PIECEWISE_BEZIER_KNOTS.);
#4457 = CARTESIAN_POINT('',(-13.17797851562,-58.3266796875,1.6));
#4458 = CARTESIAN_POINT('',(-13.39416503906,-58.1440625,1.6));
#4459 = CARTESIAN_POINT('',(-13.77014160156,-58.1440625,1.6));
#4460 = PCURVE('',#1397,#4461);
#4461 = DEFINITIONAL_REPRESENTATION('',(#4462),#4466);
#4462 = B_SPLINE_CURVE_WITH_KNOTS('',2,(#4463,#4464,#4465),
  .UNSPECIFIED.,.F.,.F.,(3,3),(0.,1.),.PIECEWISE_BEZIER_KNOTS.);
#4463 = CARTESIAN_POINT('',(-13.17797851562,-58.3266796875));
#4464 = CARTESIAN_POINT('',(-13.39416503906,-58.1440625));
#4465 = CARTESIAN_POINT('',(-13.77014160156,-58.1440625));
#4466 = ( GEOMETRIC_REPRESENTATION_CONTEXT(2) 
PARAMETRIC_REPRESENTATION_CONTEXT() REPRESENTATION_CONTEXT('2D SPACE',''
  ) );
#4467 = PCURVE('',#4468,#4475);
#4468 = SURFACE_OF_LINEAR_EXTRUSION('',#4469,#4473);
#4469 = B_SPLINE_CURVE_WITH_KNOTS('',2,(#4470,#4471,#4472),
  .UNSPECIFIED.,.F.,.F.,(3,3),(0.,1.),.PIECEWISE_BEZIER_KNOTS.);
#4470 = CARTESIAN_POINT('',(-13.17797851562,-58.3266796875,1.2));
#4471 = CARTESIAN_POINT('',(-13.39416503906,-58.1440625,1.2));
#4472 = CARTESIAN_POINT('',(-13.77014160156,-58.1440625,1.2));
#4473 = VECTOR('',#4474,1.);
#4474 = DIRECTION('',(-0.,-0.,-1.));
#4475 = DEFINITIONAL_REPRESENTATION('',(#4476),#4480);
#4476 = LINE('',#4477,#4478);
#4477 = CARTESIAN_POINT('',(0.,-0.4));
#4478 = VECTOR('',#4479,1.);
#4479 = DIRECTION('',(1.,0.));
#4480 = ( GEOMETRIC_REPRESENTATION_CONTEXT(2) 
PARAMETRIC_REPRESENTATION_CONTEXT() REPRESENTATION_CONTEXT('2D SPACE',''
  ) );
#4481 = ORIENTED_EDGE('',*,*,#4482,.T.);
#4482 = EDGE_CURVE('',#4453,#3863,#4483,.T.);
#4483 = SURFACE_CURVE('',#4484,(#4488,#4495),.PCURVE_S1.);
#4484 = B_SPLINE_CURVE_WITH_KNOTS('',2,(#4485,#4486,#4487),
  .UNSPECIFIED.,.F.,.F.,(3,3),(0.,1.),.PIECEWISE_BEZIER_KNOTS.);
#4485 = CARTESIAN_POINT('',(-13.77014160156,-58.1440625,1.6));
#4486 = CARTESIAN_POINT('',(-13.99304199218,-58.1440625,1.6));
#4487 = CARTESIAN_POINT('',(-14.24548339843,-58.20180175781,1.6));
#4488 = PCURVE('',#1397,#4489);
#4489 = DEFINITIONAL_REPRESENTATION('',(#4490),#4494);
#4490 = B_SPLINE_CURVE_WITH_KNOTS('',2,(#4491,#4492,#4493),
  .UNSPECIFIED.,.F.,.F.,(3,3),(0.,1.),.PIECEWISE_BEZIER_KNOTS.);
#4491 = CARTESIAN_POINT('',(-13.77014160156,-58.1440625));
#4492 = CARTESIAN_POINT('',(-13.99304199218,-58.1440625));
#4493 = CARTESIAN_POINT('',(-14.24548339843,-58.20180175781));
#4494 = ( GEOMETRIC_REPRESENTATION_CONTEXT(2) 
PARAMETRIC_REPRESENTATION_CONTEXT() REPRESENTATION_CONTEXT('2D SPACE',''
  ) );
#4495 = PCURVE('',#4496,#4503);
#4496 = SURFACE_OF_LINEAR_EXTRUSION('',#4497,#4501);
#4497 = B_SPLINE_CURVE_WITH_KNOTS('',2,(#4498,#4499,#4500),
  .UNSPECIFIED.,.F.,.F.,(3,3),(0.,1.),.PIECEWISE_BEZIER_KNOTS.);
#4498 = CARTESIAN_POINT('',(-13.77014160156,-58.1440625,1.2));
#4499 = CARTESIAN_POINT('',(-13.99304199218,-58.1440625,1.2));
#4500 = CARTESIAN_POINT('',(-14.24548339843,-58.20180175781,1.2));
#4501 = VECTOR('',#4502,1.);
#4502 = DIRECTION('',(-0.,-0.,-1.));
#4503 = DEFINITIONAL_REPRESENTATION('',(#4504),#4508);
#4504 = LINE('',#4505,#4506);
#4505 = CARTESIAN_POINT('',(0.,-0.4));
#4506 = VECTOR('',#4507,1.);
#4507 = DIRECTION('',(1.,0.));
#4508 = ( GEOMETRIC_REPRESENTATION_CONTEXT(2) 
PARAMETRIC_REPRESENTATION_CONTEXT() REPRESENTATION_CONTEXT('2D SPACE',''
  ) );
#4509 = FACE_BOUND('',#4510,.T.);
#4510 = EDGE_LOOP('',(#4511,#4541,#4569,#4597,#4627,#4657,#4687,#4717,
    #4745));
#4511 = ORIENTED_EDGE('',*,*,#4512,.T.);
#4512 = EDGE_CURVE('',#4513,#4515,#4517,.T.);
#4513 = VERTEX_POINT('',#4514);
#4514 = CARTESIAN_POINT('',(-8.090209960938,-60.13405273437,1.6));
#4515 = VERTEX_POINT('',#4516);
#4516 = CARTESIAN_POINT('',(-9.124145507812,-60.13405273437,1.6));
#4517 = SURFACE_CURVE('',#4518,(#4522,#4529),.PCURVE_S1.);
#4518 = LINE('',#4519,#4520);
#4519 = CARTESIAN_POINT('',(-8.090209960938,-60.13405273437,1.6));
#4520 = VECTOR('',#4521,1.);
#4521 = DIRECTION('',(-1.,0.,0.));
#4522 = PCURVE('',#1397,#4523);
#4523 = DEFINITIONAL_REPRESENTATION('',(#4524),#4528);
#4524 = LINE('',#4525,#4526);
#4525 = CARTESIAN_POINT('',(-8.090209960938,-60.13405273437));
#4526 = VECTOR('',#4527,1.);
#4527 = DIRECTION('',(-1.,0.));
#4528 = ( GEOMETRIC_REPRESENTATION_CONTEXT(2) 
PARAMETRIC_REPRESENTATION_CONTEXT() REPRESENTATION_CONTEXT('2D SPACE',''
  ) );
#4529 = PCURVE('',#4530,#4535);
#4530 = PLANE('',#4531);
#4531 = AXIS2_PLACEMENT_3D('',#4532,#4533,#4534);
#4532 = CARTESIAN_POINT('',(-8.090209960938,-60.13405273437,1.2));
#4533 = DIRECTION('',(0.,-1.,0.));
#4534 = DIRECTION('',(-1.,0.,0.));
#4535 = DEFINITIONAL_REPRESENTATION('',(#4536),#4540);
#4536 = LINE('',#4537,#4538);
#4537 = CARTESIAN_POINT('',(0.,-0.4));
#4538 = VECTOR('',#4539,1.);
#4539 = DIRECTION('',(1.,0.));
#4540 = ( GEOMETRIC_REPRESENTATION_CONTEXT(2) 
PARAMETRIC_REPRESENTATION_CONTEXT() REPRESENTATION_CONTEXT('2D SPACE',''
  ) );
#4541 = ORIENTED_EDGE('',*,*,#4542,.T.);
#4542 = EDGE_CURVE('',#4515,#4543,#4545,.T.);
#4543 = VERTEX_POINT('',#4544);
#4544 = CARTESIAN_POINT('',(-9.124145507812,-56.12453125,1.6));
#4545 = SURFACE_CURVE('',#4546,(#4550,#4557),.PCURVE_S1.);
#4546 = LINE('',#4547,#4548);
#4547 = CARTESIAN_POINT('',(-9.124145507812,-60.13405273437,1.6));
#4548 = VECTOR('',#4549,1.);
#4549 = DIRECTION('',(0.,1.,0.));
#4550 = PCURVE('',#1397,#4551);
#4551 = DEFINITIONAL_REPRESENTATION('',(#4552),#4556);
#4552 = LINE('',#4553,#4554);
#4553 = CARTESIAN_POINT('',(-9.124145507812,-60.13405273437));
#4554 = VECTOR('',#4555,1.);
#4555 = DIRECTION('',(0.,1.));
#4556 = ( GEOMETRIC_REPRESENTATION_CONTEXT(2) 
PARAMETRIC_REPRESENTATION_CONTEXT() REPRESENTATION_CONTEXT('2D SPACE',''
  ) );
#4557 = PCURVE('',#4558,#4563);
#4558 = PLANE('',#4559);
#4559 = AXIS2_PLACEMENT_3D('',#4560,#4561,#4562);
#4560 = CARTESIAN_POINT('',(-9.124145507812,-60.13405273437,1.2));
#4561 = DIRECTION('',(-1.,0.,0.));
#4562 = DIRECTION('',(0.,1.,0.));
#4563 = DEFINITIONAL_REPRESENTATION('',(#4564),#4568);
#4564 = LINE('',#4565,#4566);
#4565 = CARTESIAN_POINT('',(0.,-0.4));
#4566 = VECTOR('',#4567,1.);
#4567 = DIRECTION('',(1.,0.));
#4568 = ( GEOMETRIC_REPRESENTATION_CONTEXT(2) 
PARAMETRIC_REPRESENTATION_CONTEXT() REPRESENTATION_CONTEXT('2D SPACE',''
  ) );
#4569 = ORIENTED_EDGE('',*,*,#4570,.T.);
#4570 = EDGE_CURVE('',#4543,#4571,#4573,.T.);
#4571 = VERTEX_POINT('',#4572);
#4572 = CARTESIAN_POINT('',(-7.408081054688,-56.12453125,1.6));
#4573 = SURFACE_CURVE('',#4574,(#4578,#4585),.PCURVE_S1.);
#4574 = LINE('',#4575,#4576);
#4575 = CARTESIAN_POINT('',(-9.124145507812,-56.12453125,1.6));
#4576 = VECTOR('',#4577,1.);
#4577 = DIRECTION('',(1.,0.,0.));
#4578 = PCURVE('',#1397,#4579);
#4579 = DEFINITIONAL_REPRESENTATION('',(#4580),#4584);
#4580 = LINE('',#4581,#4582);
#4581 = CARTESIAN_POINT('',(-9.124145507812,-56.12453125));
#4582 = VECTOR('',#4583,1.);
#4583 = DIRECTION('',(1.,0.));
#4584 = ( GEOMETRIC_REPRESENTATION_CONTEXT(2) 
PARAMETRIC_REPRESENTATION_CONTEXT() REPRESENTATION_CONTEXT('2D SPACE',''
  ) );
#4585 = PCURVE('',#4586,#4591);
#4586 = PLANE('',#4587);
#4587 = AXIS2_PLACEMENT_3D('',#4588,#4589,#4590);
#4588 = CARTESIAN_POINT('',(-9.124145507812,-56.12453125,1.2));
#4589 = DIRECTION('',(0.,1.,0.));
#4590 = DIRECTION('',(1.,0.,0.));
#4591 = DEFINITIONAL_REPRESENTATION('',(#4592),#4596);
#4592 = LINE('',#4593,#4594);
#4593 = CARTESIAN_POINT('',(0.,-0.4));
#4594 = VECTOR('',#4595,1.);
#4595 = DIRECTION('',(1.,0.));
#4596 = ( GEOMETRIC_REPRESENTATION_CONTEXT(2) 
PARAMETRIC_REPRESENTATION_CONTEXT() REPRESENTATION_CONTEXT('2D SPACE',''
  ) );
#4597 = ORIENTED_EDGE('',*,*,#4598,.T.);
#4598 = EDGE_CURVE('',#4571,#4599,#4601,.T.);
#4599 = VERTEX_POINT('',#4600);
#4600 = CARTESIAN_POINT('',(-6.233154296875,-56.46425292968,1.6));
#4601 = SURFACE_CURVE('',#4602,(#4606,#4613),.PCURVE_S1.);
#4602 = B_SPLINE_CURVE_WITH_KNOTS('',2,(#4603,#4604,#4605),
  .UNSPECIFIED.,.F.,.F.,(3,3),(0.,1.),.PIECEWISE_BEZIER_KNOTS.);
#4603 = CARTESIAN_POINT('',(-7.408081054688,-56.12453125,1.6));
#4604 = CARTESIAN_POINT('',(-6.642700195312,-56.12453125,1.6));
#4605 = CARTESIAN_POINT('',(-6.233154296875,-56.46425292968,1.6));
#4606 = PCURVE('',#1397,#4607);
#4607 = DEFINITIONAL_REPRESENTATION('',(#4608),#4612);
#4608 = B_SPLINE_CURVE_WITH_KNOTS('',2,(#4609,#4610,#4611),
  .UNSPECIFIED.,.F.,.F.,(3,3),(0.,1.),.PIECEWISE_BEZIER_KNOTS.);
#4609 = CARTESIAN_POINT('',(-7.408081054688,-56.12453125));
#4610 = CARTESIAN_POINT('',(-6.642700195312,-56.12453125));
#4611 = CARTESIAN_POINT('',(-6.233154296875,-56.46425292968));
#4612 = ( GEOMETRIC_REPRESENTATION_CONTEXT(2) 
PARAMETRIC_REPRESENTATION_CONTEXT() REPRESENTATION_CONTEXT('2D SPACE',''
  ) );
#4613 = PCURVE('',#4614,#4621);
#4614 = SURFACE_OF_LINEAR_EXTRUSION('',#4615,#4619);
#4615 = B_SPLINE_CURVE_WITH_KNOTS('',2,(#4616,#4617,#4618),
  .UNSPECIFIED.,.F.,.F.,(3,3),(0.,1.),.PIECEWISE_BEZIER_KNOTS.);
#4616 = CARTESIAN_POINT('',(-7.408081054688,-56.12453125,1.2));
#4617 = CARTESIAN_POINT('',(-6.642700195312,-56.12453125,1.2));
#4618 = CARTESIAN_POINT('',(-6.233154296875,-56.46425292968,1.2));
#4619 = VECTOR('',#4620,1.);
#4620 = DIRECTION('',(-0.,-0.,-1.));
#4621 = DEFINITIONAL_REPRESENTATION('',(#4622),#4626);
#4622 = LINE('',#4623,#4624);
#4623 = CARTESIAN_POINT('',(0.,-0.4));
#4624 = VECTOR('',#4625,1.);
#4625 = DIRECTION('',(1.,0.));
#4626 = ( GEOMETRIC_REPRESENTATION_CONTEXT(2) 
PARAMETRIC_REPRESENTATION_CONTEXT() REPRESENTATION_CONTEXT('2D SPACE',''
  ) );
#4627 = ORIENTED_EDGE('',*,*,#4628,.T.);
#4628 = EDGE_CURVE('',#4599,#4629,#4631,.T.);
#4629 = VERTEX_POINT('',#4630);
#4630 = CARTESIAN_POINT('',(-5.823608398438,-57.43239257812,1.6));
#4631 = SURFACE_CURVE('',#4632,(#4636,#4643),.PCURVE_S1.);
#4632 = B_SPLINE_CURVE_WITH_KNOTS('',2,(#4633,#4634,#4635),
  .UNSPECIFIED.,.F.,.F.,(3,3),(0.,1.),.PIECEWISE_BEZIER_KNOTS.);
#4633 = CARTESIAN_POINT('',(-6.233154296875,-56.46425292968,1.6));
#4634 = CARTESIAN_POINT('',(-5.823608398438,-56.80397460937,1.6));
#4635 = CARTESIAN_POINT('',(-5.823608398438,-57.43239257812,1.6));
#4636 = PCURVE('',#1397,#4637);
#4637 = DEFINITIONAL_REPRESENTATION('',(#4638),#4642);
#4638 = B_SPLINE_CURVE_WITH_KNOTS('',2,(#4639,#4640,#4641),
  .UNSPECIFIED.,.F.,.F.,(3,3),(0.,1.),.PIECEWISE_BEZIER_KNOTS.);
#4639 = CARTESIAN_POINT('',(-6.233154296875,-56.46425292968));
#4640 = CARTESIAN_POINT('',(-5.823608398438,-56.80397460937));
#4641 = CARTESIAN_POINT('',(-5.823608398438,-57.43239257812));
#4642 = ( GEOMETRIC_REPRESENTATION_CONTEXT(2) 
PARAMETRIC_REPRESENTATION_CONTEXT() REPRESENTATION_CONTEXT('2D SPACE',''
  ) );
#4643 = PCURVE('',#4644,#4651);
#4644 = SURFACE_OF_LINEAR_EXTRUSION('',#4645,#4649);
#4645 = B_SPLINE_CURVE_WITH_KNOTS('',2,(#4646,#4647,#4648),
  .UNSPECIFIED.,.F.,.F.,(3,3),(0.,1.),.PIECEWISE_BEZIER_KNOTS.);
#4646 = CARTESIAN_POINT('',(-6.233154296875,-56.46425292968,1.2));
#4647 = CARTESIAN_POINT('',(-5.823608398438,-56.80397460937,1.2));
#4648 = CARTESIAN_POINT('',(-5.823608398438,-57.43239257812,1.2));
#4649 = VECTOR('',#4650,1.);
#4650 = DIRECTION('',(-0.,-0.,-1.));
#4651 = DEFINITIONAL_REPRESENTATION('',(#4652),#4656);
#4652 = LINE('',#4653,#4654);
#4653 = CARTESIAN_POINT('',(0.,-0.4));
#4654 = VECTOR('',#4655,1.);
#4655 = DIRECTION('',(1.,0.));
#4656 = ( GEOMETRIC_REPRESENTATION_CONTEXT(2) 
PARAMETRIC_REPRESENTATION_CONTEXT() REPRESENTATION_CONTEXT('2D SPACE',''
  ) );
#4657 = ORIENTED_EDGE('',*,*,#4658,.T.);
#4658 = EDGE_CURVE('',#4629,#4659,#4661,.T.);
#4659 = VERTEX_POINT('',#4660);
#4660 = CARTESIAN_POINT('',(-6.233154296875,-58.40321777343,1.6));
#4661 = SURFACE_CURVE('',#4662,(#4666,#4673),.PCURVE_S1.);
#4662 = B_SPLINE_CURVE_WITH_KNOTS('',2,(#4663,#4664,#4665),
  .UNSPECIFIED.,.F.,.F.,(3,3),(0.,1.),.PIECEWISE_BEZIER_KNOTS.);
#4663 = CARTESIAN_POINT('',(-5.823608398438,-57.43239257812,1.6));
#4664 = CARTESIAN_POINT('',(-5.823608398438,-58.06349609375,1.6));
#4665 = CARTESIAN_POINT('',(-6.233154296875,-58.40321777343,1.6));
#4666 = PCURVE('',#1397,#4667);
#4667 = DEFINITIONAL_REPRESENTATION('',(#4668),#4672);
#4668 = B_SPLINE_CURVE_WITH_KNOTS('',2,(#4669,#4670,#4671),
  .UNSPECIFIED.,.F.,.F.,(3,3),(0.,1.),.PIECEWISE_BEZIER_KNOTS.);
#4669 = CARTESIAN_POINT('',(-5.823608398438,-57.43239257812));
#4670 = CARTESIAN_POINT('',(-5.823608398438,-58.06349609375));
#4671 = CARTESIAN_POINT('',(-6.233154296875,-58.40321777343));
#4672 = ( GEOMETRIC_REPRESENTATION_CONTEXT(2) 
PARAMETRIC_REPRESENTATION_CONTEXT() REPRESENTATION_CONTEXT('2D SPACE',''
  ) );
#4673 = PCURVE('',#4674,#4681);
#4674 = SURFACE_OF_LINEAR_EXTRUSION('',#4675,#4679);
#4675 = B_SPLINE_CURVE_WITH_KNOTS('',2,(#4676,#4677,#4678),
  .UNSPECIFIED.,.F.,.F.,(3,3),(0.,1.),.PIECEWISE_BEZIER_KNOTS.);
#4676 = CARTESIAN_POINT('',(-5.823608398438,-57.43239257812,1.2));
#4677 = CARTESIAN_POINT('',(-5.823608398438,-58.06349609375,1.2));
#4678 = CARTESIAN_POINT('',(-6.233154296875,-58.40321777343,1.2));
#4679 = VECTOR('',#4680,1.);
#4680 = DIRECTION('',(-0.,-0.,-1.));
#4681 = DEFINITIONAL_REPRESENTATION('',(#4682),#4686);
#4682 = LINE('',#4683,#4684);
#4683 = CARTESIAN_POINT('',(0.,-0.4));
#4684 = VECTOR('',#4685,1.);
#4685 = DIRECTION('',(1.,0.));
#4686 = ( GEOMETRIC_REPRESENTATION_CONTEXT(2) 
PARAMETRIC_REPRESENTATION_CONTEXT() REPRESENTATION_CONTEXT('2D SPACE',''
  ) );
#4687 = ORIENTED_EDGE('',*,*,#4688,.T.);
#4688 = EDGE_CURVE('',#4659,#4689,#4691,.T.);
#4689 = VERTEX_POINT('',#4690);
#4690 = CARTESIAN_POINT('',(-7.408081054688,-58.74293945312,1.6));
#4691 = SURFACE_CURVE('',#4692,(#4696,#4703),.PCURVE_S1.);
#4692 = B_SPLINE_CURVE_WITH_KNOTS('',2,(#4693,#4694,#4695),
  .UNSPECIFIED.,.F.,.F.,(3,3),(0.,1.),.PIECEWISE_BEZIER_KNOTS.);
#4693 = CARTESIAN_POINT('',(-6.233154296875,-58.40321777343,1.6));
#4694 = CARTESIAN_POINT('',(-6.642700195312,-58.74293945312,1.6));
#4695 = CARTESIAN_POINT('',(-7.408081054688,-58.74293945312,1.6));
#4696 = PCURVE('',#1397,#4697);
#4697 = DEFINITIONAL_REPRESENTATION('',(#4698),#4702);
#4698 = B_SPLINE_CURVE_WITH_KNOTS('',2,(#4699,#4700,#4701),
  .UNSPECIFIED.,.F.,.F.,(3,3),(0.,1.),.PIECEWISE_BEZIER_KNOTS.);
#4699 = CARTESIAN_POINT('',(-6.233154296875,-58.40321777343));
#4700 = CARTESIAN_POINT('',(-6.642700195312,-58.74293945312));
#4701 = CARTESIAN_POINT('',(-7.408081054688,-58.74293945312));
#4702 = ( GEOMETRIC_REPRESENTATION_CONTEXT(2) 
PARAMETRIC_REPRESENTATION_CONTEXT() REPRESENTATION_CONTEXT('2D SPACE',''
  ) );
#4703 = PCURVE('',#4704,#4711);
#4704 = SURFACE_OF_LINEAR_EXTRUSION('',#4705,#4709);
#4705 = B_SPLINE_CURVE_WITH_KNOTS('',2,(#4706,#4707,#4708),
  .UNSPECIFIED.,.F.,.F.,(3,3),(0.,1.),.PIECEWISE_BEZIER_KNOTS.);
#4706 = CARTESIAN_POINT('',(-6.233154296875,-58.40321777343,1.2));
#4707 = CARTESIAN_POINT('',(-6.642700195312,-58.74293945312,1.2));
#4708 = CARTESIAN_POINT('',(-7.408081054688,-58.74293945312,1.2));
#4709 = VECTOR('',#4710,1.);
#4710 = DIRECTION('',(-0.,-0.,-1.));
#4711 = DEFINITIONAL_REPRESENTATION('',(#4712),#4716);
#4712 = LINE('',#4713,#4714);
#4713 = CARTESIAN_POINT('',(0.,-0.4));
#4714 = VECTOR('',#4715,1.);
#4715 = DIRECTION('',(1.,0.));
#4716 = ( GEOMETRIC_REPRESENTATION_CONTEXT(2) 
PARAMETRIC_REPRESENTATION_CONTEXT() REPRESENTATION_CONTEXT('2D SPACE',''
  ) );
#4717 = ORIENTED_EDGE('',*,*,#4718,.T.);
#4718 = EDGE_CURVE('',#4689,#4719,#4721,.T.);
#4719 = VERTEX_POINT('',#4720);
#4720 = CARTESIAN_POINT('',(-8.090209960938,-58.74293945312,1.6));
#4721 = SURFACE_CURVE('',#4722,(#4726,#4733),.PCURVE_S1.);
#4722 = LINE('',#4723,#4724);
#4723 = CARTESIAN_POINT('',(-7.408081054688,-58.74293945312,1.6));
#4724 = VECTOR('',#4725,1.);
#4725 = DIRECTION('',(-1.,0.,0.));
#4726 = PCURVE('',#1397,#4727);
#4727 = DEFINITIONAL_REPRESENTATION('',(#4728),#4732);
#4728 = LINE('',#4729,#4730);
#4729 = CARTESIAN_POINT('',(-7.408081054688,-58.74293945312));
#4730 = VECTOR('',#4731,1.);
#4731 = DIRECTION('',(-1.,0.));
#4732 = ( GEOMETRIC_REPRESENTATION_CONTEXT(2) 
PARAMETRIC_REPRESENTATION_CONTEXT() REPRESENTATION_CONTEXT('2D SPACE',''
  ) );
#4733 = PCURVE('',#4734,#4739);
#4734 = PLANE('',#4735);
#4735 = AXIS2_PLACEMENT_3D('',#4736,#4737,#4738);
#4736 = CARTESIAN_POINT('',(-7.408081054688,-58.74293945312,1.2));
#4737 = DIRECTION('',(0.,-1.,0.));
#4738 = DIRECTION('',(-1.,0.,0.));
#4739 = DEFINITIONAL_REPRESENTATION('',(#4740),#4744);
#4740 = LINE('',#4741,#4742);
#4741 = CARTESIAN_POINT('',(0.,-0.4));
#4742 = VECTOR('',#4743,1.);
#4743 = DIRECTION('',(1.,0.));
#4744 = ( GEOMETRIC_REPRESENTATION_CONTEXT(2) 
PARAMETRIC_REPRESENTATION_CONTEXT() REPRESENTATION_CONTEXT('2D SPACE',''
  ) );
#4745 = ORIENTED_EDGE('',*,*,#4746,.T.);
#4746 = EDGE_CURVE('',#4719,#4513,#4747,.T.);
#4747 = SURFACE_CURVE('',#4748,(#4752,#4759),.PCURVE_S1.);
#4748 = LINE('',#4749,#4750);
#4749 = CARTESIAN_POINT('',(-8.090209960938,-58.74293945312,1.6));
#4750 = VECTOR('',#4751,1.);
#4751 = DIRECTION('',(0.,-1.,0.));
#4752 = PCURVE('',#1397,#4753);
#4753 = DEFINITIONAL_REPRESENTATION('',(#4754),#4758);
#4754 = LINE('',#4755,#4756);
#4755 = CARTESIAN_POINT('',(-8.090209960938,-58.74293945312));
#4756 = VECTOR('',#4757,1.);
#4757 = DIRECTION('',(0.,-1.));
#4758 = ( GEOMETRIC_REPRESENTATION_CONTEXT(2) 
PARAMETRIC_REPRESENTATION_CONTEXT() REPRESENTATION_CONTEXT('2D SPACE',''
  ) );
#4759 = PCURVE('',#4760,#4765);
#4760 = PLANE('',#4761);
#4761 = AXIS2_PLACEMENT_3D('',#4762,#4763,#4764);
#4762 = CARTESIAN_POINT('',(-8.090209960938,-58.74293945312,1.2));
#4763 = DIRECTION('',(1.,0.,0.));
#4764 = DIRECTION('',(0.,-1.,0.));
#4765 = DEFINITIONAL_REPRESENTATION('',(#4766),#4770);
#4766 = LINE('',#4767,#4768);
#4767 = CARTESIAN_POINT('',(0.,-0.4));
#4768 = VECTOR('',#4769,1.);
#4769 = DIRECTION('',(1.,0.));
#4770 = ( GEOMETRIC_REPRESENTATION_CONTEXT(2) 
PARAMETRIC_REPRESENTATION_CONTEXT() REPRESENTATION_CONTEXT('2D SPACE',''
  ) );
#4771 = FACE_BOUND('',#4772,.T.);
#4772 = EDGE_LOOP('',(#4773,#4805,#4833,#4861,#4889,#4917,#4945,#4975,
    #5005,#5035,#5065,#5095,#5125,#5153,#5181,#5209));
#4773 = ORIENTED_EDGE('',*,*,#4774,.T.);
#4774 = EDGE_CURVE('',#4775,#4777,#4779,.T.);
#4775 = VERTEX_POINT('',#4776);
#4776 = CARTESIAN_POINT('',(-3.3623046875,-58.72682617187,1.6));
#4777 = VERTEX_POINT('',#4778);
#4778 = CARTESIAN_POINT('',(-3.766479492188,-58.61671875,1.6));
#4779 = SURFACE_CURVE('',#4780,(#4784,#4791),.PCURVE_S1.);
#4780 = B_SPLINE_CURVE_WITH_KNOTS('',2,(#4781,#4782,#4783),
  .UNSPECIFIED.,.F.,.F.,(3,3),(0.,1.),.PIECEWISE_BEZIER_KNOTS.);
#4781 = CARTESIAN_POINT('',(-3.3623046875,-58.72682617187,1.6));
#4782 = CARTESIAN_POINT('',(-3.514038085938,-58.61671875,1.6));
#4783 = CARTESIAN_POINT('',(-3.766479492188,-58.61671875,1.6));
#4784 = PCURVE('',#1397,#4785);
#4785 = DEFINITIONAL_REPRESENTATION('',(#4786),#4790);
#4786 = B_SPLINE_CURVE_WITH_KNOTS('',2,(#4787,#4788,#4789),
  .UNSPECIFIED.,.F.,.F.,(3,3),(0.,1.),.PIECEWISE_BEZIER_KNOTS.);
#4787 = CARTESIAN_POINT('',(-3.3623046875,-58.72682617187));
#4788 = CARTESIAN_POINT('',(-3.514038085938,-58.61671875));
#4789 = CARTESIAN_POINT('',(-3.766479492188,-58.61671875));
#4790 = ( GEOMETRIC_REPRESENTATION_CONTEXT(2) 
PARAMETRIC_REPRESENTATION_CONTEXT() REPRESENTATION_CONTEXT('2D SPACE',''
  ) );
#4791 = PCURVE('',#4792,#4799);
#4792 = SURFACE_OF_LINEAR_EXTRUSION('',#4793,#4797);
#4793 = B_SPLINE_CURVE_WITH_KNOTS('',2,(#4794,#4795,#4796),
  .UNSPECIFIED.,.F.,.F.,(3,3),(0.,1.),.PIECEWISE_BEZIER_KNOTS.);
#4794 = CARTESIAN_POINT('',(-3.3623046875,-58.72682617187,1.2));
#4795 = CARTESIAN_POINT('',(-3.514038085938,-58.61671875,1.2));
#4796 = CARTESIAN_POINT('',(-3.766479492188,-58.61671875,1.2));
#4797 = VECTOR('',#4798,1.);
#4798 = DIRECTION('',(-0.,-0.,-1.));
#4799 = DEFINITIONAL_REPRESENTATION('',(#4800),#4804);
#4800 = LINE('',#4801,#4802);
#4801 = CARTESIAN_POINT('',(0.,-0.4));
#4802 = VECTOR('',#4803,1.);
#4803 = DIRECTION('',(1.,0.));
#4804 = ( GEOMETRIC_REPRESENTATION_CONTEXT(2) 
PARAMETRIC_REPRESENTATION_CONTEXT() REPRESENTATION_CONTEXT('2D SPACE',''
  ) );
#4805 = ORIENTED_EDGE('',*,*,#4806,.T.);
#4806 = EDGE_CURVE('',#4777,#4807,#4809,.T.);
#4807 = VERTEX_POINT('',#4808);
#4808 = CARTESIAN_POINT('',(-4.059204101562,-58.61671875,1.6));
#4809 = SURFACE_CURVE('',#4810,(#4814,#4821),.PCURVE_S1.);
#4810 = LINE('',#4811,#4812);
#4811 = CARTESIAN_POINT('',(-3.766479492188,-58.61671875,1.6));
#4812 = VECTOR('',#4813,1.);
#4813 = DIRECTION('',(-1.,0.,0.));
#4814 = PCURVE('',#1397,#4815);
#4815 = DEFINITIONAL_REPRESENTATION('',(#4816),#4820);
#4816 = LINE('',#4817,#4818);
#4817 = CARTESIAN_POINT('',(-3.766479492188,-58.61671875));
#4818 = VECTOR('',#4819,1.);
#4819 = DIRECTION('',(-1.,0.));
#4820 = ( GEOMETRIC_REPRESENTATION_CONTEXT(2) 
PARAMETRIC_REPRESENTATION_CONTEXT() REPRESENTATION_CONTEXT('2D SPACE',''
  ) );
#4821 = PCURVE('',#4822,#4827);
#4822 = PLANE('',#4823);
#4823 = AXIS2_PLACEMENT_3D('',#4824,#4825,#4826);
#4824 = CARTESIAN_POINT('',(-3.766479492188,-58.61671875,1.2));
#4825 = DIRECTION('',(0.,-1.,0.));
#4826 = DIRECTION('',(-1.,0.,0.));
#4827 = DEFINITIONAL_REPRESENTATION('',(#4828),#4832);
#4828 = LINE('',#4829,#4830);
#4829 = CARTESIAN_POINT('',(0.,-0.4));
#4830 = VECTOR('',#4831,1.);
#4831 = DIRECTION('',(1.,0.));
#4832 = ( GEOMETRIC_REPRESENTATION_CONTEXT(2) 
PARAMETRIC_REPRESENTATION_CONTEXT() REPRESENTATION_CONTEXT('2D SPACE',''
  ) );
#4833 = ORIENTED_EDGE('',*,*,#4834,.T.);
#4834 = EDGE_CURVE('',#4807,#4835,#4837,.T.);
#4835 = VERTEX_POINT('',#4836);
#4836 = CARTESIAN_POINT('',(-4.059204101562,-60.13405273437,1.6));
#4837 = SURFACE_CURVE('',#4838,(#4842,#4849),.PCURVE_S1.);
#4838 = LINE('',#4839,#4840);
#4839 = CARTESIAN_POINT('',(-4.059204101562,-58.61671875,1.6));
#4840 = VECTOR('',#4841,1.);
#4841 = DIRECTION('',(0.,-1.,0.));
#4842 = PCURVE('',#1397,#4843);
#4843 = DEFINITIONAL_REPRESENTATION('',(#4844),#4848);
#4844 = LINE('',#4845,#4846);
#4845 = CARTESIAN_POINT('',(-4.059204101562,-58.61671875));
#4846 = VECTOR('',#4847,1.);
#4847 = DIRECTION('',(0.,-1.));
#4848 = ( GEOMETRIC_REPRESENTATION_CONTEXT(2) 
PARAMETRIC_REPRESENTATION_CONTEXT() REPRESENTATION_CONTEXT('2D SPACE',''
  ) );
#4849 = PCURVE('',#4850,#4855);
#4850 = PLANE('',#4851);
#4851 = AXIS2_PLACEMENT_3D('',#4852,#4853,#4854);
#4852 = CARTESIAN_POINT('',(-4.059204101562,-58.61671875,1.2));
#4853 = DIRECTION('',(1.,0.,0.));
#4854 = DIRECTION('',(0.,-1.,0.));
#4855 = DEFINITIONAL_REPRESENTATION('',(#4856),#4860);
#4856 = LINE('',#4857,#4858);
#4857 = CARTESIAN_POINT('',(0.,-0.4));
#4858 = VECTOR('',#4859,1.);
#4859 = DIRECTION('',(1.,0.));
#4860 = ( GEOMETRIC_REPRESENTATION_CONTEXT(2) 
PARAMETRIC_REPRESENTATION_CONTEXT() REPRESENTATION_CONTEXT('2D SPACE',''
  ) );
#4861 = ORIENTED_EDGE('',*,*,#4862,.T.);
#4862 = EDGE_CURVE('',#4835,#4863,#4865,.T.);
#4863 = VERTEX_POINT('',#4864);
#4864 = CARTESIAN_POINT('',(-5.093139648438,-60.13405273437,1.6));
#4865 = SURFACE_CURVE('',#4866,(#4870,#4877),.PCURVE_S1.);
#4866 = LINE('',#4867,#4868);
#4867 = CARTESIAN_POINT('',(-4.059204101562,-60.13405273437,1.6));
#4868 = VECTOR('',#4869,1.);
#4869 = DIRECTION('',(-1.,0.,0.));
#4870 = PCURVE('',#1397,#4871);
#4871 = DEFINITIONAL_REPRESENTATION('',(#4872),#4876);
#4872 = LINE('',#4873,#4874);
#4873 = CARTESIAN_POINT('',(-4.059204101562,-60.13405273437));
#4874 = VECTOR('',#4875,1.);
#4875 = DIRECTION('',(-1.,0.));
#4876 = ( GEOMETRIC_REPRESENTATION_CONTEXT(2) 
PARAMETRIC_REPRESENTATION_CONTEXT() REPRESENTATION_CONTEXT('2D SPACE',''
  ) );
#4877 = PCURVE('',#4878,#4883);
#4878 = PLANE('',#4879);
#4879 = AXIS2_PLACEMENT_3D('',#4880,#4881,#4882);
#4880 = CARTESIAN_POINT('',(-4.059204101562,-60.13405273437,1.2));
#4881 = DIRECTION('',(0.,-1.,0.));
#4882 = DIRECTION('',(-1.,0.,0.));
#4883 = DEFINITIONAL_REPRESENTATION('',(#4884),#4888);
#4884 = LINE('',#4885,#4886);
#4885 = CARTESIAN_POINT('',(0.,-0.4));
#4886 = VECTOR('',#4887,1.);
#4887 = DIRECTION('',(1.,0.));
#4888 = ( GEOMETRIC_REPRESENTATION_CONTEXT(2) 
PARAMETRIC_REPRESENTATION_CONTEXT() REPRESENTATION_CONTEXT('2D SPACE',''
  ) );
#4889 = ORIENTED_EDGE('',*,*,#4890,.T.);
#4890 = EDGE_CURVE('',#4863,#4891,#4893,.T.);
#4891 = VERTEX_POINT('',#4892);
#4892 = CARTESIAN_POINT('',(-5.093139648438,-56.12453125,1.6));
#4893 = SURFACE_CURVE('',#4894,(#4898,#4905),.PCURVE_S1.);
#4894 = LINE('',#4895,#4896);
#4895 = CARTESIAN_POINT('',(-5.093139648438,-60.13405273437,1.6));
#4896 = VECTOR('',#4897,1.);
#4897 = DIRECTION('',(0.,1.,0.));
#4898 = PCURVE('',#1397,#4899);
#4899 = DEFINITIONAL_REPRESENTATION('',(#4900),#4904);
#4900 = LINE('',#4901,#4902);
#4901 = CARTESIAN_POINT('',(-5.093139648438,-60.13405273437));
#4902 = VECTOR('',#4903,1.);
#4903 = DIRECTION('',(0.,1.));
#4904 = ( GEOMETRIC_REPRESENTATION_CONTEXT(2) 
PARAMETRIC_REPRESENTATION_CONTEXT() REPRESENTATION_CONTEXT('2D SPACE',''
  ) );
#4905 = PCURVE('',#4906,#4911);
#4906 = PLANE('',#4907);
#4907 = AXIS2_PLACEMENT_3D('',#4908,#4909,#4910);
#4908 = CARTESIAN_POINT('',(-5.093139648438,-60.13405273437,1.2));
#4909 = DIRECTION('',(-1.,0.,0.));
#4910 = DIRECTION('',(0.,1.,0.));
#4911 = DEFINITIONAL_REPRESENTATION('',(#4912),#4916);
#4912 = LINE('',#4913,#4914);
#4913 = CARTESIAN_POINT('',(0.,-0.4));
#4914 = VECTOR('',#4915,1.);
#4915 = DIRECTION('',(1.,0.));
#4916 = ( GEOMETRIC_REPRESENTATION_CONTEXT(2) 
PARAMETRIC_REPRESENTATION_CONTEXT() REPRESENTATION_CONTEXT('2D SPACE',''
  ) );
#4917 = ORIENTED_EDGE('',*,*,#4918,.T.);
#4918 = EDGE_CURVE('',#4891,#4919,#4921,.T.);
#4919 = VERTEX_POINT('',#4920);
#4920 = CARTESIAN_POINT('',(-3.514038085938,-56.12453125,1.6));
#4921 = SURFACE_CURVE('',#4922,(#4926,#4933),.PCURVE_S1.);
#4922 = LINE('',#4923,#4924);
#4923 = CARTESIAN_POINT('',(-5.093139648438,-56.12453125,1.6));
#4924 = VECTOR('',#4925,1.);
#4925 = DIRECTION('',(1.,0.,0.));
#4926 = PCURVE('',#1397,#4927);
#4927 = DEFINITIONAL_REPRESENTATION('',(#4928),#4932);
#4928 = LINE('',#4929,#4930);
#4929 = CARTESIAN_POINT('',(-5.093139648438,-56.12453125));
#4930 = VECTOR('',#4931,1.);
#4931 = DIRECTION('',(1.,0.));
#4932 = ( GEOMETRIC_REPRESENTATION_CONTEXT(2) 
PARAMETRIC_REPRESENTATION_CONTEXT() REPRESENTATION_CONTEXT('2D SPACE',''
  ) );
#4933 = PCURVE('',#4934,#4939);
#4934 = PLANE('',#4935);
#4935 = AXIS2_PLACEMENT_3D('',#4936,#4937,#4938);
#4936 = CARTESIAN_POINT('',(-5.093139648438,-56.12453125,1.2));
#4937 = DIRECTION('',(0.,1.,0.));
#4938 = DIRECTION('',(1.,0.,0.));
#4939 = DEFINITIONAL_REPRESENTATION('',(#4940),#4944);
#4940 = LINE('',#4941,#4942);
#4941 = CARTESIAN_POINT('',(0.,-0.4));
#4942 = VECTOR('',#4943,1.);
#4943 = DIRECTION('',(1.,0.));
#4944 = ( GEOMETRIC_REPRESENTATION_CONTEXT(2) 
PARAMETRIC_REPRESENTATION_CONTEXT() REPRESENTATION_CONTEXT('2D SPACE',''
  ) );
#4945 = ORIENTED_EDGE('',*,*,#4946,.T.);
#4946 = EDGE_CURVE('',#4919,#4947,#4949,.T.);
#4947 = VERTEX_POINT('',#4948);
#4948 = CARTESIAN_POINT('',(-2.3525390625,-56.39040039062,1.6));
#4949 = SURFACE_CURVE('',#4950,(#4954,#4961),.PCURVE_S1.);
#4950 = B_SPLINE_CURVE_WITH_KNOTS('',2,(#4951,#4952,#4953),
  .UNSPECIFIED.,.F.,.F.,(3,3),(0.,1.),.PIECEWISE_BEZIER_KNOTS.);
#4951 = CARTESIAN_POINT('',(-3.514038085938,-56.12453125,1.6));
#4952 = CARTESIAN_POINT('',(-2.721801757812,-56.12453125,1.6));
#4953 = CARTESIAN_POINT('',(-2.3525390625,-56.39040039062,1.6));
#4954 = PCURVE('',#1397,#4955);
#4955 = DEFINITIONAL_REPRESENTATION('',(#4956),#4960);
#4956 = B_SPLINE_CURVE_WITH_KNOTS('',2,(#4957,#4958,#4959),
  .UNSPECIFIED.,.F.,.F.,(3,3),(0.,1.),.PIECEWISE_BEZIER_KNOTS.);
#4957 = CARTESIAN_POINT('',(-3.514038085938,-56.12453125));
#4958 = CARTESIAN_POINT('',(-2.721801757812,-56.12453125));
#4959 = CARTESIAN_POINT('',(-2.3525390625,-56.39040039062));
#4960 = ( GEOMETRIC_REPRESENTATION_CONTEXT(2) 
PARAMETRIC_REPRESENTATION_CONTEXT() REPRESENTATION_CONTEXT('2D SPACE',''
  ) );
#4961 = PCURVE('',#4962,#4969);
#4962 = SURFACE_OF_LINEAR_EXTRUSION('',#4963,#4967);
#4963 = B_SPLINE_CURVE_WITH_KNOTS('',2,(#4964,#4965,#4966),
  .UNSPECIFIED.,.F.,.F.,(3,3),(0.,1.),.PIECEWISE_BEZIER_KNOTS.);
#4964 = CARTESIAN_POINT('',(-3.514038085938,-56.12453125,1.2));
#4965 = CARTESIAN_POINT('',(-2.721801757812,-56.12453125,1.2));
#4966 = CARTESIAN_POINT('',(-2.3525390625,-56.39040039062,1.2));
#4967 = VECTOR('',#4968,1.);
#4968 = DIRECTION('',(-0.,-0.,-1.));
#4969 = DEFINITIONAL_REPRESENTATION('',(#4970),#4974);
#4970 = LINE('',#4971,#4972);
#4971 = CARTESIAN_POINT('',(0.,-0.4));
#4972 = VECTOR('',#4973,1.);
#4973 = DIRECTION('',(1.,0.));
#4974 = ( GEOMETRIC_REPRESENTATION_CONTEXT(2) 
PARAMETRIC_REPRESENTATION_CONTEXT() REPRESENTATION_CONTEXT('2D SPACE',''
  ) );
#4975 = ORIENTED_EDGE('',*,*,#4976,.T.);
#4976 = EDGE_CURVE('',#4947,#4977,#4979,.T.);
#4977 = VERTEX_POINT('',#4978);
#4978 = CARTESIAN_POINT('',(-1.983276367188,-57.2309765625,1.6));
#4979 = SURFACE_CURVE('',#4980,(#4984,#4991),.PCURVE_S1.);
#4980 = B_SPLINE_CURVE_WITH_KNOTS('',2,(#4981,#4982,#4983),
  .UNSPECIFIED.,.F.,.F.,(3,3),(0.,1.),.PIECEWISE_BEZIER_KNOTS.);
#4981 = CARTESIAN_POINT('',(-2.3525390625,-56.39040039062,1.6));
#4982 = CARTESIAN_POINT('',(-1.983276367188,-56.65626953125,1.6));
#4983 = CARTESIAN_POINT('',(-1.983276367188,-57.2309765625,1.6));
#4984 = PCURVE('',#1397,#4985);
#4985 = DEFINITIONAL_REPRESENTATION('',(#4986),#4990);
#4986 = B_SPLINE_CURVE_WITH_KNOTS('',2,(#4987,#4988,#4989),
  .UNSPECIFIED.,.F.,.F.,(3,3),(0.,1.),.PIECEWISE_BEZIER_KNOTS.);
#4987 = CARTESIAN_POINT('',(-2.3525390625,-56.39040039062));
#4988 = CARTESIAN_POINT('',(-1.983276367188,-56.65626953125));
#4989 = CARTESIAN_POINT('',(-1.983276367188,-57.2309765625));
#4990 = ( GEOMETRIC_REPRESENTATION_CONTEXT(2) 
PARAMETRIC_REPRESENTATION_CONTEXT() REPRESENTATION_CONTEXT('2D SPACE',''
  ) );
#4991 = PCURVE('',#4992,#4999);
#4992 = SURFACE_OF_LINEAR_EXTRUSION('',#4993,#4997);
#4993 = B_SPLINE_CURVE_WITH_KNOTS('',2,(#4994,#4995,#4996),
  .UNSPECIFIED.,.F.,.F.,(3,3),(0.,1.),.PIECEWISE_BEZIER_KNOTS.);
#4994 = CARTESIAN_POINT('',(-2.3525390625,-56.39040039062,1.2));
#4995 = CARTESIAN_POINT('',(-1.983276367188,-56.65626953125,1.2));
#4996 = CARTESIAN_POINT('',(-1.983276367188,-57.2309765625,1.2));
#4997 = VECTOR('',#4998,1.);
#4998 = DIRECTION('',(-0.,-0.,-1.));
#4999 = DEFINITIONAL_REPRESENTATION('',(#5000),#5004);
#5000 = LINE('',#5001,#5002);
#5001 = CARTESIAN_POINT('',(0.,-0.4));
#5002 = VECTOR('',#5003,1.);
#5003 = DIRECTION('',(1.,0.));
#5004 = ( GEOMETRIC_REPRESENTATION_CONTEXT(2) 
PARAMETRIC_REPRESENTATION_CONTEXT() REPRESENTATION_CONTEXT('2D SPACE',''
  ) );
#5005 = ORIENTED_EDGE('',*,*,#5006,.T.);
#5006 = EDGE_CURVE('',#4977,#5007,#5009,.T.);
#5007 = VERTEX_POINT('',#5008);
#5008 = CARTESIAN_POINT('',(-2.17529296875,-57.88356445312,1.6));
#5009 = SURFACE_CURVE('',#5010,(#5014,#5021),.PCURVE_S1.);
#5010 = B_SPLINE_CURVE_WITH_KNOTS('',2,(#5011,#5012,#5013),
  .UNSPECIFIED.,.F.,.F.,(3,3),(0.,1.),.PIECEWISE_BEZIER_KNOTS.);
#5011 = CARTESIAN_POINT('',(-1.983276367188,-57.2309765625,1.6));
#5012 = CARTESIAN_POINT('',(-1.983276367188,-57.6284375,1.6));
#5013 = CARTESIAN_POINT('',(-2.17529296875,-57.88356445312,1.6));
#5014 = PCURVE('',#1397,#5015);
#5015 = DEFINITIONAL_REPRESENTATION('',(#5016),#5020);
#5016 = B_SPLINE_CURVE_WITH_KNOTS('',2,(#5017,#5018,#5019),
  .UNSPECIFIED.,.F.,.F.,(3,3),(0.,1.),.PIECEWISE_BEZIER_KNOTS.);
#5017 = CARTESIAN_POINT('',(-1.983276367188,-57.2309765625));
#5018 = CARTESIAN_POINT('',(-1.983276367188,-57.6284375));
#5019 = CARTESIAN_POINT('',(-2.17529296875,-57.88356445312));
#5020 = ( GEOMETRIC_REPRESENTATION_CONTEXT(2) 
PARAMETRIC_REPRESENTATION_CONTEXT() REPRESENTATION_CONTEXT('2D SPACE',''
  ) );
#5021 = PCURVE('',#5022,#5029);
#5022 = SURFACE_OF_LINEAR_EXTRUSION('',#5023,#5027);
#5023 = B_SPLINE_CURVE_WITH_KNOTS('',2,(#5024,#5025,#5026),
  .UNSPECIFIED.,.F.,.F.,(3,3),(0.,1.),.PIECEWISE_BEZIER_KNOTS.);
#5024 = CARTESIAN_POINT('',(-1.983276367188,-57.2309765625,1.2));
#5025 = CARTESIAN_POINT('',(-1.983276367188,-57.6284375,1.2));
#5026 = CARTESIAN_POINT('',(-2.17529296875,-57.88356445312,1.2));
#5027 = VECTOR('',#5028,1.);
#5028 = DIRECTION('',(-0.,-0.,-1.));
#5029 = DEFINITIONAL_REPRESENTATION('',(#5030),#5034);
#5030 = LINE('',#5031,#5032);
#5031 = CARTESIAN_POINT('',(0.,-0.4));
#5032 = VECTOR('',#5033,1.);
#5033 = DIRECTION('',(1.,0.));
#5034 = ( GEOMETRIC_REPRESENTATION_CONTEXT(2) 
PARAMETRIC_REPRESENTATION_CONTEXT() REPRESENTATION_CONTEXT('2D SPACE',''
  ) );
#5035 = ORIENTED_EDGE('',*,*,#5036,.T.);
#5036 = EDGE_CURVE('',#5007,#5037,#5039,.T.);
#5037 = VERTEX_POINT('',#5038);
#5038 = CARTESIAN_POINT('',(-2.754028320312,-58.25954101562,1.6));
#5039 = SURFACE_CURVE('',#5040,(#5044,#5051),.PCURVE_S1.);
#5040 = B_SPLINE_CURVE_WITH_KNOTS('',2,(#5041,#5042,#5043),
  .UNSPECIFIED.,.F.,.F.,(3,3),(0.,1.),.PIECEWISE_BEZIER_KNOTS.);
#5041 = CARTESIAN_POINT('',(-2.17529296875,-57.88356445312,1.6));
#5042 = CARTESIAN_POINT('',(-2.367309570312,-58.13869140625,1.6));
#5043 = CARTESIAN_POINT('',(-2.754028320312,-58.25954101562,1.6));
#5044 = PCURVE('',#1397,#5045);
#5045 = DEFINITIONAL_REPRESENTATION('',(#5046),#5050);
#5046 = B_SPLINE_CURVE_WITH_KNOTS('',2,(#5047,#5048,#5049),
  .UNSPECIFIED.,.F.,.F.,(3,3),(0.,1.),.PIECEWISE_BEZIER_KNOTS.);
#5047 = CARTESIAN_POINT('',(-2.17529296875,-57.88356445312));
#5048 = CARTESIAN_POINT('',(-2.367309570312,-58.13869140625));
#5049 = CARTESIAN_POINT('',(-2.754028320312,-58.25954101562));
#5050 = ( GEOMETRIC_REPRESENTATION_CONTEXT(2) 
PARAMETRIC_REPRESENTATION_CONTEXT() REPRESENTATION_CONTEXT('2D SPACE',''
  ) );
#5051 = PCURVE('',#5052,#5059);
#5052 = SURFACE_OF_LINEAR_EXTRUSION('',#5053,#5057);
#5053 = B_SPLINE_CURVE_WITH_KNOTS('',2,(#5054,#5055,#5056),
  .UNSPECIFIED.,.F.,.F.,(3,3),(0.,1.),.PIECEWISE_BEZIER_KNOTS.);
#5054 = CARTESIAN_POINT('',(-2.17529296875,-57.88356445312,1.2));
#5055 = CARTESIAN_POINT('',(-2.367309570312,-58.13869140625,1.2));
#5056 = CARTESIAN_POINT('',(-2.754028320312,-58.25954101562,1.2));
#5057 = VECTOR('',#5058,1.);
#5058 = DIRECTION('',(-0.,-0.,-1.));
#5059 = DEFINITIONAL_REPRESENTATION('',(#5060),#5064);
#5060 = LINE('',#5061,#5062);
#5061 = CARTESIAN_POINT('',(0.,-0.4));
#5062 = VECTOR('',#5063,1.);
#5063 = DIRECTION('',(1.,0.));
#5064 = ( GEOMETRIC_REPRESENTATION_CONTEXT(2) 
PARAMETRIC_REPRESENTATION_CONTEXT() REPRESENTATION_CONTEXT('2D SPACE',''
  ) );
#5065 = ORIENTED_EDGE('',*,*,#5066,.T.);
#5066 = EDGE_CURVE('',#5037,#5067,#5069,.T.);
#5067 = VERTEX_POINT('',#5068);
#5068 = CARTESIAN_POINT('',(-2.3740234375,-58.47841308593,1.6));
#5069 = SURFACE_CURVE('',#5070,(#5074,#5081),.PCURVE_S1.);
#5070 = B_SPLINE_CURVE_WITH_KNOTS('',2,(#5071,#5072,#5073),
  .UNSPECIFIED.,.F.,.F.,(3,3),(0.,1.),.PIECEWISE_BEZIER_KNOTS.);
#5071 = CARTESIAN_POINT('',(-2.754028320312,-58.25954101562,1.6));
#5072 = CARTESIAN_POINT('',(-2.541870117188,-58.30788085937,1.6));
#5073 = CARTESIAN_POINT('',(-2.3740234375,-58.47841308593,1.6));
#5074 = PCURVE('',#1397,#5075);
#5075 = DEFINITIONAL_REPRESENTATION('',(#5076),#5080);
#5076 = B_SPLINE_CURVE_WITH_KNOTS('',2,(#5077,#5078,#5079),
  .UNSPECIFIED.,.F.,.F.,(3,3),(0.,1.),.PIECEWISE_BEZIER_KNOTS.);
#5077 = CARTESIAN_POINT('',(-2.754028320312,-58.25954101562));
#5078 = CARTESIAN_POINT('',(-2.541870117188,-58.30788085937));
#5079 = CARTESIAN_POINT('',(-2.3740234375,-58.47841308593));
#5080 = ( GEOMETRIC_REPRESENTATION_CONTEXT(2) 
PARAMETRIC_REPRESENTATION_CONTEXT() REPRESENTATION_CONTEXT('2D SPACE',''
  ) );
#5081 = PCURVE('',#5082,#5089);
#5082 = SURFACE_OF_LINEAR_EXTRUSION('',#5083,#5087);
#5083 = B_SPLINE_CURVE_WITH_KNOTS('',2,(#5084,#5085,#5086),
  .UNSPECIFIED.,.F.,.F.,(3,3),(0.,1.),.PIECEWISE_BEZIER_KNOTS.);
#5084 = CARTESIAN_POINT('',(-2.754028320312,-58.25954101562,1.2));
#5085 = CARTESIAN_POINT('',(-2.541870117188,-58.30788085937,1.2));
#5086 = CARTESIAN_POINT('',(-2.3740234375,-58.47841308593,1.2));
#5087 = VECTOR('',#5088,1.);
#5088 = DIRECTION('',(-0.,-0.,-1.));
#5089 = DEFINITIONAL_REPRESENTATION('',(#5090),#5094);
#5090 = LINE('',#5091,#5092);
#5091 = CARTESIAN_POINT('',(0.,-0.4));
#5092 = VECTOR('',#5093,1.);
#5093 = DIRECTION('',(1.,0.));
#5094 = ( GEOMETRIC_REPRESENTATION_CONTEXT(2) 
PARAMETRIC_REPRESENTATION_CONTEXT() REPRESENTATION_CONTEXT('2D SPACE',''
  ) );
#5095 = ORIENTED_EDGE('',*,*,#5096,.T.);
#5096 = EDGE_CURVE('',#5067,#5097,#5099,.T.);
#5097 = VERTEX_POINT('',#5098);
#5098 = CARTESIAN_POINT('',(-2.034301757812,-58.99538085937,1.6));
#5099 = SURFACE_CURVE('',#5100,(#5104,#5111),.PCURVE_S1.);
#5100 = B_SPLINE_CURVE_WITH_KNOTS('',2,(#5101,#5102,#5103),
  .UNSPECIFIED.,.F.,.F.,(3,3),(0.,1.),.PIECEWISE_BEZIER_KNOTS.);
#5101 = CARTESIAN_POINT('',(-2.3740234375,-58.47841308593,1.6));
#5102 = CARTESIAN_POINT('',(-2.206176757812,-58.6489453125,1.6));
#5103 = CARTESIAN_POINT('',(-2.034301757812,-58.99538085937,1.6));
#5104 = PCURVE('',#1397,#5105);
#5105 = DEFINITIONAL_REPRESENTATION('',(#5106),#5110);
#5106 = B_SPLINE_CURVE_WITH_KNOTS('',2,(#5107,#5108,#5109),
  .UNSPECIFIED.,.F.,.F.,(3,3),(0.,1.),.PIECEWISE_BEZIER_KNOTS.);
#5107 = CARTESIAN_POINT('',(-2.3740234375,-58.47841308593));
#5108 = CARTESIAN_POINT('',(-2.206176757812,-58.6489453125));
#5109 = CARTESIAN_POINT('',(-2.034301757812,-58.99538085937));
#5110 = ( GEOMETRIC_REPRESENTATION_CONTEXT(2) 
PARAMETRIC_REPRESENTATION_CONTEXT() REPRESENTATION_CONTEXT('2D SPACE',''
  ) );
#5111 = PCURVE('',#5112,#5119);
#5112 = SURFACE_OF_LINEAR_EXTRUSION('',#5113,#5117);
#5113 = B_SPLINE_CURVE_WITH_KNOTS('',2,(#5114,#5115,#5116),
  .UNSPECIFIED.,.F.,.F.,(3,3),(0.,1.),.PIECEWISE_BEZIER_KNOTS.);
#5114 = CARTESIAN_POINT('',(-2.3740234375,-58.47841308593,1.2));
#5115 = CARTESIAN_POINT('',(-2.206176757812,-58.6489453125,1.2));
#5116 = CARTESIAN_POINT('',(-2.034301757812,-58.99538085937,1.2));
#5117 = VECTOR('',#5118,1.);
#5118 = DIRECTION('',(-0.,-0.,-1.));
#5119 = DEFINITIONAL_REPRESENTATION('',(#5120),#5124);
#5120 = LINE('',#5121,#5122);
#5121 = CARTESIAN_POINT('',(0.,-0.4));
#5122 = VECTOR('',#5123,1.);
#5123 = DIRECTION('',(1.,0.));
#5124 = ( GEOMETRIC_REPRESENTATION_CONTEXT(2) 
PARAMETRIC_REPRESENTATION_CONTEXT() REPRESENTATION_CONTEXT('2D SPACE',''
  ) );
#5125 = ORIENTED_EDGE('',*,*,#5126,.T.);
#5126 = EDGE_CURVE('',#5097,#5127,#5129,.T.);
#5127 = VERTEX_POINT('',#5128);
#5128 = CARTESIAN_POINT('',(-1.473022460938,-60.13405273437,1.6));
#5129 = SURFACE_CURVE('',#5130,(#5134,#5141),.PCURVE_S1.);
#5130 = LINE('',#5131,#5132);
#5131 = CARTESIAN_POINT('',(-2.034301757812,-58.99538085937,1.6));
#5132 = VECTOR('',#5133,1.);
#5133 = DIRECTION('',(0.442129307657,-0.89695132271,0.));
#5134 = PCURVE('',#1397,#5135);
#5135 = DEFINITIONAL_REPRESENTATION('',(#5136),#5140);
#5136 = LINE('',#5137,#5138);
#5137 = CARTESIAN_POINT('',(-2.034301757812,-58.99538085937));
#5138 = VECTOR('',#5139,1.);
#5139 = DIRECTION('',(0.442129307657,-0.89695132271));
#5140 = ( GEOMETRIC_REPRESENTATION_CONTEXT(2) 
PARAMETRIC_REPRESENTATION_CONTEXT() REPRESENTATION_CONTEXT('2D SPACE',''
  ) );
#5141 = PCURVE('',#5142,#5147);
#5142 = PLANE('',#5143);
#5143 = AXIS2_PLACEMENT_3D('',#5144,#5145,#5146);
#5144 = CARTESIAN_POINT('',(-2.034301757812,-58.99538085937,1.2));
#5145 = DIRECTION('',(0.89695132271,0.442129307657,0.));
#5146 = DIRECTION('',(0.442129307657,-0.89695132271,0.));
#5147 = DEFINITIONAL_REPRESENTATION('',(#5148),#5152);
#5148 = LINE('',#5149,#5150);
#5149 = CARTESIAN_POINT('',(0.,-0.4));
#5150 = VECTOR('',#5151,1.);
#5151 = DIRECTION('',(1.,0.));
#5152 = ( GEOMETRIC_REPRESENTATION_CONTEXT(2) 
PARAMETRIC_REPRESENTATION_CONTEXT() REPRESENTATION_CONTEXT('2D SPACE',''
  ) );
#5153 = ORIENTED_EDGE('',*,*,#5154,.T.);
#5154 = EDGE_CURVE('',#5127,#5155,#5157,.T.);
#5155 = VERTEX_POINT('',#5156);
#5156 = CARTESIAN_POINT('',(-2.574096679688,-60.13405273437,1.6));
#5157 = SURFACE_CURVE('',#5158,(#5162,#5169),.PCURVE_S1.);
#5158 = LINE('',#5159,#5160);
#5159 = CARTESIAN_POINT('',(-1.473022460938,-60.13405273437,1.6));
#5160 = VECTOR('',#5161,1.);
#5161 = DIRECTION('',(-1.,0.,0.));
#5162 = PCURVE('',#1397,#5163);
#5163 = DEFINITIONAL_REPRESENTATION('',(#5164),#5168);
#5164 = LINE('',#5165,#5166);
#5165 = CARTESIAN_POINT('',(-1.473022460938,-60.13405273437));
#5166 = VECTOR('',#5167,1.);
#5167 = DIRECTION('',(-1.,0.));
#5168 = ( GEOMETRIC_REPRESENTATION_CONTEXT(2) 
PARAMETRIC_REPRESENTATION_CONTEXT() REPRESENTATION_CONTEXT('2D SPACE',''
  ) );
#5169 = PCURVE('',#5170,#5175);
#5170 = PLANE('',#5171);
#5171 = AXIS2_PLACEMENT_3D('',#5172,#5173,#5174);
#5172 = CARTESIAN_POINT('',(-1.473022460938,-60.13405273437,1.2));
#5173 = DIRECTION('',(0.,-1.,0.));
#5174 = DIRECTION('',(-1.,0.,0.));
#5175 = DEFINITIONAL_REPRESENTATION('',(#5176),#5180);
#5176 = LINE('',#5177,#5178);
#5177 = CARTESIAN_POINT('',(0.,-0.4));
#5178 = VECTOR('',#5179,1.);
#5179 = DIRECTION('',(1.,0.));
#5180 = ( GEOMETRIC_REPRESENTATION_CONTEXT(2) 
PARAMETRIC_REPRESENTATION_CONTEXT() REPRESENTATION_CONTEXT('2D SPACE',''
  ) );
#5181 = ORIENTED_EDGE('',*,*,#5182,.T.);
#5182 = EDGE_CURVE('',#5155,#5183,#5185,.T.);
#5183 = VERTEX_POINT('',#5184);
#5184 = CARTESIAN_POINT('',(-3.062866210938,-59.13771484375,1.6));
#5185 = SURFACE_CURVE('',#5186,(#5190,#5197),.PCURVE_S1.);
#5186 = LINE('',#5187,#5188);
#5187 = CARTESIAN_POINT('',(-2.574096679688,-60.13405273437,1.6));
#5188 = VECTOR('',#5189,1.);
#5189 = DIRECTION('',(-0.440424993655,0.897789410143,0.));
#5190 = PCURVE('',#1397,#5191);
#5191 = DEFINITIONAL_REPRESENTATION('',(#5192),#5196);
#5192 = LINE('',#5193,#5194);
#5193 = CARTESIAN_POINT('',(-2.574096679688,-60.13405273437));
#5194 = VECTOR('',#5195,1.);
#5195 = DIRECTION('',(-0.440424993655,0.897789410143));
#5196 = ( GEOMETRIC_REPRESENTATION_CONTEXT(2) 
PARAMETRIC_REPRESENTATION_CONTEXT() REPRESENTATION_CONTEXT('2D SPACE',''
  ) );
#5197 = PCURVE('',#5198,#5203);
#5198 = PLANE('',#5199);
#5199 = AXIS2_PLACEMENT_3D('',#5200,#5201,#5202);
#5200 = CARTESIAN_POINT('',(-2.574096679688,-60.13405273437,1.2));
#5201 = DIRECTION('',(-0.897789410143,-0.440424993655,0.));
#5202 = DIRECTION('',(-0.440424993655,0.897789410143,0.));
#5203 = DEFINITIONAL_REPRESENTATION('',(#5204),#5208);
#5204 = LINE('',#5205,#5206);
#5205 = CARTESIAN_POINT('',(0.,-0.4));
#5206 = VECTOR('',#5207,1.);
#5207 = DIRECTION('',(1.,0.));
#5208 = ( GEOMETRIC_REPRESENTATION_CONTEXT(2) 
PARAMETRIC_REPRESENTATION_CONTEXT() REPRESENTATION_CONTEXT('2D SPACE',''
  ) );
#5209 = ORIENTED_EDGE('',*,*,#5210,.T.);
#5210 = EDGE_CURVE('',#5183,#4775,#5211,.T.);
#5211 = SURFACE_CURVE('',#5212,(#5216,#5223),.PCURVE_S1.);
#5212 = B_SPLINE_CURVE_WITH_KNOTS('',2,(#5213,#5214,#5215),
  .UNSPECIFIED.,.F.,.F.,(3,3),(0.,1.),.PIECEWISE_BEZIER_KNOTS.);
#5213 = CARTESIAN_POINT('',(-3.062866210938,-59.13771484375,1.6));
#5214 = CARTESIAN_POINT('',(-3.210571289062,-58.83693359375,1.6));
#5215 = CARTESIAN_POINT('',(-3.3623046875,-58.72682617187,1.6));
#5216 = PCURVE('',#1397,#5217);
#5217 = DEFINITIONAL_REPRESENTATION('',(#5218),#5222);
#5218 = B_SPLINE_CURVE_WITH_KNOTS('',2,(#5219,#5220,#5221),
  .UNSPECIFIED.,.F.,.F.,(3,3),(0.,1.),.PIECEWISE_BEZIER_KNOTS.);
#5219 = CARTESIAN_POINT('',(-3.062866210938,-59.13771484375));
#5220 = CARTESIAN_POINT('',(-3.210571289062,-58.83693359375));
#5221 = CARTESIAN_POINT('',(-3.3623046875,-58.72682617187));
#5222 = ( GEOMETRIC_REPRESENTATION_CONTEXT(2) 
PARAMETRIC_REPRESENTATION_CONTEXT() REPRESENTATION_CONTEXT('2D SPACE',''
  ) );
#5223 = PCURVE('',#5224,#5231);
#5224 = SURFACE_OF_LINEAR_EXTRUSION('',#5225,#5229);
#5225 = B_SPLINE_CURVE_WITH_KNOTS('',2,(#5226,#5227,#5228),
  .UNSPECIFIED.,.F.,.F.,(3,3),(0.,1.),.PIECEWISE_BEZIER_KNOTS.);
#5226 = CARTESIAN_POINT('',(-3.062866210938,-59.13771484375,1.2));
#5227 = CARTESIAN_POINT('',(-3.210571289062,-58.83693359375,1.2));
#5228 = CARTESIAN_POINT('',(-3.3623046875,-58.72682617187,1.2));
#5229 = VECTOR('',#5230,1.);
#5230 = DIRECTION('',(-0.,-0.,-1.));
#5231 = DEFINITIONAL_REPRESENTATION('',(#5232),#5236);
#5232 = LINE('',#5233,#5234);
#5233 = CARTESIAN_POINT('',(0.,-0.4));
#5234 = VECTOR('',#5235,1.);
#5235 = DIRECTION('',(1.,0.));
#5236 = ( GEOMETRIC_REPRESENTATION_CONTEXT(2) 
PARAMETRIC_REPRESENTATION_CONTEXT() REPRESENTATION_CONTEXT('2D SPACE',''
  ) );
#5237 = FACE_BOUND('',#5238,.T.);
#5238 = EDGE_LOOP('',(#5239,#5271,#5301,#5331,#5361,#5391,#5421,#5451));
#5239 = ORIENTED_EDGE('',*,*,#5240,.T.);
#5240 = EDGE_CURVE('',#5241,#5243,#5245,.T.);
#5241 = VERTEX_POINT('',#5242);
#5242 = CARTESIAN_POINT('',(-0.539794921875,-56.60524414062,1.6));
#5243 = VERTEX_POINT('',#5244);
#5244 = CARTESIAN_POINT('',(0.973510742188,-56.05202148437,1.6));
#5245 = SURFACE_CURVE('',#5246,(#5250,#5257),.PCURVE_S1.);
#5246 = B_SPLINE_CURVE_WITH_KNOTS('',2,(#5247,#5248,#5249),
  .UNSPECIFIED.,.F.,.F.,(3,3),(0.,1.),.PIECEWISE_BEZIER_KNOTS.);
#5247 = CARTESIAN_POINT('',(-0.539794921875,-56.60524414062,1.6));
#5248 = CARTESIAN_POINT('',(9.3994140625E-03,-56.05202148437,1.6));
#5249 = CARTESIAN_POINT('',(0.973510742188,-56.05202148437,1.6));
#5250 = PCURVE('',#1397,#5251);
#5251 = DEFINITIONAL_REPRESENTATION('',(#5252),#5256);
#5252 = B_SPLINE_CURVE_WITH_KNOTS('',2,(#5253,#5254,#5255),
  .UNSPECIFIED.,.F.,.F.,(3,3),(0.,1.),.PIECEWISE_BEZIER_KNOTS.);
#5253 = CARTESIAN_POINT('',(-0.539794921875,-56.60524414062));
#5254 = CARTESIAN_POINT('',(9.3994140625E-03,-56.05202148437));
#5255 = CARTESIAN_POINT('',(0.973510742188,-56.05202148437));
#5256 = ( GEOMETRIC_REPRESENTATION_CONTEXT(2) 
PARAMETRIC_REPRESENTATION_CONTEXT() REPRESENTATION_CONTEXT('2D SPACE',''
  ) );
#5257 = PCURVE('',#5258,#5265);
#5258 = SURFACE_OF_LINEAR_EXTRUSION('',#5259,#5263);
#5259 = B_SPLINE_CURVE_WITH_KNOTS('',2,(#5260,#5261,#5262),
  .UNSPECIFIED.,.F.,.F.,(3,3),(0.,1.),.PIECEWISE_BEZIER_KNOTS.);
#5260 = CARTESIAN_POINT('',(-0.539794921875,-56.60524414062,1.2));
#5261 = CARTESIAN_POINT('',(9.3994140625E-03,-56.05202148437,1.2));
#5262 = CARTESIAN_POINT('',(0.973510742188,-56.05202148437,1.2));
#5263 = VECTOR('',#5264,1.);
#5264 = DIRECTION('',(-0.,-0.,-1.));
#5265 = DEFINITIONAL_REPRESENTATION('',(#5266),#5270);
#5266 = LINE('',#5267,#5268);
#5267 = CARTESIAN_POINT('',(0.,-0.4));
#5268 = VECTOR('',#5269,1.);
#5269 = DIRECTION('',(1.,0.));
#5270 = ( GEOMETRIC_REPRESENTATION_CONTEXT(2) 
PARAMETRIC_REPRESENTATION_CONTEXT() REPRESENTATION_CONTEXT('2D SPACE',''
  ) );
#5271 = ORIENTED_EDGE('',*,*,#5272,.T.);
#5272 = EDGE_CURVE('',#5243,#5273,#5275,.T.);
#5273 = VERTEX_POINT('',#5274);
#5274 = CARTESIAN_POINT('',(2.488159179688,-56.60524414062,1.6));
#5275 = SURFACE_CURVE('',#5276,(#5280,#5287),.PCURVE_S1.);
#5276 = B_SPLINE_CURVE_WITH_KNOTS('',2,(#5277,#5278,#5279),
  .UNSPECIFIED.,.F.,.F.,(3,3),(0.,1.),.PIECEWISE_BEZIER_KNOTS.);
#5277 = CARTESIAN_POINT('',(0.973510742188,-56.05202148437,1.6));
#5278 = CARTESIAN_POINT('',(1.940307617188,-56.05202148437,1.6));
#5279 = CARTESIAN_POINT('',(2.488159179688,-56.60524414062,1.6));
#5280 = PCURVE('',#1397,#5281);
#5281 = DEFINITIONAL_REPRESENTATION('',(#5282),#5286);
#5282 = B_SPLINE_CURVE_WITH_KNOTS('',2,(#5283,#5284,#5285),
  .UNSPECIFIED.,.F.,.F.,(3,3),(0.,1.),.PIECEWISE_BEZIER_KNOTS.);
#5283 = CARTESIAN_POINT('',(0.973510742188,-56.05202148437));
#5284 = CARTESIAN_POINT('',(1.940307617188,-56.05202148437));
#5285 = CARTESIAN_POINT('',(2.488159179688,-56.60524414062));
#5286 = ( GEOMETRIC_REPRESENTATION_CONTEXT(2) 
PARAMETRIC_REPRESENTATION_CONTEXT() REPRESENTATION_CONTEXT('2D SPACE',''
  ) );
#5287 = PCURVE('',#5288,#5295);
#5288 = SURFACE_OF_LINEAR_EXTRUSION('',#5289,#5293);
#5289 = B_SPLINE_CURVE_WITH_KNOTS('',2,(#5290,#5291,#5292),
  .UNSPECIFIED.,.F.,.F.,(3,3),(0.,1.),.PIECEWISE_BEZIER_KNOTS.);
#5290 = CARTESIAN_POINT('',(0.973510742188,-56.05202148437,1.2));
#5291 = CARTESIAN_POINT('',(1.940307617188,-56.05202148437,1.2));
#5292 = CARTESIAN_POINT('',(2.488159179688,-56.60524414062,1.2));
#5293 = VECTOR('',#5294,1.);
#5294 = DIRECTION('',(-0.,-0.,-1.));
#5295 = DEFINITIONAL_REPRESENTATION('',(#5296),#5300);
#5296 = LINE('',#5297,#5298);
#5297 = CARTESIAN_POINT('',(0.,-0.4));
#5298 = VECTOR('',#5299,1.);
#5299 = DIRECTION('',(1.,0.));
#5300 = ( GEOMETRIC_REPRESENTATION_CONTEXT(2) 
PARAMETRIC_REPRESENTATION_CONTEXT() REPRESENTATION_CONTEXT('2D SPACE',''
  ) );
#5301 = ORIENTED_EDGE('',*,*,#5302,.T.);
#5302 = EDGE_CURVE('',#5273,#5303,#5305,.T.);
#5303 = VERTEX_POINT('',#5304);
#5304 = CARTESIAN_POINT('',(3.036010742188,-58.1333203125,1.6));
#5305 = SURFACE_CURVE('',#5306,(#5310,#5317),.PCURVE_S1.);
#5306 = B_SPLINE_CURVE_WITH_KNOTS('',2,(#5307,#5308,#5309),
  .UNSPECIFIED.,.F.,.F.,(3,3),(0.,1.),.PIECEWISE_BEZIER_KNOTS.);
#5307 = CARTESIAN_POINT('',(2.488159179688,-56.60524414062,1.6));
#5308 = CARTESIAN_POINT('',(3.036010742188,-57.15846679687,1.6));
#5309 = CARTESIAN_POINT('',(3.036010742188,-58.1333203125,1.6));
#5310 = PCURVE('',#1397,#5311);
#5311 = DEFINITIONAL_REPRESENTATION('',(#5312),#5316);
#5312 = B_SPLINE_CURVE_WITH_KNOTS('',2,(#5313,#5314,#5315),
  .UNSPECIFIED.,.F.,.F.,(3,3),(0.,1.),.PIECEWISE_BEZIER_KNOTS.);
#5313 = CARTESIAN_POINT('',(2.488159179688,-56.60524414062));
#5314 = CARTESIAN_POINT('',(3.036010742188,-57.15846679687));
#5315 = CARTESIAN_POINT('',(3.036010742188,-58.1333203125));
#5316 = ( GEOMETRIC_REPRESENTATION_CONTEXT(2) 
PARAMETRIC_REPRESENTATION_CONTEXT() REPRESENTATION_CONTEXT('2D SPACE',''
  ) );
#5317 = PCURVE('',#5318,#5325);
#5318 = SURFACE_OF_LINEAR_EXTRUSION('',#5319,#5323);
#5319 = B_SPLINE_CURVE_WITH_KNOTS('',2,(#5320,#5321,#5322),
  .UNSPECIFIED.,.F.,.F.,(3,3),(0.,1.),.PIECEWISE_BEZIER_KNOTS.);
#5320 = CARTESIAN_POINT('',(2.488159179688,-56.60524414062,1.2));
#5321 = CARTESIAN_POINT('',(3.036010742188,-57.15846679687,1.2));
#5322 = CARTESIAN_POINT('',(3.036010742188,-58.1333203125,1.2));
#5323 = VECTOR('',#5324,1.);
#5324 = DIRECTION('',(-0.,-0.,-1.));
#5325 = DEFINITIONAL_REPRESENTATION('',(#5326),#5330);
#5326 = LINE('',#5327,#5328);
#5327 = CARTESIAN_POINT('',(0.,-0.4));
#5328 = VECTOR('',#5329,1.);
#5329 = DIRECTION('',(1.,0.));
#5330 = ( GEOMETRIC_REPRESENTATION_CONTEXT(2) 
PARAMETRIC_REPRESENTATION_CONTEXT() REPRESENTATION_CONTEXT('2D SPACE',''
  ) );
#5331 = ORIENTED_EDGE('',*,*,#5332,.T.);
#5332 = EDGE_CURVE('',#5303,#5333,#5335,.T.);
#5333 = VERTEX_POINT('',#5334);
#5334 = CARTESIAN_POINT('',(2.488159179688,-59.6587109375,1.6));
#5335 = SURFACE_CURVE('',#5336,(#5340,#5347),.PCURVE_S1.);
#5336 = B_SPLINE_CURVE_WITH_KNOTS('',2,(#5337,#5338,#5339),
  .UNSPECIFIED.,.F.,.F.,(3,3),(0.,1.),.PIECEWISE_BEZIER_KNOTS.);
#5337 = CARTESIAN_POINT('',(3.036010742188,-58.1333203125,1.6));
#5338 = CARTESIAN_POINT('',(3.036010742188,-59.10548828125,1.6));
#5339 = CARTESIAN_POINT('',(2.488159179688,-59.6587109375,1.6));
#5340 = PCURVE('',#1397,#5341);
#5341 = DEFINITIONAL_REPRESENTATION('',(#5342),#5346);
#5342 = B_SPLINE_CURVE_WITH_KNOTS('',2,(#5343,#5344,#5345),
  .UNSPECIFIED.,.F.,.F.,(3,3),(0.,1.),.PIECEWISE_BEZIER_KNOTS.);
#5343 = CARTESIAN_POINT('',(3.036010742188,-58.1333203125));
#5344 = CARTESIAN_POINT('',(3.036010742188,-59.10548828125));
#5345 = CARTESIAN_POINT('',(2.488159179688,-59.6587109375));
#5346 = ( GEOMETRIC_REPRESENTATION_CONTEXT(2) 
PARAMETRIC_REPRESENTATION_CONTEXT() REPRESENTATION_CONTEXT('2D SPACE',''
  ) );
#5347 = PCURVE('',#5348,#5355);
#5348 = SURFACE_OF_LINEAR_EXTRUSION('',#5349,#5353);
#5349 = B_SPLINE_CURVE_WITH_KNOTS('',2,(#5350,#5351,#5352),
  .UNSPECIFIED.,.F.,.F.,(3,3),(0.,1.),.PIECEWISE_BEZIER_KNOTS.);
#5350 = CARTESIAN_POINT('',(3.036010742188,-58.1333203125,1.2));
#5351 = CARTESIAN_POINT('',(3.036010742188,-59.10548828125,1.2));
#5352 = CARTESIAN_POINT('',(2.488159179688,-59.6587109375,1.2));
#5353 = VECTOR('',#5354,1.);
#5354 = DIRECTION('',(-0.,-0.,-1.));
#5355 = DEFINITIONAL_REPRESENTATION('',(#5356),#5360);
#5356 = LINE('',#5357,#5358);
#5357 = CARTESIAN_POINT('',(0.,-0.4));
#5358 = VECTOR('',#5359,1.);
#5359 = DIRECTION('',(1.,0.));
#5360 = ( GEOMETRIC_REPRESENTATION_CONTEXT(2) 
PARAMETRIC_REPRESENTATION_CONTEXT() REPRESENTATION_CONTEXT('2D SPACE',''
  ) );
#5361 = ORIENTED_EDGE('',*,*,#5362,.T.);
#5362 = EDGE_CURVE('',#5333,#5363,#5365,.T.);
#5363 = VERTEX_POINT('',#5364);
#5364 = CARTESIAN_POINT('',(0.973510742188,-60.21193359375,1.6));
#5365 = SURFACE_CURVE('',#5366,(#5370,#5377),.PCURVE_S1.);
#5366 = B_SPLINE_CURVE_WITH_KNOTS('',2,(#5367,#5368,#5369),
  .UNSPECIFIED.,.F.,.F.,(3,3),(0.,1.),.PIECEWISE_BEZIER_KNOTS.);
#5367 = CARTESIAN_POINT('',(2.488159179688,-59.6587109375,1.6));
#5368 = CARTESIAN_POINT('',(1.940307617188,-60.21193359375,1.6));
#5369 = CARTESIAN_POINT('',(0.973510742188,-60.21193359375,1.6));
#5370 = PCURVE('',#1397,#5371);
#5371 = DEFINITIONAL_REPRESENTATION('',(#5372),#5376);
#5372 = B_SPLINE_CURVE_WITH_KNOTS('',2,(#5373,#5374,#5375),
  .UNSPECIFIED.,.F.,.F.,(3,3),(0.,1.),.PIECEWISE_BEZIER_KNOTS.);
#5373 = CARTESIAN_POINT('',(2.488159179688,-59.6587109375));
#5374 = CARTESIAN_POINT('',(1.940307617188,-60.21193359375));
#5375 = CARTESIAN_POINT('',(0.973510742188,-60.21193359375));
#5376 = ( GEOMETRIC_REPRESENTATION_CONTEXT(2) 
PARAMETRIC_REPRESENTATION_CONTEXT() REPRESENTATION_CONTEXT('2D SPACE',''
  ) );
#5377 = PCURVE('',#5378,#5385);
#5378 = SURFACE_OF_LINEAR_EXTRUSION('',#5379,#5383);
#5379 = B_SPLINE_CURVE_WITH_KNOTS('',2,(#5380,#5381,#5382),
  .UNSPECIFIED.,.F.,.F.,(3,3),(0.,1.),.PIECEWISE_BEZIER_KNOTS.);
#5380 = CARTESIAN_POINT('',(2.488159179688,-59.6587109375,1.2));
#5381 = CARTESIAN_POINT('',(1.940307617188,-60.21193359375,1.2));
#5382 = CARTESIAN_POINT('',(0.973510742188,-60.21193359375,1.2));
#5383 = VECTOR('',#5384,1.);
#5384 = DIRECTION('',(-0.,-0.,-1.));
#5385 = DEFINITIONAL_REPRESENTATION('',(#5386),#5390);
#5386 = LINE('',#5387,#5388);
#5387 = CARTESIAN_POINT('',(0.,-0.4));
#5388 = VECTOR('',#5389,1.);
#5389 = DIRECTION('',(1.,0.));
#5390 = ( GEOMETRIC_REPRESENTATION_CONTEXT(2) 
PARAMETRIC_REPRESENTATION_CONTEXT() REPRESENTATION_CONTEXT('2D SPACE',''
  ) );
#5391 = ORIENTED_EDGE('',*,*,#5392,.T.);
#5392 = EDGE_CURVE('',#5363,#5393,#5395,.T.);
#5393 = VERTEX_POINT('',#5394);
#5394 = CARTESIAN_POINT('',(-0.539794921875,-59.6587109375,1.6));
#5395 = SURFACE_CURVE('',#5396,(#5400,#5407),.PCURVE_S1.);
#5396 = B_SPLINE_CURVE_WITH_KNOTS('',2,(#5397,#5398,#5399),
  .UNSPECIFIED.,.F.,.F.,(3,3),(0.,1.),.PIECEWISE_BEZIER_KNOTS.);
#5397 = CARTESIAN_POINT('',(0.973510742188,-60.21193359375,1.6));
#5398 = CARTESIAN_POINT('',(9.3994140625E-03,-60.21193359375,1.6));
#5399 = CARTESIAN_POINT('',(-0.539794921875,-59.6587109375,1.6));
#5400 = PCURVE('',#1397,#5401);
#5401 = DEFINITIONAL_REPRESENTATION('',(#5402),#5406);
#5402 = B_SPLINE_CURVE_WITH_KNOTS('',2,(#5403,#5404,#5405),
  .UNSPECIFIED.,.F.,.F.,(3,3),(0.,1.),.PIECEWISE_BEZIER_KNOTS.);
#5403 = CARTESIAN_POINT('',(0.973510742188,-60.21193359375));
#5404 = CARTESIAN_POINT('',(9.3994140625E-03,-60.21193359375));
#5405 = CARTESIAN_POINT('',(-0.539794921875,-59.6587109375));
#5406 = ( GEOMETRIC_REPRESENTATION_CONTEXT(2) 
PARAMETRIC_REPRESENTATION_CONTEXT() REPRESENTATION_CONTEXT('2D SPACE',''
  ) );
#5407 = PCURVE('',#5408,#5415);
#5408 = SURFACE_OF_LINEAR_EXTRUSION('',#5409,#5413);
#5409 = B_SPLINE_CURVE_WITH_KNOTS('',2,(#5410,#5411,#5412),
  .UNSPECIFIED.,.F.,.F.,(3,3),(0.,1.),.PIECEWISE_BEZIER_KNOTS.);
#5410 = CARTESIAN_POINT('',(0.973510742188,-60.21193359375,1.2));
#5411 = CARTESIAN_POINT('',(9.3994140625E-03,-60.21193359375,1.2));
#5412 = CARTESIAN_POINT('',(-0.539794921875,-59.6587109375,1.2));
#5413 = VECTOR('',#5414,1.);
#5414 = DIRECTION('',(-0.,-0.,-1.));
#5415 = DEFINITIONAL_REPRESENTATION('',(#5416),#5420);
#5416 = LINE('',#5417,#5418);
#5417 = CARTESIAN_POINT('',(0.,-0.4));
#5418 = VECTOR('',#5419,1.);
#5419 = DIRECTION('',(1.,0.));
#5420 = ( GEOMETRIC_REPRESENTATION_CONTEXT(2) 
PARAMETRIC_REPRESENTATION_CONTEXT() REPRESENTATION_CONTEXT('2D SPACE',''
  ) );
#5421 = ORIENTED_EDGE('',*,*,#5422,.T.);
#5422 = EDGE_CURVE('',#5393,#5423,#5425,.T.);
#5423 = VERTEX_POINT('',#5424);
#5424 = CARTESIAN_POINT('',(-1.088989257812,-58.1333203125,1.6));
#5425 = SURFACE_CURVE('',#5426,(#5430,#5437),.PCURVE_S1.);
#5426 = B_SPLINE_CURVE_WITH_KNOTS('',2,(#5427,#5428,#5429),
  .UNSPECIFIED.,.F.,.F.,(3,3),(0.,1.),.PIECEWISE_BEZIER_KNOTS.);
#5427 = CARTESIAN_POINT('',(-0.539794921875,-59.6587109375,1.6));
#5428 = CARTESIAN_POINT('',(-1.088989257812,-59.10548828125,1.6));
#5429 = CARTESIAN_POINT('',(-1.088989257812,-58.1333203125,1.6));
#5430 = PCURVE('',#1397,#5431);
#5431 = DEFINITIONAL_REPRESENTATION('',(#5432),#5436);
#5432 = B_SPLINE_CURVE_WITH_KNOTS('',2,(#5433,#5434,#5435),
  .UNSPECIFIED.,.F.,.F.,(3,3),(0.,1.),.PIECEWISE_BEZIER_KNOTS.);
#5433 = CARTESIAN_POINT('',(-0.539794921875,-59.6587109375));
#5434 = CARTESIAN_POINT('',(-1.088989257812,-59.10548828125));
#5435 = CARTESIAN_POINT('',(-1.088989257812,-58.1333203125));
#5436 = ( GEOMETRIC_REPRESENTATION_CONTEXT(2) 
PARAMETRIC_REPRESENTATION_CONTEXT() REPRESENTATION_CONTEXT('2D SPACE',''
  ) );
#5437 = PCURVE('',#5438,#5445);
#5438 = SURFACE_OF_LINEAR_EXTRUSION('',#5439,#5443);
#5439 = B_SPLINE_CURVE_WITH_KNOTS('',2,(#5440,#5441,#5442),
  .UNSPECIFIED.,.F.,.F.,(3,3),(0.,1.),.PIECEWISE_BEZIER_KNOTS.);
#5440 = CARTESIAN_POINT('',(-0.539794921875,-59.6587109375,1.2));
#5441 = CARTESIAN_POINT('',(-1.088989257812,-59.10548828125,1.2));
#5442 = CARTESIAN_POINT('',(-1.088989257812,-58.1333203125,1.2));
#5443 = VECTOR('',#5444,1.);
#5444 = DIRECTION('',(-0.,-0.,-1.));
#5445 = DEFINITIONAL_REPRESENTATION('',(#5446),#5450);
#5446 = LINE('',#5447,#5448);
#5447 = CARTESIAN_POINT('',(0.,-0.4));
#5448 = VECTOR('',#5449,1.);
#5449 = DIRECTION('',(1.,0.));
#5450 = ( GEOMETRIC_REPRESENTATION_CONTEXT(2) 
PARAMETRIC_REPRESENTATION_CONTEXT() REPRESENTATION_CONTEXT('2D SPACE',''
  ) );
#5451 = ORIENTED_EDGE('',*,*,#5452,.T.);
#5452 = EDGE_CURVE('',#5423,#5241,#5453,.T.);
#5453 = SURFACE_CURVE('',#5454,(#5458,#5465),.PCURVE_S1.);
#5454 = B_SPLINE_CURVE_WITH_KNOTS('',2,(#5455,#5456,#5457),
  .UNSPECIFIED.,.F.,.F.,(3,3),(0.,1.),.PIECEWISE_BEZIER_KNOTS.);
#5455 = CARTESIAN_POINT('',(-1.088989257812,-58.1333203125,1.6));
#5456 = CARTESIAN_POINT('',(-1.088989257812,-57.15846679687,1.6));
#5457 = CARTESIAN_POINT('',(-0.539794921875,-56.60524414062,1.6));
#5458 = PCURVE('',#1397,#5459);
#5459 = DEFINITIONAL_REPRESENTATION('',(#5460),#5464);
#5460 = B_SPLINE_CURVE_WITH_KNOTS('',2,(#5461,#5462,#5463),
  .UNSPECIFIED.,.F.,.F.,(3,3),(0.,1.),.PIECEWISE_BEZIER_KNOTS.);
#5461 = CARTESIAN_POINT('',(-1.088989257812,-58.1333203125));
#5462 = CARTESIAN_POINT('',(-1.088989257812,-57.15846679687));
#5463 = CARTESIAN_POINT('',(-0.539794921875,-56.60524414062));
#5464 = ( GEOMETRIC_REPRESENTATION_CONTEXT(2) 
PARAMETRIC_REPRESENTATION_CONTEXT() REPRESENTATION_CONTEXT('2D SPACE',''
  ) );
#5465 = PCURVE('',#5466,#5473);
#5466 = SURFACE_OF_LINEAR_EXTRUSION('',#5467,#5471);
#5467 = B_SPLINE_CURVE_WITH_KNOTS('',2,(#5468,#5469,#5470),
  .UNSPECIFIED.,.F.,.F.,(3,3),(0.,1.),.PIECEWISE_BEZIER_KNOTS.);
#5468 = CARTESIAN_POINT('',(-1.088989257812,-58.1333203125,1.2));
#5469 = CARTESIAN_POINT('',(-1.088989257812,-57.15846679687,1.2));
#5470 = CARTESIAN_POINT('',(-0.539794921875,-56.60524414062,1.2));
#5471 = VECTOR('',#5472,1.);
#5472 = DIRECTION('',(-0.,-0.,-1.));
#5473 = DEFINITIONAL_REPRESENTATION('',(#5474),#5478);
#5474 = LINE('',#5475,#5476);
#5475 = CARTESIAN_POINT('',(0.,-0.4));
#5476 = VECTOR('',#5477,1.);
#5477 = DIRECTION('',(1.,0.));
#5478 = ( GEOMETRIC_REPRESENTATION_CONTEXT(2) 
PARAMETRIC_REPRESENTATION_CONTEXT() REPRESENTATION_CONTEXT('2D SPACE',''
  ) );
#5479 = FACE_BOUND('',#5480,.T.);
#5480 = EDGE_LOOP('',(#5481,#5511,#5539,#5567,#5595,#5623,#5651,#5679,
    #5707,#5735,#5763,#5791,#5819));
#5481 = ORIENTED_EDGE('',*,*,#5482,.T.);
#5482 = EDGE_CURVE('',#5483,#5485,#5487,.T.);
#5483 = VERTEX_POINT('',#5484);
#5484 = CARTESIAN_POINT('',(6.712524414062,-60.13405273437,1.6));
#5485 = VERTEX_POINT('',#5486);
#5486 = CARTESIAN_POINT('',(5.732299804688,-60.13405273437,1.6));
#5487 = SURFACE_CURVE('',#5488,(#5492,#5499),.PCURVE_S1.);
#5488 = LINE('',#5489,#5490);
#5489 = CARTESIAN_POINT('',(6.712524414062,-60.13405273437,1.6));
#5490 = VECTOR('',#5491,1.);
#5491 = DIRECTION('',(-1.,0.,0.));
#5492 = PCURVE('',#1397,#5493);
#5493 = DEFINITIONAL_REPRESENTATION('',(#5494),#5498);
#5494 = LINE('',#5495,#5496);
#5495 = CARTESIAN_POINT('',(6.712524414062,-60.13405273437));
#5496 = VECTOR('',#5497,1.);
#5497 = DIRECTION('',(-1.,0.));
#5498 = ( GEOMETRIC_REPRESENTATION_CONTEXT(2) 
PARAMETRIC_REPRESENTATION_CONTEXT() REPRESENTATION_CONTEXT('2D SPACE',''
  ) );
#5499 = PCURVE('',#5500,#5505);
#5500 = PLANE('',#5501);
#5501 = AXIS2_PLACEMENT_3D('',#5502,#5503,#5504);
#5502 = CARTESIAN_POINT('',(6.712524414062,-60.13405273437,1.2));
#5503 = DIRECTION('',(0.,-1.,0.));
#5504 = DIRECTION('',(-1.,0.,0.));
#5505 = DEFINITIONAL_REPRESENTATION('',(#5506),#5510);
#5506 = LINE('',#5507,#5508);
#5507 = CARTESIAN_POINT('',(0.,-0.4));
#5508 = VECTOR('',#5509,1.);
#5509 = DIRECTION('',(1.,0.));
#5510 = ( GEOMETRIC_REPRESENTATION_CONTEXT(2) 
PARAMETRIC_REPRESENTATION_CONTEXT() REPRESENTATION_CONTEXT('2D SPACE',''
  ) );
#5511 = ORIENTED_EDGE('',*,*,#5512,.T.);
#5512 = EDGE_CURVE('',#5485,#5513,#5515,.T.);
#5513 = VERTEX_POINT('',#5514);
#5514 = CARTESIAN_POINT('',(5.732299804688,-56.12453125,1.6));
#5515 = SURFACE_CURVE('',#5516,(#5520,#5527),.PCURVE_S1.);
#5516 = LINE('',#5517,#5518);
#5517 = CARTESIAN_POINT('',(5.732299804688,-60.13405273437,1.6));
#5518 = VECTOR('',#5519,1.);
#5519 = DIRECTION('',(0.,1.,0.));
#5520 = PCURVE('',#1397,#5521);
#5521 = DEFINITIONAL_REPRESENTATION('',(#5522),#5526);
#5522 = LINE('',#5523,#5524);
#5523 = CARTESIAN_POINT('',(5.732299804688,-60.13405273437));
#5524 = VECTOR('',#5525,1.);
#5525 = DIRECTION('',(0.,1.));
#5526 = ( GEOMETRIC_REPRESENTATION_CONTEXT(2) 
PARAMETRIC_REPRESENTATION_CONTEXT() REPRESENTATION_CONTEXT('2D SPACE',''
  ) );
#5527 = PCURVE('',#5528,#5533);
#5528 = PLANE('',#5529);
#5529 = AXIS2_PLACEMENT_3D('',#5530,#5531,#5532);
#5530 = CARTESIAN_POINT('',(5.732299804688,-60.13405273437,1.2));
#5531 = DIRECTION('',(-1.,0.,0.));
#5532 = DIRECTION('',(0.,1.,0.));
#5533 = DEFINITIONAL_REPRESENTATION('',(#5534),#5538);
#5534 = LINE('',#5535,#5536);
#5535 = CARTESIAN_POINT('',(0.,-0.4));
#5536 = VECTOR('',#5537,1.);
#5537 = DIRECTION('',(1.,0.));
#5538 = ( GEOMETRIC_REPRESENTATION_CONTEXT(2) 
PARAMETRIC_REPRESENTATION_CONTEXT() REPRESENTATION_CONTEXT('2D SPACE',''
  ) );
#5539 = ORIENTED_EDGE('',*,*,#5540,.T.);
#5540 = EDGE_CURVE('',#5513,#5541,#5543,.T.);
#5541 = VERTEX_POINT('',#5542);
#5542 = CARTESIAN_POINT('',(7.048217773438,-56.12453125,1.6));
#5543 = SURFACE_CURVE('',#5544,(#5548,#5555),.PCURVE_S1.);
#5544 = LINE('',#5545,#5546);
#5545 = CARTESIAN_POINT('',(5.732299804688,-56.12453125,1.6));
#5546 = VECTOR('',#5547,1.);
#5547 = DIRECTION('',(1.,0.,0.));
#5548 = PCURVE('',#1397,#5549);
#5549 = DEFINITIONAL_REPRESENTATION('',(#5550),#5554);
#5550 = LINE('',#5551,#5552);
#5551 = CARTESIAN_POINT('',(5.732299804688,-56.12453125));
#5552 = VECTOR('',#5553,1.);
#5553 = DIRECTION('',(1.,0.));
#5554 = ( GEOMETRIC_REPRESENTATION_CONTEXT(2) 
PARAMETRIC_REPRESENTATION_CONTEXT() REPRESENTATION_CONTEXT('2D SPACE',''
  ) );
#5555 = PCURVE('',#5556,#5561);
#5556 = PLANE('',#5557);
#5557 = AXIS2_PLACEMENT_3D('',#5558,#5559,#5560);
#5558 = CARTESIAN_POINT('',(5.732299804688,-56.12453125,1.2));
#5559 = DIRECTION('',(0.,1.,0.));
#5560 = DIRECTION('',(1.,0.,0.));
#5561 = DEFINITIONAL_REPRESENTATION('',(#5562),#5566);
#5562 = LINE('',#5563,#5564);
#5563 = CARTESIAN_POINT('',(0.,-0.4));
#5564 = VECTOR('',#5565,1.);
#5565 = DIRECTION('',(1.,0.));
#5566 = ( GEOMETRIC_REPRESENTATION_CONTEXT(2) 
PARAMETRIC_REPRESENTATION_CONTEXT() REPRESENTATION_CONTEXT('2D SPACE',''
  ) );
#5567 = ORIENTED_EDGE('',*,*,#5568,.T.);
#5568 = EDGE_CURVE('',#5541,#5569,#5571,.T.);
#5569 = VERTEX_POINT('',#5570);
#5570 = CARTESIAN_POINT('',(7.961303710938,-58.27028320312,1.6));
#5571 = SURFACE_CURVE('',#5572,(#5576,#5583),.PCURVE_S1.);
#5572 = LINE('',#5573,#5574);
#5573 = CARTESIAN_POINT('',(7.048217773438,-56.12453125,1.6));
#5574 = VECTOR('',#5575,1.);
#5575 = DIRECTION('',(0.391555164097,-0.920154635629,0.));
#5576 = PCURVE('',#1397,#5577);
#5577 = DEFINITIONAL_REPRESENTATION('',(#5578),#5582);
#5578 = LINE('',#5579,#5580);
#5579 = CARTESIAN_POINT('',(7.048217773438,-56.12453125));
#5580 = VECTOR('',#5581,1.);
#5581 = DIRECTION('',(0.391555164097,-0.920154635629));
#5582 = ( GEOMETRIC_REPRESENTATION_CONTEXT(2) 
PARAMETRIC_REPRESENTATION_CONTEXT() REPRESENTATION_CONTEXT('2D SPACE',''
  ) );
#5583 = PCURVE('',#5584,#5589);
#5584 = PLANE('',#5585);
#5585 = AXIS2_PLACEMENT_3D('',#5586,#5587,#5588);
#5586 = CARTESIAN_POINT('',(7.048217773438,-56.12453125,1.2));
#5587 = DIRECTION('',(0.920154635629,0.391555164097,0.));
#5588 = DIRECTION('',(0.391555164097,-0.920154635629,0.));
#5589 = DEFINITIONAL_REPRESENTATION('',(#5590),#5594);
#5590 = LINE('',#5591,#5592);
#5591 = CARTESIAN_POINT('',(0.,-0.4));
#5592 = VECTOR('',#5593,1.);
#5593 = DIRECTION('',(1.,0.));
#5594 = ( GEOMETRIC_REPRESENTATION_CONTEXT(2) 
PARAMETRIC_REPRESENTATION_CONTEXT() REPRESENTATION_CONTEXT('2D SPACE',''
  ) );
#5595 = ORIENTED_EDGE('',*,*,#5596,.T.);
#5596 = EDGE_CURVE('',#5569,#5597,#5599,.T.);
#5597 = VERTEX_POINT('',#5598);
#5598 = CARTESIAN_POINT('',(8.879760742188,-56.12453125,1.6));
#5599 = SURFACE_CURVE('',#5600,(#5604,#5611),.PCURVE_S1.);
#5600 = LINE('',#5601,#5602);
#5601 = CARTESIAN_POINT('',(7.961303710938,-58.27028320312,1.6));
#5602 = VECTOR('',#5603,1.);
#5603 = DIRECTION('',(0.393502664251,0.919323475838,0.));
#5604 = PCURVE('',#1397,#5605);
#5605 = DEFINITIONAL_REPRESENTATION('',(#5606),#5610);
#5606 = LINE('',#5607,#5608);
#5607 = CARTESIAN_POINT('',(7.961303710938,-58.27028320312));
#5608 = VECTOR('',#5609,1.);
#5609 = DIRECTION('',(0.393502664251,0.919323475838));
#5610 = ( GEOMETRIC_REPRESENTATION_CONTEXT(2) 
PARAMETRIC_REPRESENTATION_CONTEXT() REPRESENTATION_CONTEXT('2D SPACE',''
  ) );
#5611 = PCURVE('',#5612,#5617);
#5612 = PLANE('',#5613);
#5613 = AXIS2_PLACEMENT_3D('',#5614,#5615,#5616);
#5614 = CARTESIAN_POINT('',(7.961303710938,-58.27028320312,1.2));
#5615 = DIRECTION('',(-0.919323475838,0.393502664251,0.));
#5616 = DIRECTION('',(0.393502664251,0.919323475838,0.));
#5617 = DEFINITIONAL_REPRESENTATION('',(#5618),#5622);
#5618 = LINE('',#5619,#5620);
#5619 = CARTESIAN_POINT('',(0.,-0.4));
#5620 = VECTOR('',#5621,1.);
#5621 = DIRECTION('',(1.,0.));
#5622 = ( GEOMETRIC_REPRESENTATION_CONTEXT(2) 
PARAMETRIC_REPRESENTATION_CONTEXT() REPRESENTATION_CONTEXT('2D SPACE',''
  ) );
#5623 = ORIENTED_EDGE('',*,*,#5624,.T.);
#5624 = EDGE_CURVE('',#5597,#5625,#5627,.T.);
#5625 = VERTEX_POINT('',#5626);
#5626 = CARTESIAN_POINT('',(10.192993164062,-56.12453125,1.6));
#5627 = SURFACE_CURVE('',#5628,(#5632,#5639),.PCURVE_S1.);
#5628 = LINE('',#5629,#5630);
#5629 = CARTESIAN_POINT('',(8.879760742188,-56.12453125,1.6));
#5630 = VECTOR('',#5631,1.);
#5631 = DIRECTION('',(1.,0.,0.));
#5632 = PCURVE('',#1397,#5633);
#5633 = DEFINITIONAL_REPRESENTATION('',(#5634),#5638);
#5634 = LINE('',#5635,#5636);
#5635 = CARTESIAN_POINT('',(8.879760742188,-56.12453125));
#5636 = VECTOR('',#5637,1.);
#5637 = DIRECTION('',(1.,0.));
#5638 = ( GEOMETRIC_REPRESENTATION_CONTEXT(2) 
PARAMETRIC_REPRESENTATION_CONTEXT() REPRESENTATION_CONTEXT('2D SPACE',''
  ) );
#5639 = PCURVE('',#5640,#5645);
#5640 = PLANE('',#5641);
#5641 = AXIS2_PLACEMENT_3D('',#5642,#5643,#5644);
#5642 = CARTESIAN_POINT('',(8.879760742188,-56.12453125,1.2));
#5643 = DIRECTION('',(0.,1.,0.));
#5644 = DIRECTION('',(1.,0.,0.));
#5645 = DEFINITIONAL_REPRESENTATION('',(#5646),#5650);
#5646 = LINE('',#5647,#5648);
#5647 = CARTESIAN_POINT('',(0.,-0.4));
#5648 = VECTOR('',#5649,1.);
#5649 = DIRECTION('',(1.,0.));
#5650 = ( GEOMETRIC_REPRESENTATION_CONTEXT(2) 
PARAMETRIC_REPRESENTATION_CONTEXT() REPRESENTATION_CONTEXT('2D SPACE',''
  ) );
#5651 = ORIENTED_EDGE('',*,*,#5652,.T.);
#5652 = EDGE_CURVE('',#5625,#5653,#5655,.T.);
#5653 = VERTEX_POINT('',#5654);
#5654 = CARTESIAN_POINT('',(10.192993164062,-60.13405273437,1.6));
#5655 = SURFACE_CURVE('',#5656,(#5660,#5667),.PCURVE_S1.);
#5656 = LINE('',#5657,#5658);
#5657 = CARTESIAN_POINT('',(10.192993164062,-56.12453125,1.6));
#5658 = VECTOR('',#5659,1.);
#5659 = DIRECTION('',(0.,-1.,0.));
#5660 = PCURVE('',#1397,#5661);
#5661 = DEFINITIONAL_REPRESENTATION('',(#5662),#5666);
#5662 = LINE('',#5663,#5664);
#5663 = CARTESIAN_POINT('',(10.192993164062,-56.12453125));
#5664 = VECTOR('',#5665,1.);
#5665 = DIRECTION('',(0.,-1.));
#5666 = ( GEOMETRIC_REPRESENTATION_CONTEXT(2) 
PARAMETRIC_REPRESENTATION_CONTEXT() REPRESENTATION_CONTEXT('2D SPACE',''
  ) );
#5667 = PCURVE('',#5668,#5673);
#5668 = PLANE('',#5669);
#5669 = AXIS2_PLACEMENT_3D('',#5670,#5671,#5672);
#5670 = CARTESIAN_POINT('',(10.192993164062,-56.12453125,1.2));
#5671 = DIRECTION('',(1.,0.,0.));
#5672 = DIRECTION('',(0.,-1.,0.));
#5673 = DEFINITIONAL_REPRESENTATION('',(#5674),#5678);
#5674 = LINE('',#5675,#5676);
#5675 = CARTESIAN_POINT('',(0.,-0.4));
#5676 = VECTOR('',#5677,1.);
#5677 = DIRECTION('',(1.,0.));
#5678 = ( GEOMETRIC_REPRESENTATION_CONTEXT(2) 
PARAMETRIC_REPRESENTATION_CONTEXT() REPRESENTATION_CONTEXT('2D SPACE',''
  ) );
#5679 = ORIENTED_EDGE('',*,*,#5680,.T.);
#5680 = EDGE_CURVE('',#5653,#5681,#5683,.T.);
#5681 = VERTEX_POINT('',#5682);
#5682 = CARTESIAN_POINT('',(9.215454101562,-60.13405273437,1.6));
#5683 = SURFACE_CURVE('',#5684,(#5688,#5695),.PCURVE_S1.);
#5684 = LINE('',#5685,#5686);
#5685 = CARTESIAN_POINT('',(10.192993164062,-60.13405273437,1.6));
#5686 = VECTOR('',#5687,1.);
#5687 = DIRECTION('',(-1.,0.,0.));
#5688 = PCURVE('',#1397,#5689);
#5689 = DEFINITIONAL_REPRESENTATION('',(#5690),#5694);
#5690 = LINE('',#5691,#5692);
#5691 = CARTESIAN_POINT('',(10.192993164062,-60.13405273437));
#5692 = VECTOR('',#5693,1.);
#5693 = DIRECTION('',(-1.,0.));
#5694 = ( GEOMETRIC_REPRESENTATION_CONTEXT(2) 
PARAMETRIC_REPRESENTATION_CONTEXT() REPRESENTATION_CONTEXT('2D SPACE',''
  ) );
#5695 = PCURVE('',#5696,#5701);
#5696 = PLANE('',#5697);
#5697 = AXIS2_PLACEMENT_3D('',#5698,#5699,#5700);
#5698 = CARTESIAN_POINT('',(10.192993164062,-60.13405273437,1.2));
#5699 = DIRECTION('',(0.,-1.,0.));
#5700 = DIRECTION('',(-1.,0.,0.));
#5701 = DEFINITIONAL_REPRESENTATION('',(#5702),#5706);
#5702 = LINE('',#5703,#5704);
#5703 = CARTESIAN_POINT('',(0.,-0.4));
#5704 = VECTOR('',#5705,1.);
#5705 = DIRECTION('',(1.,0.));
#5706 = ( GEOMETRIC_REPRESENTATION_CONTEXT(2) 
PARAMETRIC_REPRESENTATION_CONTEXT() REPRESENTATION_CONTEXT('2D SPACE',''
  ) );
#5707 = ORIENTED_EDGE('',*,*,#5708,.T.);
#5708 = EDGE_CURVE('',#5681,#5709,#5711,.T.);
#5709 = VERTEX_POINT('',#5710);
#5710 = CARTESIAN_POINT('',(9.215454101562,-57.20143554687,1.6));
#5711 = SURFACE_CURVE('',#5712,(#5716,#5723),.PCURVE_S1.);
#5712 = LINE('',#5713,#5714);
#5713 = CARTESIAN_POINT('',(9.215454101562,-60.13405273437,1.6));
#5714 = VECTOR('',#5715,1.);
#5715 = DIRECTION('',(0.,1.,0.));
#5716 = PCURVE('',#1397,#5717);
#5717 = DEFINITIONAL_REPRESENTATION('',(#5718),#5722);
#5718 = LINE('',#5719,#5720);
#5719 = CARTESIAN_POINT('',(9.215454101562,-60.13405273437));
#5720 = VECTOR('',#5721,1.);
#5721 = DIRECTION('',(0.,1.));
#5722 = ( GEOMETRIC_REPRESENTATION_CONTEXT(2) 
PARAMETRIC_REPRESENTATION_CONTEXT() REPRESENTATION_CONTEXT('2D SPACE',''
  ) );
#5723 = PCURVE('',#5724,#5729);
#5724 = PLANE('',#5725);
#5725 = AXIS2_PLACEMENT_3D('',#5726,#5727,#5728);
#5726 = CARTESIAN_POINT('',(9.215454101562,-60.13405273437,1.2));
#5727 = DIRECTION('',(-1.,0.,0.));
#5728 = DIRECTION('',(0.,1.,0.));
#5729 = DEFINITIONAL_REPRESENTATION('',(#5730),#5734);
#5730 = LINE('',#5731,#5732);
#5731 = CARTESIAN_POINT('',(0.,-0.4));
#5732 = VECTOR('',#5733,1.);
#5733 = DIRECTION('',(1.,0.));
#5734 = ( GEOMETRIC_REPRESENTATION_CONTEXT(2) 
PARAMETRIC_REPRESENTATION_CONTEXT() REPRESENTATION_CONTEXT('2D SPACE',''
  ) );
#5735 = ORIENTED_EDGE('',*,*,#5736,.T.);
#5736 = EDGE_CURVE('',#5709,#5737,#5739,.T.);
#5737 = VERTEX_POINT('',#5738);
#5738 = CARTESIAN_POINT('',(8.291625976562,-59.36330078125,1.6));
#5739 = SURFACE_CURVE('',#5740,(#5744,#5751),.PCURVE_S1.);
#5740 = LINE('',#5741,#5742);
#5741 = CARTESIAN_POINT('',(9.215454101562,-57.20143554687,1.6));
#5742 = VECTOR('',#5743,1.);
#5743 = DIRECTION('',(-0.392954027956,-0.919558117746,0.));
#5744 = PCURVE('',#1397,#5745);
#5745 = DEFINITIONAL_REPRESENTATION('',(#5746),#5750);
#5746 = LINE('',#5747,#5748);
#5747 = CARTESIAN_POINT('',(9.215454101562,-57.20143554687));
#5748 = VECTOR('',#5749,1.);
#5749 = DIRECTION('',(-0.392954027956,-0.919558117746));
#5750 = ( GEOMETRIC_REPRESENTATION_CONTEXT(2) 
PARAMETRIC_REPRESENTATION_CONTEXT() REPRESENTATION_CONTEXT('2D SPACE',''
  ) );
#5751 = PCURVE('',#5752,#5757);
#5752 = PLANE('',#5753);
#5753 = AXIS2_PLACEMENT_3D('',#5754,#5755,#5756);
#5754 = CARTESIAN_POINT('',(9.215454101562,-57.20143554687,1.2));
#5755 = DIRECTION('',(0.919558117746,-0.392954027956,0.));
#5756 = DIRECTION('',(-0.392954027956,-0.919558117746,0.));
#5757 = DEFINITIONAL_REPRESENTATION('',(#5758),#5762);
#5758 = LINE('',#5759,#5760);
#5759 = CARTESIAN_POINT('',(0.,-0.4));
#5760 = VECTOR('',#5761,1.);
#5761 = DIRECTION('',(1.,0.));
#5762 = ( GEOMETRIC_REPRESENTATION_CONTEXT(2) 
PARAMETRIC_REPRESENTATION_CONTEXT() REPRESENTATION_CONTEXT('2D SPACE',''
  ) );
#5763 = ORIENTED_EDGE('',*,*,#5764,.T.);
#5764 = EDGE_CURVE('',#5737,#5765,#5767,.T.);
#5765 = VERTEX_POINT('',#5766);
#5766 = CARTESIAN_POINT('',(7.636352539062,-59.36330078125,1.6));
#5767 = SURFACE_CURVE('',#5768,(#5772,#5779),.PCURVE_S1.);
#5768 = LINE('',#5769,#5770);
#5769 = CARTESIAN_POINT('',(8.291625976562,-59.36330078125,1.6));
#5770 = VECTOR('',#5771,1.);
#5771 = DIRECTION('',(-1.,0.,0.));
#5772 = PCURVE('',#1397,#5773);
#5773 = DEFINITIONAL_REPRESENTATION('',(#5774),#5778);
#5774 = LINE('',#5775,#5776);
#5775 = CARTESIAN_POINT('',(8.291625976562,-59.36330078125));
#5776 = VECTOR('',#5777,1.);
#5777 = DIRECTION('',(-1.,0.));
#5778 = ( GEOMETRIC_REPRESENTATION_CONTEXT(2) 
PARAMETRIC_REPRESENTATION_CONTEXT() REPRESENTATION_CONTEXT('2D SPACE',''
  ) );
#5779 = PCURVE('',#5780,#5785);
#5780 = PLANE('',#5781);
#5781 = AXIS2_PLACEMENT_3D('',#5782,#5783,#5784);
#5782 = CARTESIAN_POINT('',(8.291625976562,-59.36330078125,1.2));
#5783 = DIRECTION('',(0.,-1.,0.));
#5784 = DIRECTION('',(-1.,0.,0.));
#5785 = DEFINITIONAL_REPRESENTATION('',(#5786),#5790);
#5786 = LINE('',#5787,#5788);
#5787 = CARTESIAN_POINT('',(0.,-0.4));
#5788 = VECTOR('',#5789,1.);
#5789 = DIRECTION('',(1.,0.));
#5790 = ( GEOMETRIC_REPRESENTATION_CONTEXT(2) 
PARAMETRIC_REPRESENTATION_CONTEXT() REPRESENTATION_CONTEXT('2D SPACE',''
  ) );
#5791 = ORIENTED_EDGE('',*,*,#5792,.T.);
#5792 = EDGE_CURVE('',#5765,#5793,#5795,.T.);
#5793 = VERTEX_POINT('',#5794);
#5794 = CARTESIAN_POINT('',(6.712524414062,-57.20143554687,1.6));
#5795 = SURFACE_CURVE('',#5796,(#5800,#5807),.PCURVE_S1.);
#5796 = LINE('',#5797,#5798);
#5797 = CARTESIAN_POINT('',(7.636352539062,-59.36330078125,1.6));
#5798 = VECTOR('',#5799,1.);
#5799 = DIRECTION('',(-0.392954027956,0.919558117746,0.));
#5800 = PCURVE('',#1397,#5801);
#5801 = DEFINITIONAL_REPRESENTATION('',(#5802),#5806);
#5802 = LINE('',#5803,#5804);
#5803 = CARTESIAN_POINT('',(7.636352539062,-59.36330078125));
#5804 = VECTOR('',#5805,1.);
#5805 = DIRECTION('',(-0.392954027956,0.919558117746));
#5806 = ( GEOMETRIC_REPRESENTATION_CONTEXT(2) 
PARAMETRIC_REPRESENTATION_CONTEXT() REPRESENTATION_CONTEXT('2D SPACE',''
  ) );
#5807 = PCURVE('',#5808,#5813);
#5808 = PLANE('',#5809);
#5809 = AXIS2_PLACEMENT_3D('',#5810,#5811,#5812);
#5810 = CARTESIAN_POINT('',(7.636352539062,-59.36330078125,1.2));
#5811 = DIRECTION('',(-0.919558117746,-0.392954027956,0.));
#5812 = DIRECTION('',(-0.392954027956,0.919558117746,0.));
#5813 = DEFINITIONAL_REPRESENTATION('',(#5814),#5818);
#5814 = LINE('',#5815,#5816);
#5815 = CARTESIAN_POINT('',(0.,-0.4));
#5816 = VECTOR('',#5817,1.);
#5817 = DIRECTION('',(1.,0.));
#5818 = ( GEOMETRIC_REPRESENTATION_CONTEXT(2) 
PARAMETRIC_REPRESENTATION_CONTEXT() REPRESENTATION_CONTEXT('2D SPACE',''
  ) );
#5819 = ORIENTED_EDGE('',*,*,#5820,.T.);
#5820 = EDGE_CURVE('',#5793,#5483,#5821,.T.);
#5821 = SURFACE_CURVE('',#5822,(#5826,#5833),.PCURVE_S1.);
#5822 = LINE('',#5823,#5824);
#5823 = CARTESIAN_POINT('',(6.712524414062,-57.20143554687,1.6));
#5824 = VECTOR('',#5825,1.);
#5825 = DIRECTION('',(0.,-1.,0.));
#5826 = PCURVE('',#1397,#5827);
#5827 = DEFINITIONAL_REPRESENTATION('',(#5828),#5832);
#5828 = LINE('',#5829,#5830);
#5829 = CARTESIAN_POINT('',(6.712524414062,-57.20143554687));
#5830 = VECTOR('',#5831,1.);
#5831 = DIRECTION('',(0.,-1.));
#5832 = ( GEOMETRIC_REPRESENTATION_CONTEXT(2) 
PARAMETRIC_REPRESENTATION_CONTEXT() REPRESENTATION_CONTEXT('2D SPACE',''
  ) );
#5833 = PCURVE('',#5834,#5839);
#5834 = PLANE('',#5835);
#5835 = AXIS2_PLACEMENT_3D('',#5836,#5837,#5838);
#5836 = CARTESIAN_POINT('',(6.712524414062,-57.20143554687,1.2));
#5837 = DIRECTION('',(1.,0.,0.));
#5838 = DIRECTION('',(0.,-1.,0.));
#5839 = DEFINITIONAL_REPRESENTATION('',(#5840),#5844);
#5840 = LINE('',#5841,#5842);
#5841 = CARTESIAN_POINT('',(0.,-0.4));
#5842 = VECTOR('',#5843,1.);
#5843 = DIRECTION('',(1.,0.));
#5844 = ( GEOMETRIC_REPRESENTATION_CONTEXT(2) 
PARAMETRIC_REPRESENTATION_CONTEXT() REPRESENTATION_CONTEXT('2D SPACE',''
  ) );
#5845 = FACE_BOUND('',#5846,.T.);
#5846 = EDGE_LOOP('',(#5847,#5877,#5905,#5933,#5961,#5989,#6017,#6045));
#5847 = ORIENTED_EDGE('',*,*,#5848,.T.);
#5848 = EDGE_CURVE('',#5849,#5851,#5853,.T.);
#5849 = VERTEX_POINT('',#5850);
#5850 = CARTESIAN_POINT('',(14.930297851562,-60.13405273437,1.6));
#5851 = VERTEX_POINT('',#5852);
#5852 = CARTESIAN_POINT('',(13.890991210938,-60.13405273437,1.6));
#5853 = SURFACE_CURVE('',#5854,(#5858,#5865),.PCURVE_S1.);
#5854 = LINE('',#5855,#5856);
#5855 = CARTESIAN_POINT('',(14.930297851562,-60.13405273437,1.6));
#5856 = VECTOR('',#5857,1.);
#5857 = DIRECTION('',(-1.,0.,0.));
#5858 = PCURVE('',#1397,#5859);
#5859 = DEFINITIONAL_REPRESENTATION('',(#5860),#5864);
#5860 = LINE('',#5861,#5862);
#5861 = CARTESIAN_POINT('',(14.930297851562,-60.13405273437));
#5862 = VECTOR('',#5863,1.);
#5863 = DIRECTION('',(-1.,0.));
#5864 = ( GEOMETRIC_REPRESENTATION_CONTEXT(2) 
PARAMETRIC_REPRESENTATION_CONTEXT() REPRESENTATION_CONTEXT('2D SPACE',''
  ) );
#5865 = PCURVE('',#5866,#5871);
#5866 = PLANE('',#5867);
#5867 = AXIS2_PLACEMENT_3D('',#5868,#5869,#5870);
#5868 = CARTESIAN_POINT('',(14.930297851562,-60.13405273437,1.2));
#5869 = DIRECTION('',(0.,-1.,0.));
#5870 = DIRECTION('',(-1.,0.,0.));
#5871 = DEFINITIONAL_REPRESENTATION('',(#5872),#5876);
#5872 = LINE('',#5873,#5874);
#5873 = CARTESIAN_POINT('',(0.,-0.4));
#5874 = VECTOR('',#5875,1.);
#5875 = DIRECTION('',(1.,0.));
#5876 = ( GEOMETRIC_REPRESENTATION_CONTEXT(2) 
PARAMETRIC_REPRESENTATION_CONTEXT() REPRESENTATION_CONTEXT('2D SPACE',''
  ) );
#5877 = ORIENTED_EDGE('',*,*,#5878,.T.);
#5878 = EDGE_CURVE('',#5851,#5879,#5881,.T.);
#5879 = VERTEX_POINT('',#5880);
#5880 = CARTESIAN_POINT('',(13.638549804688,-59.40358398437,1.6));
#5881 = SURFACE_CURVE('',#5882,(#5886,#5893),.PCURVE_S1.);
#5882 = LINE('',#5883,#5884);
#5883 = CARTESIAN_POINT('',(13.890991210938,-60.13405273437,1.6));
#5884 = VECTOR('',#5885,1.);
#5885 = DIRECTION('',(-0.326633135958,0.945151201922,0.));
#5886 = PCURVE('',#1397,#5887);
#5887 = DEFINITIONAL_REPRESENTATION('',(#5888),#5892);
#5888 = LINE('',#5889,#5890);
#5889 = CARTESIAN_POINT('',(13.890991210938,-60.13405273437));
#5890 = VECTOR('',#5891,1.);
#5891 = DIRECTION('',(-0.326633135958,0.945151201922));
#5892 = ( GEOMETRIC_REPRESENTATION_CONTEXT(2) 
PARAMETRIC_REPRESENTATION_CONTEXT() REPRESENTATION_CONTEXT('2D SPACE',''
  ) );
#5893 = PCURVE('',#5894,#5899);
#5894 = PLANE('',#5895);
#5895 = AXIS2_PLACEMENT_3D('',#5896,#5897,#5898);
#5896 = CARTESIAN_POINT('',(13.890991210938,-60.13405273437,1.2));
#5897 = DIRECTION('',(-0.945151201922,-0.326633135958,0.));
#5898 = DIRECTION('',(-0.326633135958,0.945151201922,0.));
#5899 = DEFINITIONAL_REPRESENTATION('',(#5900),#5904);
#5900 = LINE('',#5901,#5902);
#5901 = CARTESIAN_POINT('',(0.,-0.4));
#5902 = VECTOR('',#5903,1.);
#5903 = DIRECTION('',(1.,0.));
#5904 = ( GEOMETRIC_REPRESENTATION_CONTEXT(2) 
PARAMETRIC_REPRESENTATION_CONTEXT() REPRESENTATION_CONTEXT('2D SPACE',''
  ) );
#5905 = ORIENTED_EDGE('',*,*,#5906,.T.);
#5906 = EDGE_CURVE('',#5879,#5907,#5909,.T.);
#5907 = VERTEX_POINT('',#5908);
#5908 = CARTESIAN_POINT('',(12.021850585938,-59.40358398437,1.6));
#5909 = SURFACE_CURVE('',#5910,(#5914,#5921),.PCURVE_S1.);
#5910 = LINE('',#5911,#5912);
#5911 = CARTESIAN_POINT('',(13.638549804688,-59.40358398437,1.6));
#5912 = VECTOR('',#5913,1.);
#5913 = DIRECTION('',(-1.,0.,0.));
#5914 = PCURVE('',#1397,#5915);
#5915 = DEFINITIONAL_REPRESENTATION('',(#5916),#5920);
#5916 = LINE('',#5917,#5918);
#5917 = CARTESIAN_POINT('',(13.638549804688,-59.40358398437));
#5918 = VECTOR('',#5919,1.);
#5919 = DIRECTION('',(-1.,0.));
#5920 = ( GEOMETRIC_REPRESENTATION_CONTEXT(2) 
PARAMETRIC_REPRESENTATION_CONTEXT() REPRESENTATION_CONTEXT('2D SPACE',''
  ) );
#5921 = PCURVE('',#5922,#5927);
#5922 = PLANE('',#5923);
#5923 = AXIS2_PLACEMENT_3D('',#5924,#5925,#5926);
#5924 = CARTESIAN_POINT('',(13.638549804688,-59.40358398437,1.2));
#5925 = DIRECTION('',(0.,-1.,0.));
#5926 = DIRECTION('',(-1.,0.,0.));
#5927 = DEFINITIONAL_REPRESENTATION('',(#5928),#5932);
#5928 = LINE('',#5929,#5930);
#5929 = CARTESIAN_POINT('',(0.,-0.4));
#5930 = VECTOR('',#5931,1.);
#5931 = DIRECTION('',(1.,0.));
#5932 = ( GEOMETRIC_REPRESENTATION_CONTEXT(2) 
PARAMETRIC_REPRESENTATION_CONTEXT() REPRESENTATION_CONTEXT('2D SPACE',''
  ) );
#5933 = ORIENTED_EDGE('',*,*,#5934,.T.);
#5934 = EDGE_CURVE('',#5907,#5935,#5937,.T.);
#5935 = VERTEX_POINT('',#5936);
#5936 = CARTESIAN_POINT('',(11.766723632812,-60.13405273437,1.6));
#5937 = SURFACE_CURVE('',#5938,(#5942,#5949),.PCURVE_S1.);
#5938 = LINE('',#5939,#5940);
#5939 = CARTESIAN_POINT('',(12.021850585938,-59.40358398437,1.6));
#5940 = VECTOR('',#5941,1.);
#5941 = DIRECTION('',(-0.32973193734,-0.944074599541,0.));
#5942 = PCURVE('',#1397,#5943);
#5943 = DEFINITIONAL_REPRESENTATION('',(#5944),#5948);
#5944 = LINE('',#5945,#5946);
#5945 = CARTESIAN_POINT('',(12.021850585938,-59.40358398437));
#5946 = VECTOR('',#5947,1.);
#5947 = DIRECTION('',(-0.32973193734,-0.944074599541));
#5948 = ( GEOMETRIC_REPRESENTATION_CONTEXT(2) 
PARAMETRIC_REPRESENTATION_CONTEXT() REPRESENTATION_CONTEXT('2D SPACE',''
  ) );
#5949 = PCURVE('',#5950,#5955);
#5950 = PLANE('',#5951);
#5951 = AXIS2_PLACEMENT_3D('',#5952,#5953,#5954);
#5952 = CARTESIAN_POINT('',(12.021850585938,-59.40358398437,1.2));
#5953 = DIRECTION('',(0.944074599541,-0.32973193734,0.));
#5954 = DIRECTION('',(-0.32973193734,-0.944074599541,0.));
#5955 = DEFINITIONAL_REPRESENTATION('',(#5956),#5960);
#5956 = LINE('',#5957,#5958);
#5957 = CARTESIAN_POINT('',(0.,-0.4));
#5958 = VECTOR('',#5959,1.);
#5959 = DIRECTION('',(1.,0.));
#5960 = ( GEOMETRIC_REPRESENTATION_CONTEXT(2) 
PARAMETRIC_REPRESENTATION_CONTEXT() REPRESENTATION_CONTEXT('2D SPACE',''
  ) );
#5961 = ORIENTED_EDGE('',*,*,#5962,.T.);
#5962 = EDGE_CURVE('',#5935,#5963,#5965,.T.);
#5963 = VERTEX_POINT('',#5964);
#5964 = CARTESIAN_POINT('',(10.727416992188,-60.13405273437,1.6));
#5965 = SURFACE_CURVE('',#5966,(#5970,#5977),.PCURVE_S1.);
#5966 = LINE('',#5967,#5968);
#5967 = CARTESIAN_POINT('',(11.766723632812,-60.13405273437,1.6));
#5968 = VECTOR('',#5969,1.);
#5969 = DIRECTION('',(-1.,0.,0.));
#5970 = PCURVE('',#1397,#5971);
#5971 = DEFINITIONAL_REPRESENTATION('',(#5972),#5976);
#5972 = LINE('',#5973,#5974);
#5973 = CARTESIAN_POINT('',(11.766723632812,-60.13405273437));
#5974 = VECTOR('',#5975,1.);
#5975 = DIRECTION('',(-1.,0.));
#5976 = ( GEOMETRIC_REPRESENTATION_CONTEXT(2) 
PARAMETRIC_REPRESENTATION_CONTEXT() REPRESENTATION_CONTEXT('2D SPACE',''
  ) );
#5977 = PCURVE('',#5978,#5983);
#5978 = PLANE('',#5979);
#5979 = AXIS2_PLACEMENT_3D('',#5980,#5981,#5982);
#5980 = CARTESIAN_POINT('',(11.766723632812,-60.13405273437,1.2));
#5981 = DIRECTION('',(0.,-1.,0.));
#5982 = DIRECTION('',(-1.,0.,0.));
#5983 = DEFINITIONAL_REPRESENTATION('',(#5984),#5988);
#5984 = LINE('',#5985,#5986);
#5985 = CARTESIAN_POINT('',(0.,-0.4));
#5986 = VECTOR('',#5987,1.);
#5987 = DIRECTION('',(1.,0.));
#5988 = ( GEOMETRIC_REPRESENTATION_CONTEXT(2) 
PARAMETRIC_REPRESENTATION_CONTEXT() REPRESENTATION_CONTEXT('2D SPACE',''
  ) );
#5989 = ORIENTED_EDGE('',*,*,#5990,.T.);
#5990 = EDGE_CURVE('',#5963,#5991,#5993,.T.);
#5991 = VERTEX_POINT('',#5992);
#5992 = CARTESIAN_POINT('',(12.212524414062,-56.12453125,1.6));
#5993 = SURFACE_CURVE('',#5994,(#5998,#6005),.PCURVE_S1.);
#5994 = LINE('',#5995,#5996);
#5995 = CARTESIAN_POINT('',(10.727416992188,-60.13405273437,1.6));
#5996 = VECTOR('',#5997,1.);
#5997 = DIRECTION('',(0.347334812292,0.937741184,0.));
#5998 = PCURVE('',#1397,#5999);
#5999 = DEFINITIONAL_REPRESENTATION('',(#6000),#6004);
#6000 = LINE('',#6001,#6002);
#6001 = CARTESIAN_POINT('',(10.727416992188,-60.13405273437));
#6002 = VECTOR('',#6003,1.);
#6003 = DIRECTION('',(0.347334812292,0.937741184));
#6004 = ( GEOMETRIC_REPRESENTATION_CONTEXT(2) 
PARAMETRIC_REPRESENTATION_CONTEXT() REPRESENTATION_CONTEXT('2D SPACE',''
  ) );
#6005 = PCURVE('',#6006,#6011);
#6006 = PLANE('',#6007);
#6007 = AXIS2_PLACEMENT_3D('',#6008,#6009,#6010);
#6008 = CARTESIAN_POINT('',(10.727416992188,-60.13405273437,1.2));
#6009 = DIRECTION('',(-0.937741184,0.347334812292,0.));
#6010 = DIRECTION('',(0.347334812292,0.937741184,0.));
#6011 = DEFINITIONAL_REPRESENTATION('',(#6012),#6016);
#6012 = LINE('',#6013,#6014);
#6013 = CARTESIAN_POINT('',(0.,-0.4));
#6014 = VECTOR('',#6015,1.);
#6015 = DIRECTION('',(1.,0.));
#6016 = ( GEOMETRIC_REPRESENTATION_CONTEXT(2) 
PARAMETRIC_REPRESENTATION_CONTEXT() REPRESENTATION_CONTEXT('2D SPACE',''
  ) );
#6017 = ORIENTED_EDGE('',*,*,#6018,.T.);
#6018 = EDGE_CURVE('',#5991,#6019,#6021,.T.);
#6019 = VERTEX_POINT('',#6020);
#6020 = CARTESIAN_POINT('',(13.445190429688,-56.12453125,1.6));
#6021 = SURFACE_CURVE('',#6022,(#6026,#6033),.PCURVE_S1.);
#6022 = LINE('',#6023,#6024);
#6023 = CARTESIAN_POINT('',(12.212524414062,-56.12453125,1.6));
#6024 = VECTOR('',#6025,1.);
#6025 = DIRECTION('',(1.,0.,0.));
#6026 = PCURVE('',#1397,#6027);
#6027 = DEFINITIONAL_REPRESENTATION('',(#6028),#6032);
#6028 = LINE('',#6029,#6030);
#6029 = CARTESIAN_POINT('',(12.212524414062,-56.12453125));
#6030 = VECTOR('',#6031,1.);
#6031 = DIRECTION('',(1.,0.));
#6032 = ( GEOMETRIC_REPRESENTATION_CONTEXT(2) 
PARAMETRIC_REPRESENTATION_CONTEXT() REPRESENTATION_CONTEXT('2D SPACE',''
  ) );
#6033 = PCURVE('',#6034,#6039);
#6034 = PLANE('',#6035);
#6035 = AXIS2_PLACEMENT_3D('',#6036,#6037,#6038);
#6036 = CARTESIAN_POINT('',(12.212524414062,-56.12453125,1.2));
#6037 = DIRECTION('',(0.,1.,0.));
#6038 = DIRECTION('',(1.,0.,0.));
#6039 = DEFINITIONAL_REPRESENTATION('',(#6040),#6044);
#6040 = LINE('',#6041,#6042);
#6041 = CARTESIAN_POINT('',(0.,-0.4));
#6042 = VECTOR('',#6043,1.);
#6043 = DIRECTION('',(1.,0.));
#6044 = ( GEOMETRIC_REPRESENTATION_CONTEXT(2) 
PARAMETRIC_REPRESENTATION_CONTEXT() REPRESENTATION_CONTEXT('2D SPACE',''
  ) );
#6045 = ORIENTED_EDGE('',*,*,#6046,.T.);
#6046 = EDGE_CURVE('',#6019,#5849,#6047,.T.);
#6047 = SURFACE_CURVE('',#6048,(#6052,#6059),.PCURVE_S1.);
#6048 = LINE('',#6049,#6050);
#6049 = CARTESIAN_POINT('',(13.445190429688,-56.12453125,1.6));
#6050 = VECTOR('',#6051,1.);
#6051 = DIRECTION('',(0.347334812292,-0.937741184,0.));
#6052 = PCURVE('',#1397,#6053);
#6053 = DEFINITIONAL_REPRESENTATION('',(#6054),#6058);
#6054 = LINE('',#6055,#6056);
#6055 = CARTESIAN_POINT('',(13.445190429688,-56.12453125));
#6056 = VECTOR('',#6057,1.);
#6057 = DIRECTION('',(0.347334812292,-0.937741184));
#6058 = ( GEOMETRIC_REPRESENTATION_CONTEXT(2) 
PARAMETRIC_REPRESENTATION_CONTEXT() REPRESENTATION_CONTEXT('2D SPACE',''
  ) );
#6059 = PCURVE('',#6060,#6065);
#6060 = PLANE('',#6061);
#6061 = AXIS2_PLACEMENT_3D('',#6062,#6063,#6064);
#6062 = CARTESIAN_POINT('',(13.445190429688,-56.12453125,1.2));
#6063 = DIRECTION('',(0.937741184,0.347334812292,0.));
#6064 = DIRECTION('',(0.347334812292,-0.937741184,0.));
#6065 = DEFINITIONAL_REPRESENTATION('',(#6066),#6070);
#6066 = LINE('',#6067,#6068);
#6067 = CARTESIAN_POINT('',(0.,-0.4));
#6068 = VECTOR('',#6069,1.);
#6069 = DIRECTION('',(1.,0.));
#6070 = ( GEOMETRIC_REPRESENTATION_CONTEXT(2) 
PARAMETRIC_REPRESENTATION_CONTEXT() REPRESENTATION_CONTEXT('2D SPACE',''
  ) );
#6071 = FACE_BOUND('',#6072,.T.);
#6072 = EDGE_LOOP('',(#6073,#6103,#6131,#6159,#6187,#6215,#6243,#6271,
    #6299,#6327,#6355,#6383));
#6073 = ORIENTED_EDGE('',*,*,#6074,.T.);
#6074 = EDGE_CURVE('',#6075,#6077,#6079,.T.);
#6075 = VERTEX_POINT('',#6076);
#6076 = CARTESIAN_POINT('',(17.948852539062,-56.12453125,1.6));
#6077 = VERTEX_POINT('',#6078);
#6078 = CARTESIAN_POINT('',(19.033813476562,-56.12453125,1.6));
#6079 = SURFACE_CURVE('',#6080,(#6084,#6091),.PCURVE_S1.);
#6080 = LINE('',#6081,#6082);
#6081 = CARTESIAN_POINT('',(17.948852539062,-56.12453125,1.6));
#6082 = VECTOR('',#6083,1.);
#6083 = DIRECTION('',(1.,0.,0.));
#6084 = PCURVE('',#1397,#6085);
#6085 = DEFINITIONAL_REPRESENTATION('',(#6086),#6090);
#6086 = LINE('',#6087,#6088);
#6087 = CARTESIAN_POINT('',(17.948852539062,-56.12453125));
#6088 = VECTOR('',#6089,1.);
#6089 = DIRECTION('',(1.,0.));
#6090 = ( GEOMETRIC_REPRESENTATION_CONTEXT(2) 
PARAMETRIC_REPRESENTATION_CONTEXT() REPRESENTATION_CONTEXT('2D SPACE',''
  ) );
#6091 = PCURVE('',#6092,#6097);
#6092 = PLANE('',#6093);
#6093 = AXIS2_PLACEMENT_3D('',#6094,#6095,#6096);
#6094 = CARTESIAN_POINT('',(17.948852539062,-56.12453125,1.2));
#6095 = DIRECTION('',(0.,1.,0.));
#6096 = DIRECTION('',(1.,0.,0.));
#6097 = DEFINITIONAL_REPRESENTATION('',(#6098),#6102);
#6098 = LINE('',#6099,#6100);
#6099 = CARTESIAN_POINT('',(0.,-0.4));
#6100 = VECTOR('',#6101,1.);
#6101 = DIRECTION('',(1.,0.));
#6102 = ( GEOMETRIC_REPRESENTATION_CONTEXT(2) 
PARAMETRIC_REPRESENTATION_CONTEXT() REPRESENTATION_CONTEXT('2D SPACE',''
  ) );
#6103 = ORIENTED_EDGE('',*,*,#6104,.T.);
#6104 = EDGE_CURVE('',#6077,#6105,#6107,.T.);
#6105 = VERTEX_POINT('',#6106);
#6106 = CARTESIAN_POINT('',(17.696411132812,-58.08766601562,1.6));
#6107 = SURFACE_CURVE('',#6108,(#6112,#6119),.PCURVE_S1.);
#6108 = LINE('',#6109,#6110);
#6109 = CARTESIAN_POINT('',(19.033813476562,-56.12453125,1.6));
#6110 = VECTOR('',#6111,1.);
#6111 = DIRECTION('',(-0.563021054675,-0.826442552143,0.));
#6112 = PCURVE('',#1397,#6113);
#6113 = DEFINITIONAL_REPRESENTATION('',(#6114),#6118);
#6114 = LINE('',#6115,#6116);
#6115 = CARTESIAN_POINT('',(19.033813476562,-56.12453125));
#6116 = VECTOR('',#6117,1.);
#6117 = DIRECTION('',(-0.563021054675,-0.826442552143));
#6118 = ( GEOMETRIC_REPRESENTATION_CONTEXT(2) 
PARAMETRIC_REPRESENTATION_CONTEXT() REPRESENTATION_CONTEXT('2D SPACE',''
  ) );
#6119 = PCURVE('',#6120,#6125);
#6120 = PLANE('',#6121);
#6121 = AXIS2_PLACEMENT_3D('',#6122,#6123,#6124);
#6122 = CARTESIAN_POINT('',(19.033813476562,-56.12453125,1.2));
#6123 = DIRECTION('',(0.826442552143,-0.563021054675,0.));
#6124 = DIRECTION('',(-0.563021054675,-0.826442552143,0.));
#6125 = DEFINITIONAL_REPRESENTATION('',(#6126),#6130);
#6126 = LINE('',#6127,#6128);
#6127 = CARTESIAN_POINT('',(0.,-0.4));
#6128 = VECTOR('',#6129,1.);
#6129 = DIRECTION('',(1.,0.));
#6130 = ( GEOMETRIC_REPRESENTATION_CONTEXT(2) 
PARAMETRIC_REPRESENTATION_CONTEXT() REPRESENTATION_CONTEXT('2D SPACE',''
  ) );
#6131 = ORIENTED_EDGE('',*,*,#6132,.T.);
#6132 = EDGE_CURVE('',#6105,#6133,#6135,.T.);
#6133 = VERTEX_POINT('',#6134);
#6134 = CARTESIAN_POINT('',(19.087524414062,-60.13405273437,1.6));
#6135 = SURFACE_CURVE('',#6136,(#6140,#6147),.PCURVE_S1.);
#6136 = LINE('',#6137,#6138);
#6137 = CARTESIAN_POINT('',(17.696411132812,-58.08766601562,1.6));
#6138 = VECTOR('',#6139,1.);
#6139 = DIRECTION('',(0.562191272575,-0.827007238808,0.));
#6140 = PCURVE('',#1397,#6141);
#6141 = DEFINITIONAL_REPRESENTATION('',(#6142),#6146);
#6142 = LINE('',#6143,#6144);
#6143 = CARTESIAN_POINT('',(17.696411132812,-58.08766601562));
#6144 = VECTOR('',#6145,1.);
#6145 = DIRECTION('',(0.562191272575,-0.827007238808));
#6146 = ( GEOMETRIC_REPRESENTATION_CONTEXT(2) 
PARAMETRIC_REPRESENTATION_CONTEXT() REPRESENTATION_CONTEXT('2D SPACE',''
  ) );
#6147 = PCURVE('',#6148,#6153);
#6148 = PLANE('',#6149);
#6149 = AXIS2_PLACEMENT_3D('',#6150,#6151,#6152);
#6150 = CARTESIAN_POINT('',(17.696411132812,-58.08766601562,1.2));
#6151 = DIRECTION('',(0.827007238808,0.562191272575,0.));
#6152 = DIRECTION('',(0.562191272575,-0.827007238808,0.));
#6153 = DEFINITIONAL_REPRESENTATION('',(#6154),#6158);
#6154 = LINE('',#6155,#6156);
#6155 = CARTESIAN_POINT('',(0.,-0.4));
#6156 = VECTOR('',#6157,1.);
#6157 = DIRECTION('',(1.,0.));
#6158 = ( GEOMETRIC_REPRESENTATION_CONTEXT(2) 
PARAMETRIC_REPRESENTATION_CONTEXT() REPRESENTATION_CONTEXT('2D SPACE',''
  ) );
#6159 = ORIENTED_EDGE('',*,*,#6160,.T.);
#6160 = EDGE_CURVE('',#6133,#6161,#6163,.T.);
#6161 = VERTEX_POINT('',#6162);
#6162 = CARTESIAN_POINT('',(18.010620117188,-60.13405273437,1.6));
#6163 = SURFACE_CURVE('',#6164,(#6168,#6175),.PCURVE_S1.);
#6164 = LINE('',#6165,#6166);
#6165 = CARTESIAN_POINT('',(19.087524414062,-60.13405273437,1.6));
#6166 = VECTOR('',#6167,1.);
#6167 = DIRECTION('',(-1.,0.,0.));
#6168 = PCURVE('',#1397,#6169);
#6169 = DEFINITIONAL_REPRESENTATION('',(#6170),#6174);
#6170 = LINE('',#6171,#6172);
#6171 = CARTESIAN_POINT('',(19.087524414062,-60.13405273437));
#6172 = VECTOR('',#6173,1.);
#6173 = DIRECTION('',(-1.,0.));
#6174 = ( GEOMETRIC_REPRESENTATION_CONTEXT(2) 
PARAMETRIC_REPRESENTATION_CONTEXT() REPRESENTATION_CONTEXT('2D SPACE',''
  ) );
#6175 = PCURVE('',#6176,#6181);
#6176 = PLANE('',#6177);
#6177 = AXIS2_PLACEMENT_3D('',#6178,#6179,#6180);
#6178 = CARTESIAN_POINT('',(19.087524414062,-60.13405273437,1.2));
#6179 = DIRECTION('',(0.,-1.,0.));
#6180 = DIRECTION('',(-1.,0.,0.));
#6181 = DEFINITIONAL_REPRESENTATION('',(#6182),#6186);
#6182 = LINE('',#6183,#6184);
#6183 = CARTESIAN_POINT('',(0.,-0.4));
#6184 = VECTOR('',#6185,1.);
#6185 = DIRECTION('',(1.,0.));
#6186 = ( GEOMETRIC_REPRESENTATION_CONTEXT(2) 
PARAMETRIC_REPRESENTATION_CONTEXT() REPRESENTATION_CONTEXT('2D SPACE',''
  ) );
#6187 = ORIENTED_EDGE('',*,*,#6188,.T.);
#6188 = EDGE_CURVE('',#6161,#6189,#6191,.T.);
#6189 = VERTEX_POINT('',#6190);
#6190 = CARTESIAN_POINT('',(17.073364257812,-58.76442382812,1.6));
#6191 = SURFACE_CURVE('',#6192,(#6196,#6203),.PCURVE_S1.);
#6192 = LINE('',#6193,#6194);
#6193 = CARTESIAN_POINT('',(18.010620117188,-60.13405273437,1.6));
#6194 = VECTOR('',#6195,1.);
#6195 = DIRECTION('',(-0.564741924126,0.825267568207,0.));
#6196 = PCURVE('',#1397,#6197);
#6197 = DEFINITIONAL_REPRESENTATION('',(#6198),#6202);
#6198 = LINE('',#6199,#6200);
#6199 = CARTESIAN_POINT('',(18.010620117188,-60.13405273437));
#6200 = VECTOR('',#6201,1.);
#6201 = DIRECTION('',(-0.564741924126,0.825267568207));
#6202 = ( GEOMETRIC_REPRESENTATION_CONTEXT(2) 
PARAMETRIC_REPRESENTATION_CONTEXT() REPRESENTATION_CONTEXT('2D SPACE',''
  ) );
#6203 = PCURVE('',#6204,#6209);
#6204 = PLANE('',#6205);
#6205 = AXIS2_PLACEMENT_3D('',#6206,#6207,#6208);
#6206 = CARTESIAN_POINT('',(18.010620117188,-60.13405273437,1.2));
#6207 = DIRECTION('',(-0.825267568207,-0.564741924126,0.));
#6208 = DIRECTION('',(-0.564741924126,0.825267568207,0.));
#6209 = DEFINITIONAL_REPRESENTATION('',(#6210),#6214);
#6210 = LINE('',#6211,#6212);
#6211 = CARTESIAN_POINT('',(0.,-0.4));
#6212 = VECTOR('',#6213,1.);
#6213 = DIRECTION('',(1.,0.));
#6214 = ( GEOMETRIC_REPRESENTATION_CONTEXT(2) 
PARAMETRIC_REPRESENTATION_CONTEXT() REPRESENTATION_CONTEXT('2D SPACE',''
  ) );
#6215 = ORIENTED_EDGE('',*,*,#6216,.T.);
#6216 = EDGE_CURVE('',#6189,#6217,#6219,.T.);
#6217 = VERTEX_POINT('',#6218);
#6218 = CARTESIAN_POINT('',(16.144165039062,-60.13405273437,1.6));
#6219 = SURFACE_CURVE('',#6220,(#6224,#6231),.PCURVE_S1.);
#6220 = LINE('',#6221,#6222);
#6221 = CARTESIAN_POINT('',(17.073364257812,-58.76442382812,1.6));
#6222 = VECTOR('',#6223,1.);
#6223 = DIRECTION('',(-0.561422056805,-0.827529621302,0.));
#6224 = PCURVE('',#1397,#6225);
#6225 = DEFINITIONAL_REPRESENTATION('',(#6226),#6230);
#6226 = LINE('',#6227,#6228);
#6227 = CARTESIAN_POINT('',(17.073364257812,-58.76442382812));
#6228 = VECTOR('',#6229,1.);
#6229 = DIRECTION('',(-0.561422056805,-0.827529621302));
#6230 = ( GEOMETRIC_REPRESENTATION_CONTEXT(2) 
PARAMETRIC_REPRESENTATION_CONTEXT() REPRESENTATION_CONTEXT('2D SPACE',''
  ) );
#6231 = PCURVE('',#6232,#6237);
#6232 = PLANE('',#6233);
#6233 = AXIS2_PLACEMENT_3D('',#6234,#6235,#6236);
#6234 = CARTESIAN_POINT('',(17.073364257812,-58.76442382812,1.2));
#6235 = DIRECTION('',(0.827529621302,-0.561422056805,0.));
#6236 = DIRECTION('',(-0.561422056805,-0.827529621302,0.));
#6237 = DEFINITIONAL_REPRESENTATION('',(#6238),#6242);
#6238 = LINE('',#6239,#6240);
#6239 = CARTESIAN_POINT('',(0.,-0.4));
#6240 = VECTOR('',#6241,1.);
#6241 = DIRECTION('',(1.,0.));
#6242 = ( GEOMETRIC_REPRESENTATION_CONTEXT(2) 
PARAMETRIC_REPRESENTATION_CONTEXT() REPRESENTATION_CONTEXT('2D SPACE',''
  ) );
#6243 = ORIENTED_EDGE('',*,*,#6244,.T.);
#6244 = EDGE_CURVE('',#6217,#6245,#6247,.T.);
#6245 = VERTEX_POINT('',#6246);
#6246 = CARTESIAN_POINT('',(15.061889648438,-60.13405273437,1.6));
#6247 = SURFACE_CURVE('',#6248,(#6252,#6259),.PCURVE_S1.);
#6248 = LINE('',#6249,#6250);
#6249 = CARTESIAN_POINT('',(16.144165039062,-60.13405273437,1.6));
#6250 = VECTOR('',#6251,1.);
#6251 = DIRECTION('',(-1.,0.,0.));
#6252 = PCURVE('',#1397,#6253);
#6253 = DEFINITIONAL_REPRESENTATION('',(#6254),#6258);
#6254 = LINE('',#6255,#6256);
#6255 = CARTESIAN_POINT('',(16.144165039062,-60.13405273437));
#6256 = VECTOR('',#6257,1.);
#6257 = DIRECTION('',(-1.,0.));
#6258 = ( GEOMETRIC_REPRESENTATION_CONTEXT(2) 
PARAMETRIC_REPRESENTATION_CONTEXT() REPRESENTATION_CONTEXT('2D SPACE',''
  ) );
#6259 = PCURVE('',#6260,#6265);
#6260 = PLANE('',#6261);
#6261 = AXIS2_PLACEMENT_3D('',#6262,#6263,#6264);
#6262 = CARTESIAN_POINT('',(16.144165039062,-60.13405273437,1.2));
#6263 = DIRECTION('',(0.,-1.,0.));
#6264 = DIRECTION('',(-1.,0.,0.));
#6265 = DEFINITIONAL_REPRESENTATION('',(#6266),#6270);
#6266 = LINE('',#6267,#6268);
#6267 = CARTESIAN_POINT('',(0.,-0.4));
#6268 = VECTOR('',#6269,1.);
#6269 = DIRECTION('',(1.,0.));
#6270 = ( GEOMETRIC_REPRESENTATION_CONTEXT(2) 
PARAMETRIC_REPRESENTATION_CONTEXT() REPRESENTATION_CONTEXT('2D SPACE',''
  ) );
#6271 = ORIENTED_EDGE('',*,*,#6272,.T.);
#6272 = EDGE_CURVE('',#6245,#6273,#6275,.T.);
#6273 = VERTEX_POINT('',#6274);
#6274 = CARTESIAN_POINT('',(16.453002929688,-58.08766601562,1.6));
#6275 = SURFACE_CURVE('',#6276,(#6280,#6287),.PCURVE_S1.);
#6276 = LINE('',#6277,#6278);
#6277 = CARTESIAN_POINT('',(15.061889648438,-60.13405273437,1.6));
#6278 = VECTOR('',#6279,1.);
#6279 = DIRECTION('',(0.562191272575,0.827007238808,0.));
#6280 = PCURVE('',#1397,#6281);
#6281 = DEFINITIONAL_REPRESENTATION('',(#6282),#6286);
#6282 = LINE('',#6283,#6284);
#6283 = CARTESIAN_POINT('',(15.061889648438,-60.13405273437));
#6284 = VECTOR('',#6285,1.);
#6285 = DIRECTION('',(0.562191272575,0.827007238808));
#6286 = ( GEOMETRIC_REPRESENTATION_CONTEXT(2) 
PARAMETRIC_REPRESENTATION_CONTEXT() REPRESENTATION_CONTEXT('2D SPACE',''
  ) );
#6287 = PCURVE('',#6288,#6293);
#6288 = PLANE('',#6289);
#6289 = AXIS2_PLACEMENT_3D('',#6290,#6291,#6292);
#6290 = CARTESIAN_POINT('',(15.061889648438,-60.13405273437,1.2));
#6291 = DIRECTION('',(-0.827007238808,0.562191272575,0.));
#6292 = DIRECTION('',(0.562191272575,0.827007238808,0.));
#6293 = DEFINITIONAL_REPRESENTATION('',(#6294),#6298);
#6294 = LINE('',#6295,#6296);
#6295 = CARTESIAN_POINT('',(0.,-0.4));
#6296 = VECTOR('',#6297,1.);
#6297 = DIRECTION('',(1.,0.));
#6298 = ( GEOMETRIC_REPRESENTATION_CONTEXT(2) 
PARAMETRIC_REPRESENTATION_CONTEXT() REPRESENTATION_CONTEXT('2D SPACE',''
  ) );
#6299 = ORIENTED_EDGE('',*,*,#6300,.T.);
#6300 = EDGE_CURVE('',#6273,#6301,#6303,.T.);
#6301 = VERTEX_POINT('',#6302);
#6302 = CARTESIAN_POINT('',(15.115600585938,-56.12453125,1.6));
#6303 = SURFACE_CURVE('',#6304,(#6308,#6315),.PCURVE_S1.);
#6304 = LINE('',#6305,#6306);
#6305 = CARTESIAN_POINT('',(16.453002929688,-58.08766601562,1.6));
#6306 = VECTOR('',#6307,1.);
#6307 = DIRECTION('',(-0.563021054675,0.826442552143,0.));
#6308 = PCURVE('',#1397,#6309);
#6309 = DEFINITIONAL_REPRESENTATION('',(#6310),#6314);
#6310 = LINE('',#6311,#6312);
#6311 = CARTESIAN_POINT('',(16.453002929688,-58.08766601562));
#6312 = VECTOR('',#6313,1.);
#6313 = DIRECTION('',(-0.563021054675,0.826442552143));
#6314 = ( GEOMETRIC_REPRESENTATION_CONTEXT(2) 
PARAMETRIC_REPRESENTATION_CONTEXT() REPRESENTATION_CONTEXT('2D SPACE',''
  ) );
#6315 = PCURVE('',#6316,#6321);
#6316 = PLANE('',#6317);
#6317 = AXIS2_PLACEMENT_3D('',#6318,#6319,#6320);
#6318 = CARTESIAN_POINT('',(16.453002929688,-58.08766601562,1.2));
#6319 = DIRECTION('',(-0.826442552143,-0.563021054675,0.));
#6320 = DIRECTION('',(-0.563021054675,0.826442552143,0.));
#6321 = DEFINITIONAL_REPRESENTATION('',(#6322),#6326);
#6322 = LINE('',#6323,#6324);
#6323 = CARTESIAN_POINT('',(0.,-0.4));
#6324 = VECTOR('',#6325,1.);
#6325 = DIRECTION('',(1.,0.));
#6326 = ( GEOMETRIC_REPRESENTATION_CONTEXT(2) 
PARAMETRIC_REPRESENTATION_CONTEXT() REPRESENTATION_CONTEXT('2D SPACE',''
  ) );
#6327 = ORIENTED_EDGE('',*,*,#6328,.T.);
#6328 = EDGE_CURVE('',#6301,#6329,#6331,.T.);
#6329 = VERTEX_POINT('',#6330);
#6330 = CARTESIAN_POINT('',(16.195190429688,-56.12453125,1.6));
#6331 = SURFACE_CURVE('',#6332,(#6336,#6343),.PCURVE_S1.);
#6332 = LINE('',#6333,#6334);
#6333 = CARTESIAN_POINT('',(15.115600585938,-56.12453125,1.6));
#6334 = VECTOR('',#6335,1.);
#6335 = DIRECTION('',(1.,0.,0.));
#6336 = PCURVE('',#1397,#6337);
#6337 = DEFINITIONAL_REPRESENTATION('',(#6338),#6342);
#6338 = LINE('',#6339,#6340);
#6339 = CARTESIAN_POINT('',(15.115600585938,-56.12453125));
#6340 = VECTOR('',#6341,1.);
#6341 = DIRECTION('',(1.,0.));
#6342 = ( GEOMETRIC_REPRESENTATION_CONTEXT(2) 
PARAMETRIC_REPRESENTATION_CONTEXT() REPRESENTATION_CONTEXT('2D SPACE',''
  ) );
#6343 = PCURVE('',#6344,#6349);
#6344 = PLANE('',#6345);
#6345 = AXIS2_PLACEMENT_3D('',#6346,#6347,#6348);
#6346 = CARTESIAN_POINT('',(15.115600585938,-56.12453125,1.2));
#6347 = DIRECTION('',(0.,1.,0.));
#6348 = DIRECTION('',(1.,0.,0.));
#6349 = DEFINITIONAL_REPRESENTATION('',(#6350),#6354);
#6350 = LINE('',#6351,#6352);
#6351 = CARTESIAN_POINT('',(0.,-0.4));
#6352 = VECTOR('',#6353,1.);
#6353 = DIRECTION('',(1.,0.));
#6354 = ( GEOMETRIC_REPRESENTATION_CONTEXT(2) 
PARAMETRIC_REPRESENTATION_CONTEXT() REPRESENTATION_CONTEXT('2D SPACE',''
  ) );
#6355 = ORIENTED_EDGE('',*,*,#6356,.T.);
#6356 = EDGE_CURVE('',#6329,#6357,#6359,.T.);
#6357 = VERTEX_POINT('',#6358);
#6358 = CARTESIAN_POINT('',(17.073364257812,-57.41627929687,1.6));
#6359 = SURFACE_CURVE('',#6360,(#6364,#6371),.PCURVE_S1.);
#6360 = LINE('',#6361,#6362);
#6361 = CARTESIAN_POINT('',(16.195190429688,-56.12453125,1.6));
#6362 = VECTOR('',#6363,1.);
#6363 = DIRECTION('',(0.562215963346,-0.826990453729,0.));
#6364 = PCURVE('',#1397,#6365);
#6365 = DEFINITIONAL_REPRESENTATION('',(#6366),#6370);
#6366 = LINE('',#6367,#6368);
#6367 = CARTESIAN_POINT('',(16.195190429688,-56.12453125));
#6368 = VECTOR('',#6369,1.);
#6369 = DIRECTION('',(0.562215963346,-0.826990453729));
#6370 = ( GEOMETRIC_REPRESENTATION_CONTEXT(2) 
PARAMETRIC_REPRESENTATION_CONTEXT() REPRESENTATION_CONTEXT('2D SPACE',''
  ) );
#6371 = PCURVE('',#6372,#6377);
#6372 = PLANE('',#6373);
#6373 = AXIS2_PLACEMENT_3D('',#6374,#6375,#6376);
#6374 = CARTESIAN_POINT('',(16.195190429688,-56.12453125,1.2));
#6375 = DIRECTION('',(0.826990453729,0.562215963346,0.));
#6376 = DIRECTION('',(0.562215963346,-0.826990453729,0.));
#6377 = DEFINITIONAL_REPRESENTATION('',(#6378),#6382);
#6378 = LINE('',#6379,#6380);
#6379 = CARTESIAN_POINT('',(0.,-0.4));
#6380 = VECTOR('',#6381,1.);
#6381 = DIRECTION('',(1.,0.));
#6382 = ( GEOMETRIC_REPRESENTATION_CONTEXT(2) 
PARAMETRIC_REPRESENTATION_CONTEXT() REPRESENTATION_CONTEXT('2D SPACE',''
  ) );
#6383 = ORIENTED_EDGE('',*,*,#6384,.T.);
#6384 = EDGE_CURVE('',#6357,#6075,#6385,.T.);
#6385 = SURFACE_CURVE('',#6386,(#6390,#6397),.PCURVE_S1.);
#6386 = LINE('',#6387,#6388);
#6387 = CARTESIAN_POINT('',(17.073364257812,-57.41627929687,1.6));
#6388 = VECTOR('',#6389,1.);
#6389 = DIRECTION('',(0.561038395255,0.827789779503,0.));
#6390 = PCURVE('',#1397,#6391);
#6391 = DEFINITIONAL_REPRESENTATION('',(#6392),#6396);
#6392 = LINE('',#6393,#6394);
#6393 = CARTESIAN_POINT('',(17.073364257812,-57.41627929687));
#6394 = VECTOR('',#6395,1.);
#6395 = DIRECTION('',(0.561038395255,0.827789779503));
#6396 = ( GEOMETRIC_REPRESENTATION_CONTEXT(2) 
PARAMETRIC_REPRESENTATION_CONTEXT() REPRESENTATION_CONTEXT('2D SPACE',''
  ) );
#6397 = PCURVE('',#6398,#6403);
#6398 = PLANE('',#6399);
#6399 = AXIS2_PLACEMENT_3D('',#6400,#6401,#6402);
#6400 = CARTESIAN_POINT('',(17.073364257812,-57.41627929687,1.2));
#6401 = DIRECTION('',(-0.827789779503,0.561038395255,0.));
#6402 = DIRECTION('',(0.561038395255,0.827789779503,0.));
#6403 = DEFINITIONAL_REPRESENTATION('',(#6404),#6408);
#6404 = LINE('',#6405,#6406);
#6405 = CARTESIAN_POINT('',(0.,-0.4));
#6406 = VECTOR('',#6407,1.);
#6407 = DIRECTION('',(1.,0.));
#6408 = ( GEOMETRIC_REPRESENTATION_CONTEXT(2) 
PARAMETRIC_REPRESENTATION_CONTEXT() REPRESENTATION_CONTEXT('2D SPACE',''
  ) );
#6409 = FACE_BOUND('',#6410,.T.);
#6410 = EDGE_LOOP('',(#6411,#6412,#6413,#6414,#6415,#6416,#6417,#6418));
#6411 = ORIENTED_EDGE('',*,*,#1382,.F.);
#6412 = ORIENTED_EDGE('',*,*,#1437,.T.);
#6413 = ORIENTED_EDGE('',*,*,#1531,.F.);
#6414 = ORIENTED_EDGE('',*,*,#1631,.T.);
#6415 = ORIENTED_EDGE('',*,*,#1703,.F.);
#6416 = ORIENTED_EDGE('',*,*,#1678,.T.);
#6417 = ORIENTED_EDGE('',*,*,#1581,.F.);
#6418 = ORIENTED_EDGE('',*,*,#1484,.T.);
#6419 = ADVANCED_FACE('',(#6420),#1767,.T.);
#6420 = FACE_BOUND('',#6421,.T.);
#6421 = EDGE_LOOP('',(#6422,#6445,#6446,#6447,#6448,#6471,#6495,#6516));
#6422 = ORIENTED_EDGE('',*,*,#6423,.T.);
#6423 = EDGE_CURVE('',#6424,#2010,#6426,.T.);
#6424 = VERTEX_POINT('',#6425);
#6425 = CARTESIAN_POINT('',(-26.4,-79.82947320527,2.5));
#6426 = SURFACE_CURVE('',#6427,(#6431,#6438),.PCURVE_S1.);
#6427 = LINE('',#6428,#6429);
#6428 = CARTESIAN_POINT('',(-26.4,-76.93,2.5));
#6429 = VECTOR('',#6430,1.);
#6430 = DIRECTION('',(0.,-1.,0.));
#6431 = PCURVE('',#1767,#6432);
#6432 = DEFINITIONAL_REPRESENTATION('',(#6433),#6437);
#6433 = LINE('',#6434,#6435);
#6434 = CARTESIAN_POINT('',(-26.4,4.));
#6435 = VECTOR('',#6436,1.);
#6436 = DIRECTION('',(0.,-1.));
#6437 = ( GEOMETRIC_REPRESENTATION_CONTEXT(2) 
PARAMETRIC_REPRESENTATION_CONTEXT() REPRESENTATION_CONTEXT('2D SPACE',''
  ) );
#6438 = PCURVE('',#2053,#6439);
#6439 = DEFINITIONAL_REPRESENTATION('',(#6440),#6444);
#6440 = LINE('',#6441,#6442);
#6441 = CARTESIAN_POINT('',(1.570796326795,0.));
#6442 = VECTOR('',#6443,1.);
#6443 = DIRECTION('',(0.,1.));
#6444 = ( GEOMETRIC_REPRESENTATION_CONTEXT(2) 
PARAMETRIC_REPRESENTATION_CONTEXT() REPRESENTATION_CONTEXT('2D SPACE',''
  ) );
#6445 = ORIENTED_EDGE('',*,*,#2079,.T.);
#6446 = ORIENTED_EDGE('',*,*,#1752,.T.);
#6447 = ORIENTED_EDGE('',*,*,#2353,.T.);
#6448 = ORIENTED_EDGE('',*,*,#6449,.T.);
#6449 = EDGE_CURVE('',#2293,#6450,#6452,.T.);
#6450 = VERTEX_POINT('',#6451);
#6451 = CARTESIAN_POINT('',(26.4,-79.82947320527,2.5));
#6452 = SURFACE_CURVE('',#6453,(#6457,#6464),.PCURVE_S1.);
#6453 = LINE('',#6454,#6455);
#6454 = CARTESIAN_POINT('',(26.4,-84.93,2.5));
#6455 = VECTOR('',#6456,1.);
#6456 = DIRECTION('',(0.,1.,0.));
#6457 = PCURVE('',#1767,#6458);
#6458 = DEFINITIONAL_REPRESENTATION('',(#6459),#6463);
#6459 = LINE('',#6460,#6461);
#6460 = CARTESIAN_POINT('',(26.4,-4.));
#6461 = VECTOR('',#6462,1.);
#6462 = DIRECTION('',(0.,1.));
#6463 = ( GEOMETRIC_REPRESENTATION_CONTEXT(2) 
PARAMETRIC_REPRESENTATION_CONTEXT() REPRESENTATION_CONTEXT('2D SPACE',''
  ) );
#6464 = PCURVE('',#2330,#6465);
#6465 = DEFINITIONAL_REPRESENTATION('',(#6466),#6470);
#6466 = LINE('',#6467,#6468);
#6467 = CARTESIAN_POINT('',(1.570796326795,0.));
#6468 = VECTOR('',#6469,1.);
#6469 = DIRECTION('',(0.,1.));
#6470 = ( GEOMETRIC_REPRESENTATION_CONTEXT(2) 
PARAMETRIC_REPRESENTATION_CONTEXT() REPRESENTATION_CONTEXT('2D SPACE',''
  ) );
#6471 = ORIENTED_EDGE('',*,*,#6472,.F.);
#6472 = EDGE_CURVE('',#6473,#6450,#6475,.T.);
#6473 = VERTEX_POINT('',#6474);
#6474 = CARTESIAN_POINT('',(22.865,-80.23,2.5));
#6475 = SURFACE_CURVE('',#6476,(#6481,#6488),.PCURVE_S1.);
#6476 = CIRCLE('',#6477,15.8);
#6477 = AXIS2_PLACEMENT_3D('',#6478,#6479,#6480);
#6478 = CARTESIAN_POINT('',(22.865,-64.43,2.5));
#6479 = DIRECTION('',(0.,0.,1.));
#6480 = DIRECTION('',(0.,-1.,0.));
#6481 = PCURVE('',#1767,#6482);
#6482 = DEFINITIONAL_REPRESENTATION('',(#6483),#6487);
#6483 = CIRCLE('',#6484,15.8);
#6484 = AXIS2_PLACEMENT_2D('',#6485,#6486);
#6485 = CARTESIAN_POINT('',(22.865,16.5));
#6486 = DIRECTION('',(0.,-1.));
#6487 = ( GEOMETRIC_REPRESENTATION_CONTEXT(2) 
PARAMETRIC_REPRESENTATION_CONTEXT() REPRESENTATION_CONTEXT('2D SPACE',''
  ) );
#6488 = PCURVE('',#3365,#6489);
#6489 = DEFINITIONAL_REPRESENTATION('',(#6490),#6494);
#6490 = LINE('',#6491,#6492);
#6491 = CARTESIAN_POINT('',(0.,0.9));
#6492 = VECTOR('',#6493,1.);
#6493 = DIRECTION('',(1.,0.));
#6494 = ( GEOMETRIC_REPRESENTATION_CONTEXT(2) 
PARAMETRIC_REPRESENTATION_CONTEXT() REPRESENTATION_CONTEXT('2D SPACE',''
  ) );
#6495 = ORIENTED_EDGE('',*,*,#6496,.F.);
#6496 = EDGE_CURVE('',#6497,#6473,#6499,.T.);
#6497 = VERTEX_POINT('',#6498);
#6498 = CARTESIAN_POINT('',(-22.865,-80.23,2.5));
#6499 = SURFACE_CURVE('',#6500,(#6504,#6510),.PCURVE_S1.);
#6500 = LINE('',#6501,#6502);
#6501 = CARTESIAN_POINT('',(-19.3325,-80.23,2.5));
#6502 = VECTOR('',#6503,1.);
#6503 = DIRECTION('',(1.,0.,0.));
#6504 = PCURVE('',#1767,#6505);
#6505 = DEFINITIONAL_REPRESENTATION('',(#6506),#6509);
#6506 = B_SPLINE_CURVE_WITH_KNOTS('',1,(#6507,#6508),.UNSPECIFIED.,.F.,
  .F.,(2,2),(-3.5325,42.1975),.PIECEWISE_BEZIER_KNOTS.);
#6507 = CARTESIAN_POINT('',(-22.865,0.7));
#6508 = CARTESIAN_POINT('',(22.865,0.7));
#6509 = ( GEOMETRIC_REPRESENTATION_CONTEXT(2) 
PARAMETRIC_REPRESENTATION_CONTEXT() REPRESENTATION_CONTEXT('2D SPACE',''
  ) );
#6510 = PCURVE('',#3336,#6511);
#6511 = DEFINITIONAL_REPRESENTATION('',(#6512),#6515);
#6512 = B_SPLINE_CURVE_WITH_KNOTS('',1,(#6513,#6514),.UNSPECIFIED.,.F.,
  .F.,(2,2),(-3.5325,42.1975),.PIECEWISE_BEZIER_KNOTS.);
#6513 = CARTESIAN_POINT('',(15.8,-0.9));
#6514 = CARTESIAN_POINT('',(61.53,-0.9));
#6515 = ( GEOMETRIC_REPRESENTATION_CONTEXT(2) 
PARAMETRIC_REPRESENTATION_CONTEXT() REPRESENTATION_CONTEXT('2D SPACE',''
  ) );
#6516 = ORIENTED_EDGE('',*,*,#6517,.F.);
#6517 = EDGE_CURVE('',#6424,#6497,#6518,.T.);
#6518 = SURFACE_CURVE('',#6519,(#6524,#6531),.PCURVE_S1.);
#6519 = CIRCLE('',#6520,15.8);
#6520 = AXIS2_PLACEMENT_3D('',#6521,#6522,#6523);
#6521 = CARTESIAN_POINT('',(-22.865,-64.43,2.5));
#6522 = DIRECTION('',(0.,0.,1.));
#6523 = DIRECTION('',(0.,-1.,0.));
#6524 = PCURVE('',#1767,#6525);
#6525 = DEFINITIONAL_REPRESENTATION('',(#6526),#6530);
#6526 = CIRCLE('',#6527,15.8);
#6527 = AXIS2_PLACEMENT_2D('',#6528,#6529);
#6528 = CARTESIAN_POINT('',(-22.865,16.5));
#6529 = DIRECTION('',(0.,-1.));
#6530 = ( GEOMETRIC_REPRESENTATION_CONTEXT(2) 
PARAMETRIC_REPRESENTATION_CONTEXT() REPRESENTATION_CONTEXT('2D SPACE',''
  ) );
#6531 = PCURVE('',#3538,#6532);
#6532 = DEFINITIONAL_REPRESENTATION('',(#6533),#6537);
#6533 = LINE('',#6534,#6535);
#6534 = CARTESIAN_POINT('',(-6.28318530718,0.9));
#6535 = VECTOR('',#6536,1.);
#6536 = DIRECTION('',(1.,-0.));
#6537 = ( GEOMETRIC_REPRESENTATION_CONTEXT(2) 
PARAMETRIC_REPRESENTATION_CONTEXT() REPRESENTATION_CONTEXT('2D SPACE',''
  ) );
#6538 = ADVANCED_FACE('',(#6539),#2053,.F.);
#6539 = FACE_BOUND('',#6540,.F.);
#6540 = EDGE_LOOP('',(#6541,#6564,#6627,#6628));
#6541 = ORIENTED_EDGE('',*,*,#6542,.F.);
#6542 = EDGE_CURVE('',#6543,#1984,#6545,.T.);
#6543 = VERTEX_POINT('',#6544);
#6544 = CARTESIAN_POINT('',(-29.,-78.99028073218,5.1));
#6545 = SURFACE_CURVE('',#6546,(#6550,#6557),.PCURVE_S1.);
#6546 = LINE('',#6547,#6548);
#6547 = CARTESIAN_POINT('',(-29.,-76.93,5.1));
#6548 = VECTOR('',#6549,1.);
#6549 = DIRECTION('',(0.,-1.,0.));
#6550 = PCURVE('',#2053,#6551);
#6551 = DEFINITIONAL_REPRESENTATION('',(#6552),#6556);
#6552 = LINE('',#6553,#6554);
#6553 = CARTESIAN_POINT('',(0.,0.));
#6554 = VECTOR('',#6555,1.);
#6555 = DIRECTION('',(0.,1.));
#6556 = ( GEOMETRIC_REPRESENTATION_CONTEXT(2) 
PARAMETRIC_REPRESENTATION_CONTEXT() REPRESENTATION_CONTEXT('2D SPACE',''
  ) );
#6557 = PCURVE('',#1998,#6558);
#6558 = DEFINITIONAL_REPRESENTATION('',(#6559),#6563);
#6559 = LINE('',#6560,#6561);
#6560 = CARTESIAN_POINT('',(0.,-2.6));
#6561 = VECTOR('',#6562,1.);
#6562 = DIRECTION('',(1.,0.));
#6563 = ( GEOMETRIC_REPRESENTATION_CONTEXT(2) 
PARAMETRIC_REPRESENTATION_CONTEXT() REPRESENTATION_CONTEXT('2D SPACE',''
  ) );
#6564 = ORIENTED_EDGE('',*,*,#6565,.T.);
#6565 = EDGE_CURVE('',#6543,#6424,#6566,.T.);
#6566 = SURFACE_CURVE('',#6567,(#6585,#6606),.PCURVE_S1.);
#6567 = B_SPLINE_CURVE_WITH_KNOTS('',6,(#6568,#6569,#6570,#6571,#6572,
    #6573,#6574,#6575,#6576,#6577,#6578,#6579,#6580,#6581,#6582,#6583,
    #6584),.UNSPECIFIED.,.F.,.F.,(7,5,5,7),(0.,0.42649628449,
    0.716501490135,1.),.UNSPECIFIED.);
#6568 = CARTESIAN_POINT('',(-29.,-78.99028073218,5.1));
#6569 = CARTESIAN_POINT('',(-29.,-78.99028073218,4.839405683497));
#6570 = CARTESIAN_POINT('',(-28.96865660089,-79.0034875195,
    4.578956929734));
#6571 = CARTESIAN_POINT('',(-28.9060390295,-79.02987061691,
    4.321795831275));
#6572 = CARTESIAN_POINT('',(-28.81188953995,-79.06894729569,
    4.071114711456));
#6573 = CARTESIAN_POINT('',(-28.68575874491,-79.11971126083,
    3.830607892443));
#6574 = CARTESIAN_POINT('',(-28.41936658028,-79.22196912775,
    3.451570182028));
#6575 = CARTESIAN_POINT('',(-28.29645184737,-79.26806636251,
    3.304904024626));
#6576 = CARTESIAN_POINT('',(-28.15829814644,-79.31837182043,
    3.166558596305));
#6577 = CARTESIAN_POINT('',(-28.00482285477,-79.37223857371,
    3.038367724329));
#6578 = CARTESIAN_POINT('',(-27.83610823868,-79.4288392545,
    2.922509375932));
#6579 = CARTESIAN_POINT('',(-27.47312905292,-79.54425144679,
    2.72295987991));
#6580 = CARTESIAN_POINT('',(-27.27848896837,-79.60331332601,
    2.638037399194));
#6581 = CARTESIAN_POINT('',(-27.07073235905,-79.6628722802,
    2.570702062364));
#6582 = CARTESIAN_POINT('',(-26.85272896003,-79.72128702601,
    2.523973872271));
#6583 = CARTESIAN_POINT('',(-26.62791158941,-79.77715534622,2.5));
#6584 = CARTESIAN_POINT('',(-26.4,-79.82947320527,2.5));
#6585 = PCURVE('',#2053,#6586);
#6586 = DEFINITIONAL_REPRESENTATION('',(#6587),#6605);
#6587 = B_SPLINE_CURVE_WITH_KNOTS('',6,(#6588,#6589,#6590,#6591,#6592,
    #6593,#6594,#6595,#6596,#6597,#6598,#6599,#6600,#6601,#6602,#6603,
    #6604),.UNSPECIFIED.,.F.,.F.,(7,5,5,7),(0.,0.42649628449,
    0.716501490135,1.),.UNSPECIFIED.);
#6588 = CARTESIAN_POINT('',(0.,2.060280732184));
#6589 = CARTESIAN_POINT('',(0.10022858327,2.060280732184));
#6590 = CARTESIAN_POINT('',(0.200401793178,2.073487519507));
#6591 = CARTESIAN_POINT('',(0.301119500709,2.099870616917));
#6592 = CARTESIAN_POINT('',(0.402968962255,2.138947295699));
#6593 = CARTESIAN_POINT('',(0.506544994708,2.189711260833));
#6594 = CARTESIAN_POINT('',(0.684732106028,2.291969127752));
#6595 = CARTESIAN_POINT('',(0.758067382547,2.338066362514));
#6596 = CARTESIAN_POINT('',(0.832829298314,2.388371820438));
#6597 = CARTESIAN_POINT('',(0.90924983941,2.442238573717));
#6598 = CARTESIAN_POINT('',(0.987581065928,2.498839254507));
#6599 = CARTESIAN_POINT('',(1.146894445956,2.614251446796));
#6600 = CARTESIAN_POINT('',(1.228231394707,2.673313326019));
#6601 = CARTESIAN_POINT('',(1.311609720845,2.732872280206));
#6602 = CARTESIAN_POINT('',(1.396669855183,2.791287026016));
#6603 = CARTESIAN_POINT('',(1.483138023175,2.847155346228));
#6604 = CARTESIAN_POINT('',(1.570796326795,2.899473205276));
#6605 = ( GEOMETRIC_REPRESENTATION_CONTEXT(2) 
PARAMETRIC_REPRESENTATION_CONTEXT() REPRESENTATION_CONTEXT('2D SPACE',''
  ) );
#6606 = PCURVE('',#3538,#6607);
#6607 = DEFINITIONAL_REPRESENTATION('',(#6608),#6626);
#6608 = B_SPLINE_CURVE_WITH_KNOTS('',6,(#6609,#6610,#6611,#6612,#6613,
    #6614,#6615,#6616,#6617,#6618,#6619,#6620,#6621,#6622,#6623,#6624,
    #6625),.UNSPECIFIED.,.F.,.F.,(7,5,5,7),(0.,0.42649628449,
    0.716501490135,1.),.UNSPECIFIED.);
#6609 = CARTESIAN_POINT('',(-0.398776506779,3.5));
#6610 = CARTESIAN_POINT('',(-0.398776506779,3.239405683497));
#6611 = CARTESIAN_POINT('',(-0.39662383795,2.978956929734));
#6612 = CARTESIAN_POINT('',(-0.392323284909,2.721795831275));
#6613 = CARTESIAN_POINT('',(-0.38587168341,2.471114711456));
#6614 = CARTESIAN_POINT('',(-0.377267543403,2.230607892443));
#6615 = CARTESIAN_POINT('',(-0.359207767912,1.851570182028));
#6616 = CARTESIAN_POINT('',(-0.35089950611,1.704904024626));
#6617 = CARTESIAN_POINT('',(-0.341594652388,1.566558596305));
#6618 = CARTESIAN_POINT('',(-0.33130137125,1.438367724329));
#6619 = CARTESIAN_POINT('',(-0.320039760958,1.322509375932));
#6620 = CARTESIAN_POINT('',(-0.295933075491,1.12295987991));
#6621 = CARTESIAN_POINT('',(-0.283060547387,1.038037399194));
#6622 = CARTESIAN_POINT('',(-0.269384329608,0.970702062364));
#6623 = CARTESIAN_POINT('',(-0.25510342422,0.923973872271));
#6624 = CARTESIAN_POINT('',(-0.240444056558,0.9));
#6625 = CARTESIAN_POINT('',(-0.225644096432,0.9));
#6626 = ( GEOMETRIC_REPRESENTATION_CONTEXT(2) 
PARAMETRIC_REPRESENTATION_CONTEXT() REPRESENTATION_CONTEXT('2D SPACE',''
  ) );
#6627 = ORIENTED_EDGE('',*,*,#6423,.T.);
#6628 = ORIENTED_EDGE('',*,*,#2009,.F.);
#6629 = ADVANCED_FACE('',(#6630),#1998,.T.);
#6630 = FACE_BOUND('',#6631,.T.);
#6631 = EDGE_LOOP('',(#6632,#6633,#6654,#6675));
#6632 = ORIENTED_EDGE('',*,*,#6542,.F.);
#6633 = ORIENTED_EDGE('',*,*,#6634,.T.);
#6634 = EDGE_CURVE('',#6543,#6635,#6637,.T.);
#6635 = VERTEX_POINT('',#6636);
#6636 = CARTESIAN_POINT('',(-29.,-78.99028073218,7.4));
#6637 = SURFACE_CURVE('',#6638,(#6642,#6648),.PCURVE_S1.);
#6638 = LINE('',#6639,#6640);
#6639 = CARTESIAN_POINT('',(-29.,-78.99028073218,1.6));
#6640 = VECTOR('',#6641,1.);
#6641 = DIRECTION('',(0.,0.,1.));
#6642 = PCURVE('',#1998,#6643);
#6643 = DEFINITIONAL_REPRESENTATION('',(#6644),#6647);
#6644 = B_SPLINE_CURVE_WITH_KNOTS('',1,(#6645,#6646),.UNSPECIFIED.,.F.,
  .F.,(2,2),(3.27,6.03),.PIECEWISE_BEZIER_KNOTS.);
#6645 = CARTESIAN_POINT('',(2.060280732184,-2.37));
#6646 = CARTESIAN_POINT('',(2.060280732184,-5.13));
#6647 = ( GEOMETRIC_REPRESENTATION_CONTEXT(2) 
PARAMETRIC_REPRESENTATION_CONTEXT() REPRESENTATION_CONTEXT('2D SPACE',''
  ) );
#6648 = PCURVE('',#3538,#6649);
#6649 = DEFINITIONAL_REPRESENTATION('',(#6650),#6653);
#6650 = B_SPLINE_CURVE_WITH_KNOTS('',1,(#6651,#6652),.UNSPECIFIED.,.F.,
  .F.,(2,2),(3.27,6.03),.PIECEWISE_BEZIER_KNOTS.);
#6651 = CARTESIAN_POINT('',(-0.398776506779,3.27));
#6652 = CARTESIAN_POINT('',(-0.398776506779,6.03));
#6653 = ( GEOMETRIC_REPRESENTATION_CONTEXT(2) 
PARAMETRIC_REPRESENTATION_CONTEXT() REPRESENTATION_CONTEXT('2D SPACE',''
  ) );
#6654 = ORIENTED_EDGE('',*,*,#6655,.T.);
#6655 = EDGE_CURVE('',#6635,#1914,#6656,.T.);
#6656 = SURFACE_CURVE('',#6657,(#6661,#6668),.PCURVE_S1.);
#6657 = LINE('',#6658,#6659);
#6658 = CARTESIAN_POINT('',(-29.,-76.93,7.4));
#6659 = VECTOR('',#6660,1.);
#6660 = DIRECTION('',(0.,-1.,0.));
#6661 = PCURVE('',#1998,#6662);
#6662 = DEFINITIONAL_REPRESENTATION('',(#6663),#6667);
#6663 = LINE('',#6664,#6665);
#6664 = CARTESIAN_POINT('',(0.,-4.9));
#6665 = VECTOR('',#6666,1.);
#6666 = DIRECTION('',(1.,0.));
#6667 = ( GEOMETRIC_REPRESENTATION_CONTEXT(2) 
PARAMETRIC_REPRESENTATION_CONTEXT() REPRESENTATION_CONTEXT('2D SPACE',''
  ) );
#6668 = PCURVE('',#1957,#6669);
#6669 = DEFINITIONAL_REPRESENTATION('',(#6670),#6674);
#6670 = LINE('',#6671,#6672);
#6671 = CARTESIAN_POINT('',(-0.,0.));
#6672 = VECTOR('',#6673,1.);
#6673 = DIRECTION('',(-0.,1.));
#6674 = ( GEOMETRIC_REPRESENTATION_CONTEXT(2) 
PARAMETRIC_REPRESENTATION_CONTEXT() REPRESENTATION_CONTEXT('2D SPACE',''
  ) );
#6675 = ORIENTED_EDGE('',*,*,#1983,.F.);
#6676 = ADVANCED_FACE('',(#6677),#1957,.F.);
#6677 = FACE_BOUND('',#6678,.T.);
#6678 = EDGE_LOOP('',(#6679,#6680,#6745,#6766));
#6679 = ORIENTED_EDGE('',*,*,#6655,.F.);
#6680 = ORIENTED_EDGE('',*,*,#6681,.T.);
#6681 = EDGE_CURVE('',#6635,#6682,#6684,.T.);
#6682 = VERTEX_POINT('',#6683);
#6683 = CARTESIAN_POINT('',(-26.4,-79.82947320527,10.));
#6684 = SURFACE_CURVE('',#6685,(#6703,#6724),.PCURVE_S1.);
#6685 = B_SPLINE_CURVE_WITH_KNOTS('',6,(#6686,#6687,#6688,#6689,#6690,
    #6691,#6692,#6693,#6694,#6695,#6696,#6697,#6698,#6699,#6700,#6701,
    #6702),.UNSPECIFIED.,.F.,.F.,(7,5,5,7),(0.,0.426496284489,
    0.716501490135,1.),.UNSPECIFIED.);
#6686 = CARTESIAN_POINT('',(-29.,-78.99028073218,7.4));
#6687 = CARTESIAN_POINT('',(-29.,-78.99028073218,7.660594316503));
#6688 = CARTESIAN_POINT('',(-28.96865660089,-79.0034875195,
    7.921043070266));
#6689 = CARTESIAN_POINT('',(-28.9060390295,-79.02987061691,
    8.178204168725));
#6690 = CARTESIAN_POINT('',(-28.81188953995,-79.06894729569,
    8.428885288544));
#6691 = CARTESIAN_POINT('',(-28.68575874491,-79.11971126083,
    8.669392107557));
#6692 = CARTESIAN_POINT('',(-28.41936658028,-79.22196912775,
    9.048429817972));
#6693 = CARTESIAN_POINT('',(-28.29645184737,-79.26806636251,
    9.195095975374));
#6694 = CARTESIAN_POINT('',(-28.15829814644,-79.31837182043,
    9.333441403696));
#6695 = CARTESIAN_POINT('',(-28.00482285477,-79.37223857371,
    9.461632275671));
#6696 = CARTESIAN_POINT('',(-27.83610823868,-79.4288392545,
    9.577490624068));
#6697 = CARTESIAN_POINT('',(-27.47312905292,-79.54425144679,
    9.77704012009));
#6698 = CARTESIAN_POINT('',(-27.27848896837,-79.60331332601,
    9.861962600806));
#6699 = CARTESIAN_POINT('',(-27.07073235905,-79.6628722802,
    9.929297937636));
#6700 = CARTESIAN_POINT('',(-26.85272896003,-79.72128702601,
    9.976026127729));
#6701 = CARTESIAN_POINT('',(-26.62791158941,-79.77715534622,10.));
#6702 = CARTESIAN_POINT('',(-26.4,-79.82947320527,10.));
#6703 = PCURVE('',#1957,#6704);
#6704 = DEFINITIONAL_REPRESENTATION('',(#6705),#6723);
#6705 = B_SPLINE_CURVE_WITH_KNOTS('',6,(#6706,#6707,#6708,#6709,#6710,
    #6711,#6712,#6713,#6714,#6715,#6716,#6717,#6718,#6719,#6720,#6721,
    #6722),.UNSPECIFIED.,.F.,.F.,(7,5,5,7),(0.,0.426496284489,
    0.716501490135,1.),.UNSPECIFIED.);
#6706 = CARTESIAN_POINT('',(0.,2.060280732184));
#6707 = CARTESIAN_POINT('',(-0.10022858327,2.060280732184));
#6708 = CARTESIAN_POINT('',(-0.200401793178,2.073487519507));
#6709 = CARTESIAN_POINT('',(-0.301119500709,2.099870616917));
#6710 = CARTESIAN_POINT('',(-0.402968962255,2.138947295699));
#6711 = CARTESIAN_POINT('',(-0.506544994708,2.189711260833));
#6712 = CARTESIAN_POINT('',(-0.684732106028,2.291969127752));
#6713 = CARTESIAN_POINT('',(-0.758067382547,2.338066362514));
#6714 = CARTESIAN_POINT('',(-0.832829298314,2.388371820438));
#6715 = CARTESIAN_POINT('',(-0.90924983941,2.442238573716));
#6716 = CARTESIAN_POINT('',(-0.987581065928,2.498839254507));
#6717 = CARTESIAN_POINT('',(-1.146894445956,2.614251446796));
#6718 = CARTESIAN_POINT('',(-1.228231394707,2.673313326019));
#6719 = CARTESIAN_POINT('',(-1.311609720845,2.732872280206));
#6720 = CARTESIAN_POINT('',(-1.396669855183,2.791287026016));
#6721 = CARTESIAN_POINT('',(-1.483138023175,2.847155346228));
#6722 = CARTESIAN_POINT('',(-1.570796326795,2.899473205276));
#6723 = ( GEOMETRIC_REPRESENTATION_CONTEXT(2) 
PARAMETRIC_REPRESENTATION_CONTEXT() REPRESENTATION_CONTEXT('2D SPACE',''
  ) );
#6724 = PCURVE('',#3538,#6725);
#6725 = DEFINITIONAL_REPRESENTATION('',(#6726),#6744);
#6726 = B_SPLINE_CURVE_WITH_KNOTS('',6,(#6727,#6728,#6729,#6730,#6731,
    #6732,#6733,#6734,#6735,#6736,#6737,#6738,#6739,#6740,#6741,#6742,
    #6743),.UNSPECIFIED.,.F.,.F.,(7,5,5,7),(0.,0.426496284489,
    0.716501490135,1.),.UNSPECIFIED.);
#6727 = CARTESIAN_POINT('',(-0.398776506779,5.8));
#6728 = CARTESIAN_POINT('',(-0.398776506779,6.060594316503));
#6729 = CARTESIAN_POINT('',(-0.39662383795,6.321043070266));
#6730 = CARTESIAN_POINT('',(-0.392323284909,6.578204168725));
#6731 = CARTESIAN_POINT('',(-0.38587168341,6.828885288544));
#6732 = CARTESIAN_POINT('',(-0.377267543403,7.069392107557));
#6733 = CARTESIAN_POINT('',(-0.359207767912,7.448429817972));
#6734 = CARTESIAN_POINT('',(-0.35089950611,7.595095975374));
#6735 = CARTESIAN_POINT('',(-0.341594652388,7.733441403696));
#6736 = CARTESIAN_POINT('',(-0.33130137125,7.861632275671));
#6737 = CARTESIAN_POINT('',(-0.320039760958,7.977490624068));
#6738 = CARTESIAN_POINT('',(-0.295933075491,8.17704012009));
#6739 = CARTESIAN_POINT('',(-0.283060547387,8.261962600806));
#6740 = CARTESIAN_POINT('',(-0.269384329608,8.329297937636));
#6741 = CARTESIAN_POINT('',(-0.25510342422,8.376026127729));
#6742 = CARTESIAN_POINT('',(-0.240444056558,8.4));
#6743 = CARTESIAN_POINT('',(-0.225644096432,8.4));
#6744 = ( GEOMETRIC_REPRESENTATION_CONTEXT(2) 
PARAMETRIC_REPRESENTATION_CONTEXT() REPRESENTATION_CONTEXT('2D SPACE',''
  ) );
#6745 = ORIENTED_EDGE('',*,*,#6746,.T.);
#6746 = EDGE_CURVE('',#6682,#1885,#6747,.T.);
#6747 = SURFACE_CURVE('',#6748,(#6752,#6759),.PCURVE_S1.);
#6748 = LINE('',#6749,#6750);
#6749 = CARTESIAN_POINT('',(-26.4,-76.93,10.));
#6750 = VECTOR('',#6751,1.);
#6751 = DIRECTION('',(0.,-1.,0.));
#6752 = PCURVE('',#1957,#6753);
#6753 = DEFINITIONAL_REPRESENTATION('',(#6754),#6758);
#6754 = LINE('',#6755,#6756);
#6755 = CARTESIAN_POINT('',(-1.570796326795,0.));
#6756 = VECTOR('',#6757,1.);
#6757 = DIRECTION('',(-0.,1.));
#6758 = ( GEOMETRIC_REPRESENTATION_CONTEXT(2) 
PARAMETRIC_REPRESENTATION_CONTEXT() REPRESENTATION_CONTEXT('2D SPACE',''
  ) );
#6759 = PCURVE('',#1901,#6760);
#6760 = DEFINITIONAL_REPRESENTATION('',(#6761),#6765);
#6761 = LINE('',#6762,#6763);
#6762 = CARTESIAN_POINT('',(-26.4,4.));
#6763 = VECTOR('',#6764,1.);
#6764 = DIRECTION('',(0.,-1.));
#6765 = ( GEOMETRIC_REPRESENTATION_CONTEXT(2) 
PARAMETRIC_REPRESENTATION_CONTEXT() REPRESENTATION_CONTEXT('2D SPACE',''
  ) );
#6766 = ORIENTED_EDGE('',*,*,#1913,.F.);
#6767 = ADVANCED_FACE('',(#6768),#1901,.F.);
#6768 = FACE_BOUND('',#6769,.F.);
#6769 = EDGE_LOOP('',(#6770,#6771,#6772,#6791,#6792,#6815,#6839,#6865));
#6770 = ORIENTED_EDGE('',*,*,#6746,.T.);
#6771 = ORIENTED_EDGE('',*,*,#1884,.T.);
#6772 = ORIENTED_EDGE('',*,*,#6773,.T.);
#6773 = EDGE_CURVE('',#1857,#2159,#6774,.T.);
#6774 = SURFACE_CURVE('',#6775,(#6779,#6785),.PCURVE_S1.);
#6775 = LINE('',#6776,#6777);
#6776 = CARTESIAN_POINT('',(-20.1825,-81.93,10.));
#6777 = VECTOR('',#6778,1.);
#6778 = DIRECTION('',(1.,0.,0.));
#6779 = PCURVE('',#1901,#6780);
#6780 = DEFINITIONAL_REPRESENTATION('',(#6781),#6784);
#6781 = B_SPLINE_CURVE_WITH_KNOTS('',1,(#6782,#6783),.UNSPECIFIED.,.F.,
  .F.,(2,2),(-2.6825,43.0475),.PIECEWISE_BEZIER_KNOTS.);
#6782 = CARTESIAN_POINT('',(-22.865,-1.));
#6783 = CARTESIAN_POINT('',(22.865,-1.));
#6784 = ( GEOMETRIC_REPRESENTATION_CONTEXT(2) 
PARAMETRIC_REPRESENTATION_CONTEXT() REPRESENTATION_CONTEXT('2D SPACE',''
  ) );
#6785 = PCURVE('',#1872,#6786);
#6786 = DEFINITIONAL_REPRESENTATION('',(#6787),#6790);
#6787 = B_SPLINE_CURVE_WITH_KNOTS('',1,(#6788,#6789),.UNSPECIFIED.,.F.,
  .F.,(2,2),(-2.6825,43.0475),.PIECEWISE_BEZIER_KNOTS.);
#6788 = CARTESIAN_POINT('',(17.5,-10.));
#6789 = CARTESIAN_POINT('',(63.23,-10.));
#6790 = ( GEOMETRIC_REPRESENTATION_CONTEXT(2) 
PARAMETRIC_REPRESENTATION_CONTEXT() REPRESENTATION_CONTEXT('2D SPACE',''
  ) );
#6791 = ORIENTED_EDGE('',*,*,#2181,.T.);
#6792 = ORIENTED_EDGE('',*,*,#6793,.T.);
#6793 = EDGE_CURVE('',#2182,#6794,#6796,.T.);
#6794 = VERTEX_POINT('',#6795);
#6795 = CARTESIAN_POINT('',(26.4,-79.82947320527,10.));
#6796 = SURFACE_CURVE('',#6797,(#6801,#6808),.PCURVE_S1.);
#6797 = LINE('',#6798,#6799);
#6798 = CARTESIAN_POINT('',(26.4,-84.93,10.));
#6799 = VECTOR('',#6800,1.);
#6800 = DIRECTION('',(0.,1.,0.));
#6801 = PCURVE('',#1901,#6802);
#6802 = DEFINITIONAL_REPRESENTATION('',(#6803),#6807);
#6803 = LINE('',#6804,#6805);
#6804 = CARTESIAN_POINT('',(26.4,-4.));
#6805 = VECTOR('',#6806,1.);
#6806 = DIRECTION('',(0.,1.));
#6807 = ( GEOMETRIC_REPRESENTATION_CONTEXT(2) 
PARAMETRIC_REPRESENTATION_CONTEXT() REPRESENTATION_CONTEXT('2D SPACE',''
  ) );
#6808 = PCURVE('',#2243,#6809);
#6809 = DEFINITIONAL_REPRESENTATION('',(#6810),#6814);
#6810 = LINE('',#6811,#6812);
#6811 = CARTESIAN_POINT('',(-1.570796326795,0.));
#6812 = VECTOR('',#6813,1.);
#6813 = DIRECTION('',(-0.,1.));
#6814 = ( GEOMETRIC_REPRESENTATION_CONTEXT(2) 
PARAMETRIC_REPRESENTATION_CONTEXT() REPRESENTATION_CONTEXT('2D SPACE',''
  ) );
#6815 = ORIENTED_EDGE('',*,*,#6816,.F.);
#6816 = EDGE_CURVE('',#6817,#6794,#6819,.T.);
#6817 = VERTEX_POINT('',#6818);
#6818 = CARTESIAN_POINT('',(22.865,-80.23,10.));
#6819 = SURFACE_CURVE('',#6820,(#6825,#6832),.PCURVE_S1.);
#6820 = CIRCLE('',#6821,15.8);
#6821 = AXIS2_PLACEMENT_3D('',#6822,#6823,#6824);
#6822 = CARTESIAN_POINT('',(22.865,-64.43,10.));
#6823 = DIRECTION('',(0.,0.,1.));
#6824 = DIRECTION('',(0.,-1.,0.));
#6825 = PCURVE('',#1901,#6826);
#6826 = DEFINITIONAL_REPRESENTATION('',(#6827),#6831);
#6827 = CIRCLE('',#6828,15.8);
#6828 = AXIS2_PLACEMENT_2D('',#6829,#6830);
#6829 = CARTESIAN_POINT('',(22.865,16.5));
#6830 = DIRECTION('',(0.,-1.));
#6831 = ( GEOMETRIC_REPRESENTATION_CONTEXT(2) 
PARAMETRIC_REPRESENTATION_CONTEXT() REPRESENTATION_CONTEXT('2D SPACE',''
  ) );
#6832 = PCURVE('',#3365,#6833);
#6833 = DEFINITIONAL_REPRESENTATION('',(#6834),#6838);
#6834 = LINE('',#6835,#6836);
#6835 = CARTESIAN_POINT('',(0.,8.4));
#6836 = VECTOR('',#6837,1.);
#6837 = DIRECTION('',(1.,0.));
#6838 = ( GEOMETRIC_REPRESENTATION_CONTEXT(2) 
PARAMETRIC_REPRESENTATION_CONTEXT() REPRESENTATION_CONTEXT('2D SPACE',''
  ) );
#6839 = ORIENTED_EDGE('',*,*,#6840,.F.);
#6840 = EDGE_CURVE('',#6841,#6817,#6843,.T.);
#6841 = VERTEX_POINT('',#6842);
#6842 = CARTESIAN_POINT('',(-22.865,-80.23,10.));
#6843 = SURFACE_CURVE('',#6844,(#6848,#6854),.PCURVE_S1.);
#6844 = LINE('',#6845,#6846);
#6845 = CARTESIAN_POINT('',(-19.3325,-80.23,10.));
#6846 = VECTOR('',#6847,1.);
#6847 = DIRECTION('',(1.,0.,0.));
#6848 = PCURVE('',#1901,#6849);
#6849 = DEFINITIONAL_REPRESENTATION('',(#6850),#6853);
#6850 = B_SPLINE_CURVE_WITH_KNOTS('',1,(#6851,#6852),.UNSPECIFIED.,.F.,
  .F.,(2,2),(-3.5325,42.1975),.PIECEWISE_BEZIER_KNOTS.);
#6851 = CARTESIAN_POINT('',(-22.865,0.7));
#6852 = CARTESIAN_POINT('',(22.865,0.7));
#6853 = ( GEOMETRIC_REPRESENTATION_CONTEXT(2) 
PARAMETRIC_REPRESENTATION_CONTEXT() REPRESENTATION_CONTEXT('2D SPACE',''
  ) );
#6854 = PCURVE('',#6855,#6860);
#6855 = PLANE('',#6856);
#6856 = AXIS2_PLACEMENT_3D('',#6857,#6858,#6859);
#6857 = CARTESIAN_POINT('',(-38.665,-80.23,1.6));
#6858 = DIRECTION('',(0.,1.,0.));
#6859 = DIRECTION('',(1.,0.,0.));
#6860 = DEFINITIONAL_REPRESENTATION('',(#6861),#6864);
#6861 = B_SPLINE_CURVE_WITH_KNOTS('',1,(#6862,#6863),.UNSPECIFIED.,.F.,
  .F.,(2,2),(-3.5325,42.1975),.PIECEWISE_BEZIER_KNOTS.);
#6862 = CARTESIAN_POINT('',(15.8,-8.4));
#6863 = CARTESIAN_POINT('',(61.53,-8.4));
#6864 = ( GEOMETRIC_REPRESENTATION_CONTEXT(2) 
PARAMETRIC_REPRESENTATION_CONTEXT() REPRESENTATION_CONTEXT('2D SPACE',''
  ) );
#6865 = ORIENTED_EDGE('',*,*,#6866,.F.);
#6866 = EDGE_CURVE('',#6682,#6841,#6867,.T.);
#6867 = SURFACE_CURVE('',#6868,(#6873,#6880),.PCURVE_S1.);
#6868 = CIRCLE('',#6869,15.8);
#6869 = AXIS2_PLACEMENT_3D('',#6870,#6871,#6872);
#6870 = CARTESIAN_POINT('',(-22.865,-64.43,10.));
#6871 = DIRECTION('',(0.,0.,1.));
#6872 = DIRECTION('',(0.,-1.,0.));
#6873 = PCURVE('',#1901,#6874);
#6874 = DEFINITIONAL_REPRESENTATION('',(#6875),#6879);
#6875 = CIRCLE('',#6876,15.8);
#6876 = AXIS2_PLACEMENT_2D('',#6877,#6878);
#6877 = CARTESIAN_POINT('',(-22.865,16.5));
#6878 = DIRECTION('',(0.,-1.));
#6879 = ( GEOMETRIC_REPRESENTATION_CONTEXT(2) 
PARAMETRIC_REPRESENTATION_CONTEXT() REPRESENTATION_CONTEXT('2D SPACE',''
  ) );
#6880 = PCURVE('',#3538,#6881);
#6881 = DEFINITIONAL_REPRESENTATION('',(#6882),#6886);
#6882 = LINE('',#6883,#6884);
#6883 = CARTESIAN_POINT('',(-6.28318530718,8.4));
#6884 = VECTOR('',#6885,1.);
#6885 = DIRECTION('',(1.,-0.));
#6886 = ( GEOMETRIC_REPRESENTATION_CONTEXT(2) 
PARAMETRIC_REPRESENTATION_CONTEXT() REPRESENTATION_CONTEXT('2D SPACE',''
  ) );
#6887 = ADVANCED_FACE('',(#6888),#1872,.F.);
#6888 = FACE_BOUND('',#6889,.F.);
#6889 = EDGE_LOOP('',(#6890,#6891,#6892,#6918));
#6890 = ORIENTED_EDGE('',*,*,#6773,.F.);
#6891 = ORIENTED_EDGE('',*,*,#1856,.T.);
#6892 = ORIENTED_EDGE('',*,*,#6893,.T.);
#6893 = EDGE_CURVE('',#1828,#2130,#6894,.T.);
#6894 = SURFACE_CURVE('',#6895,(#6899,#6906),.PCURVE_S1.);
#6895 = LINE('',#6896,#6897);
#6896 = CARTESIAN_POINT('',(-22.865,-81.93,10.65));
#6897 = VECTOR('',#6898,1.);
#6898 = DIRECTION('',(1.,0.,0.));
#6899 = PCURVE('',#1872,#6900);
#6900 = DEFINITIONAL_REPRESENTATION('',(#6901),#6905);
#6901 = LINE('',#6902,#6903);
#6902 = CARTESIAN_POINT('',(17.5,-10.65));
#6903 = VECTOR('',#6904,1.);
#6904 = DIRECTION('',(1.,0.));
#6905 = ( GEOMETRIC_REPRESENTATION_CONTEXT(2) 
PARAMETRIC_REPRESENTATION_CONTEXT() REPRESENTATION_CONTEXT('2D SPACE',''
  ) );
#6906 = PCURVE('',#6907,#6912);
#6907 = CYLINDRICAL_SURFACE('',#6908,0.5);
#6908 = AXIS2_PLACEMENT_3D('',#6909,#6910,#6911);
#6909 = CARTESIAN_POINT('',(-22.865,-81.43,10.65));
#6910 = DIRECTION('',(1.,0.,0.));
#6911 = DIRECTION('',(0.,-1.,-0.));
#6912 = DEFINITIONAL_REPRESENTATION('',(#6913),#6917);
#6913 = LINE('',#6914,#6915);
#6914 = CARTESIAN_POINT('',(-0.,0.));
#6915 = VECTOR('',#6916,1.);
#6916 = DIRECTION('',(-0.,1.));
#6917 = ( GEOMETRIC_REPRESENTATION_CONTEXT(2) 
PARAMETRIC_REPRESENTATION_CONTEXT() REPRESENTATION_CONTEXT('2D SPACE',''
  ) );
#6918 = ORIENTED_EDGE('',*,*,#2158,.F.);
#6919 = ADVANCED_FACE('',(#6920),#1844,.T.);
#6920 = FACE_BOUND('',#6921,.T.);
#6921 = EDGE_LOOP('',(#6922,#6944,#6945,#6967));
#6922 = ORIENTED_EDGE('',*,*,#6923,.F.);
#6923 = EDGE_CURVE('',#1805,#6924,#6926,.T.);
#6924 = VERTEX_POINT('',#6925);
#6925 = CARTESIAN_POINT('',(-39.865,-64.43,11.15));
#6926 = SURFACE_CURVE('',#6927,(#6932,#6938),.PCURVE_S1.);
#6927 = CIRCLE('',#6928,0.5);
#6928 = AXIS2_PLACEMENT_3D('',#6929,#6930,#6931);
#6929 = CARTESIAN_POINT('',(-39.865,-64.43,10.65));
#6930 = DIRECTION('',(-0.,1.,0.));
#6931 = DIRECTION('',(-1.,-0.,0.));
#6932 = PCURVE('',#1844,#6933);
#6933 = DEFINITIONAL_REPRESENTATION('',(#6934),#6937);
#6934 = B_SPLINE_CURVE_WITH_KNOTS('',1,(#6935,#6936),.UNSPECIFIED.,.F.,
  .F.,(2,2),(0.,1.570796326795),.PIECEWISE_BEZIER_KNOTS.);
#6935 = CARTESIAN_POINT('',(0.,0.));
#6936 = CARTESIAN_POINT('',(0.,1.570796326795));
#6937 = ( GEOMETRIC_REPRESENTATION_CONTEXT(2) 
PARAMETRIC_REPRESENTATION_CONTEXT() REPRESENTATION_CONTEXT('2D SPACE',''
  ) );
#6938 = PCURVE('',#2415,#6939);
#6939 = DEFINITIONAL_REPRESENTATION('',(#6940),#6943);
#6940 = B_SPLINE_CURVE_WITH_KNOTS('',1,(#6941,#6942),.UNSPECIFIED.,.F.,
  .F.,(2,2),(0.,1.570796326795),.PIECEWISE_BEZIER_KNOTS.);
#6941 = CARTESIAN_POINT('',(0.,128.86));
#6942 = CARTESIAN_POINT('',(-1.570796326795,128.86));
#6943 = ( GEOMETRIC_REPRESENTATION_CONTEXT(2) 
PARAMETRIC_REPRESENTATION_CONTEXT() REPRESENTATION_CONTEXT('2D SPACE',''
  ) );
#6944 = ORIENTED_EDGE('',*,*,#1827,.T.);
#6945 = ORIENTED_EDGE('',*,*,#6946,.T.);
#6946 = EDGE_CURVE('',#1828,#6947,#6949,.T.);
#6947 = VERTEX_POINT('',#6948);
#6948 = CARTESIAN_POINT('',(-22.865,-81.43,11.15));
#6949 = SURFACE_CURVE('',#6950,(#6955,#6961),.PCURVE_S1.);
#6950 = CIRCLE('',#6951,0.5);
#6951 = AXIS2_PLACEMENT_3D('',#6952,#6953,#6954);
#6952 = CARTESIAN_POINT('',(-22.865,-81.43,10.65));
#6953 = DIRECTION('',(-1.,-0.,0.));
#6954 = DIRECTION('',(0.,-1.,0.));
#6955 = PCURVE('',#1844,#6956);
#6956 = DEFINITIONAL_REPRESENTATION('',(#6957),#6960);
#6957 = B_SPLINE_CURVE_WITH_KNOTS('',1,(#6958,#6959),.UNSPECIFIED.,.F.,
  .F.,(2,2),(0.,1.570796326795),.PIECEWISE_BEZIER_KNOTS.);
#6958 = CARTESIAN_POINT('',(1.570796326795,0.));
#6959 = CARTESIAN_POINT('',(1.570796326795,1.570796326795));
#6960 = ( GEOMETRIC_REPRESENTATION_CONTEXT(2) 
PARAMETRIC_REPRESENTATION_CONTEXT() REPRESENTATION_CONTEXT('2D SPACE',''
  ) );
#6961 = PCURVE('',#6907,#6962);
#6962 = DEFINITIONAL_REPRESENTATION('',(#6963),#6966);
#6963 = B_SPLINE_CURVE_WITH_KNOTS('',1,(#6964,#6965),.UNSPECIFIED.,.F.,
  .F.,(2,2),(0.,1.570796326795),.PIECEWISE_BEZIER_KNOTS.);
#6964 = CARTESIAN_POINT('',(0.,0.));
#6965 = CARTESIAN_POINT('',(-1.570796326795,0.));
#6966 = ( GEOMETRIC_REPRESENTATION_CONTEXT(2) 
PARAMETRIC_REPRESENTATION_CONTEXT() REPRESENTATION_CONTEXT('2D SPACE',''
  ) );
#6967 = ORIENTED_EDGE('',*,*,#6968,.F.);
#6968 = EDGE_CURVE('',#6924,#6947,#6969,.T.);
#6969 = SURFACE_CURVE('',#6970,(#6975,#6982),.PCURVE_S1.);
#6970 = CIRCLE('',#6971,17.);
#6971 = AXIS2_PLACEMENT_3D('',#6972,#6973,#6974);
#6972 = CARTESIAN_POINT('',(-22.865,-64.43,11.15));
#6973 = DIRECTION('',(0.,0.,1.));
#6974 = DIRECTION('',(-1.,0.,0.));
#6975 = PCURVE('',#1844,#6976);
#6976 = DEFINITIONAL_REPRESENTATION('',(#6977),#6981);
#6977 = LINE('',#6978,#6979);
#6978 = CARTESIAN_POINT('',(0.,1.570796326795));
#6979 = VECTOR('',#6980,1.);
#6980 = DIRECTION('',(1.,0.));
#6981 = ( GEOMETRIC_REPRESENTATION_CONTEXT(2) 
PARAMETRIC_REPRESENTATION_CONTEXT() REPRESENTATION_CONTEXT('2D SPACE',''
  ) );
#6982 = PCURVE('',#6983,#6988);
#6983 = PLANE('',#6984);
#6984 = AXIS2_PLACEMENT_3D('',#6985,#6986,#6987);
#6985 = CARTESIAN_POINT('',(-1.859222989028E-15,0.,11.15));
#6986 = DIRECTION('',(0.,0.,1.));
#6987 = DIRECTION('',(1.,0.,-0.));
#6988 = DEFINITIONAL_REPRESENTATION('',(#6989),#6993);
#6989 = CIRCLE('',#6990,17.);
#6990 = AXIS2_PLACEMENT_2D('',#6991,#6992);
#6991 = CARTESIAN_POINT('',(-22.865,-64.43));
#6992 = DIRECTION('',(-1.,0.));
#6993 = ( GEOMETRIC_REPRESENTATION_CONTEXT(2) 
PARAMETRIC_REPRESENTATION_CONTEXT() REPRESENTATION_CONTEXT('2D SPACE',''
  ) );
#6994 = ADVANCED_FACE('',(#6995),#2330,.F.);
#6995 = FACE_BOUND('',#6996,.F.);
#6996 = EDGE_LOOP('',(#6997,#7020,#7021,#7022));
#6997 = ORIENTED_EDGE('',*,*,#6998,.F.);
#6998 = EDGE_CURVE('',#2267,#6999,#7001,.T.);
#6999 = VERTEX_POINT('',#7000);
#7000 = CARTESIAN_POINT('',(29.,-78.99028073218,5.1));
#7001 = SURFACE_CURVE('',#7002,(#7006,#7013),.PCURVE_S1.);
#7002 = LINE('',#7003,#7004);
#7003 = CARTESIAN_POINT('',(29.,-84.93,5.1));
#7004 = VECTOR('',#7005,1.);
#7005 = DIRECTION('',(0.,1.,0.));
#7006 = PCURVE('',#2330,#7007);
#7007 = DEFINITIONAL_REPRESENTATION('',(#7008),#7012);
#7008 = LINE('',#7009,#7010);
#7009 = CARTESIAN_POINT('',(0.,0.));
#7010 = VECTOR('',#7011,1.);
#7011 = DIRECTION('',(0.,1.));
#7012 = ( GEOMETRIC_REPRESENTATION_CONTEXT(2) 
PARAMETRIC_REPRESENTATION_CONTEXT() REPRESENTATION_CONTEXT('2D SPACE',''
  ) );
#7013 = PCURVE('',#2281,#7014);
#7014 = DEFINITIONAL_REPRESENTATION('',(#7015),#7019);
#7015 = LINE('',#7016,#7017);
#7016 = CARTESIAN_POINT('',(0.,-2.6));
#7017 = VECTOR('',#7018,1.);
#7018 = DIRECTION('',(1.,0.));
#7019 = ( GEOMETRIC_REPRESENTATION_CONTEXT(2) 
PARAMETRIC_REPRESENTATION_CONTEXT() REPRESENTATION_CONTEXT('2D SPACE',''
  ) );
#7020 = ORIENTED_EDGE('',*,*,#2292,.T.);
#7021 = ORIENTED_EDGE('',*,*,#6449,.T.);
#7022 = ORIENTED_EDGE('',*,*,#7023,.F.);
#7023 = EDGE_CURVE('',#6999,#6450,#7024,.T.);
#7024 = SURFACE_CURVE('',#7025,(#7040,#7058),.PCURVE_S1.);
#7025 = B_SPLINE_CURVE_WITH_KNOTS('',7,(#7026,#7027,#7028,#7029,#7030,
    #7031,#7032,#7033,#7034,#7035,#7036,#7037,#7038,#7039),
  .UNSPECIFIED.,.F.,.F.,(8,6,8),(0.,0.561767932044,1.),.UNSPECIFIED.);
#7026 = CARTESIAN_POINT('',(29.,-78.99028073218,5.1));
#7027 = CARTESIAN_POINT('',(29.,-78.99028073218,4.806349847759));
#7028 = CARTESIAN_POINT('',(28.961307746967,-79.00658368787,
    4.513095410083));
#7029 = CARTESIAN_POINT('',(28.884104587409,-79.03911386868,
    4.224101262745));
#7030 = CARTESIAN_POINT('',(28.768027998817,-79.08725886751,
    3.943429700117));
#7031 = CARTESIAN_POINT('',(28.612400161403,-79.14980418641,
    3.675751571135));
#7032 = CARTESIAN_POINT('',(28.416438940328,-79.22475097563,
    3.426879219163));
#7033 = CARTESIAN_POINT('',(27.995239275099,-79.37520200693,
    3.031346406084));
#7034 = CARTESIAN_POINT('',(27.783139886612,-79.4479507331,
    2.871638066887));
#7035 = CARTESIAN_POINT('',(27.544639834912,-79.52555754288,
    2.732628654122));
#7036 = CARTESIAN_POINT('',(27.282456839186,-79.60530560109,
    2.620723681911));
#7037 = CARTESIAN_POINT('',(27.000631534527,-79.6842076826,
    2.541570030303));
#7038 = CARTESIAN_POINT('',(26.704372466164,-79.75960349911,2.5));
#7039 = CARTESIAN_POINT('',(26.4,-79.82947320527,2.5));
#7040 = PCURVE('',#2330,#7041);
#7041 = DEFINITIONAL_REPRESENTATION('',(#7042),#7057);
#7042 = B_SPLINE_CURVE_WITH_KNOTS('',7,(#7043,#7044,#7045,#7046,#7047,
    #7048,#7049,#7050,#7051,#7052,#7053,#7054,#7055,#7056),
  .UNSPECIFIED.,.F.,.F.,(8,6,8),(0.,0.561767932044,1.),.UNSPECIFIED.);
#7043 = CARTESIAN_POINT('',(0.,5.939719267816));
#7044 = CARTESIAN_POINT('',(0.112942366246,5.939719267816));
#7045 = CARTESIAN_POINT('',(0.225732269204,5.923416312122));
#7046 = CARTESIAN_POINT('',(0.339238189391,5.89088613132));
#7047 = CARTESIAN_POINT('',(0.454217456966,5.842741132485));
#7048 = CARTESIAN_POINT('',(0.571504214041,5.78019581359));
#7049 = CARTESIAN_POINT('',(0.691971498311,5.705249024365));
#7050 = CARTESIAN_POINT('',(0.914203107667,5.554797993061));
#7051 = CARTESIAN_POINT('',(1.015719079284,5.482049266895));
#7052 = CARTESIAN_POINT('',(1.120696320047,5.404442457114));
#7053 = CARTESIAN_POINT('',(1.228769624496,5.324694398906));
#7054 = CARTESIAN_POINT('',(1.339784172369,5.245792317394));
#7055 = CARTESIAN_POINT('',(1.453729993655,5.170396500886));
#7056 = CARTESIAN_POINT('',(1.570796326795,5.100526794724));
#7057 = ( GEOMETRIC_REPRESENTATION_CONTEXT(2) 
PARAMETRIC_REPRESENTATION_CONTEXT() REPRESENTATION_CONTEXT('2D SPACE',''
  ) );
#7058 = PCURVE('',#3365,#7059);
#7059 = DEFINITIONAL_REPRESENTATION('',(#7060),#7075);
#7060 = B_SPLINE_CURVE_WITH_KNOTS('',7,(#7061,#7062,#7063,#7064,#7065,
    #7066,#7067,#7068,#7069,#7070,#7071,#7072,#7073,#7074),
  .UNSPECIFIED.,.F.,.F.,(8,6,8),(0.,0.561767932044,1.),.UNSPECIFIED.);
#7061 = CARTESIAN_POINT('',(0.398776506779,3.5));
#7062 = CARTESIAN_POINT('',(0.398776506779,3.206349847759));
#7063 = CARTESIAN_POINT('',(0.396119123007,2.913095410083));
#7064 = CARTESIAN_POINT('',(0.390816810029,2.624101262745));
#7065 = CARTESIAN_POINT('',(0.382863419877,2.343429700117));
#7066 = CARTESIAN_POINT('',(0.372249376251,2.075751571135));
#7067 = CARTESIAN_POINT('',(0.358973907662,1.826879219163));
#7068 = CARTESIAN_POINT('',(0.330666088916,1.431346406084));
#7069 = CARTESIAN_POINT('',(0.316475538827,1.271638066887));
#7070 = CARTESIAN_POINT('',(0.300604845185,1.132628654122));
#7071 = CARTESIAN_POINT('',(0.283266845782,1.020723681911));
#7072 = CARTESIAN_POINT('',(0.264752110614,0.941570030303));
#7073 = CARTESIAN_POINT('',(0.245409218401,0.9));
#7074 = CARTESIAN_POINT('',(0.225644096432,0.9));
#7075 = ( GEOMETRIC_REPRESENTATION_CONTEXT(2) 
PARAMETRIC_REPRESENTATION_CONTEXT() REPRESENTATION_CONTEXT('2D SPACE',''
  ) );
#7076 = ADVANCED_FACE('',(#7077),#2281,.T.);
#7077 = FACE_BOUND('',#7078,.T.);
#7078 = EDGE_LOOP('',(#7079,#7080,#7081,#7104));
#7079 = ORIENTED_EDGE('',*,*,#6998,.F.);
#7080 = ORIENTED_EDGE('',*,*,#2266,.T.);
#7081 = ORIENTED_EDGE('',*,*,#7082,.T.);
#7082 = EDGE_CURVE('',#2206,#7083,#7085,.T.);
#7083 = VERTEX_POINT('',#7084);
#7084 = CARTESIAN_POINT('',(29.,-78.99028073218,7.4));
#7085 = SURFACE_CURVE('',#7086,(#7090,#7097),.PCURVE_S1.);
#7086 = LINE('',#7087,#7088);
#7087 = CARTESIAN_POINT('',(29.,-84.93,7.4));
#7088 = VECTOR('',#7089,1.);
#7089 = DIRECTION('',(0.,1.,0.));
#7090 = PCURVE('',#2281,#7091);
#7091 = DEFINITIONAL_REPRESENTATION('',(#7092),#7096);
#7092 = LINE('',#7093,#7094);
#7093 = CARTESIAN_POINT('',(0.,-4.9));
#7094 = VECTOR('',#7095,1.);
#7095 = DIRECTION('',(1.,0.));
#7096 = ( GEOMETRIC_REPRESENTATION_CONTEXT(2) 
PARAMETRIC_REPRESENTATION_CONTEXT() REPRESENTATION_CONTEXT('2D SPACE',''
  ) );
#7097 = PCURVE('',#2243,#7098);
#7098 = DEFINITIONAL_REPRESENTATION('',(#7099),#7103);
#7099 = LINE('',#7100,#7101);
#7100 = CARTESIAN_POINT('',(-0.,0.));
#7101 = VECTOR('',#7102,1.);
#7102 = DIRECTION('',(-0.,1.));
#7103 = ( GEOMETRIC_REPRESENTATION_CONTEXT(2) 
PARAMETRIC_REPRESENTATION_CONTEXT() REPRESENTATION_CONTEXT('2D SPACE',''
  ) );
#7104 = ORIENTED_EDGE('',*,*,#7105,.F.);
#7105 = EDGE_CURVE('',#6999,#7083,#7106,.T.);
#7106 = SURFACE_CURVE('',#7107,(#7111,#7117),.PCURVE_S1.);
#7107 = LINE('',#7108,#7109);
#7108 = CARTESIAN_POINT('',(29.,-78.99028073218,1.6));
#7109 = VECTOR('',#7110,1.);
#7110 = DIRECTION('',(0.,0.,1.));
#7111 = PCURVE('',#2281,#7112);
#7112 = DEFINITIONAL_REPRESENTATION('',(#7113),#7116);
#7113 = B_SPLINE_CURVE_WITH_KNOTS('',1,(#7114,#7115),.UNSPECIFIED.,.F.,
  .F.,(2,2),(3.27,6.03),.PIECEWISE_BEZIER_KNOTS.);
#7114 = CARTESIAN_POINT('',(5.939719267816,-2.37));
#7115 = CARTESIAN_POINT('',(5.939719267816,-5.13));
#7116 = ( GEOMETRIC_REPRESENTATION_CONTEXT(2) 
PARAMETRIC_REPRESENTATION_CONTEXT() REPRESENTATION_CONTEXT('2D SPACE',''
  ) );
#7117 = PCURVE('',#3365,#7118);
#7118 = DEFINITIONAL_REPRESENTATION('',(#7119),#7122);
#7119 = B_SPLINE_CURVE_WITH_KNOTS('',1,(#7120,#7121),.UNSPECIFIED.,.F.,
  .F.,(2,2),(3.27,6.03),.PIECEWISE_BEZIER_KNOTS.);
#7120 = CARTESIAN_POINT('',(0.398776506779,3.27));
#7121 = CARTESIAN_POINT('',(0.398776506779,6.03));
#7122 = ( GEOMETRIC_REPRESENTATION_CONTEXT(2) 
PARAMETRIC_REPRESENTATION_CONTEXT() REPRESENTATION_CONTEXT('2D SPACE',''
  ) );
#7123 = ADVANCED_FACE('',(#7124),#2243,.F.);
#7124 = FACE_BOUND('',#7125,.T.);
#7125 = EDGE_LOOP('',(#7126,#7127,#7128,#7129));
#7126 = ORIENTED_EDGE('',*,*,#7082,.F.);
#7127 = ORIENTED_EDGE('',*,*,#2205,.T.);
#7128 = ORIENTED_EDGE('',*,*,#6793,.T.);
#7129 = ORIENTED_EDGE('',*,*,#7130,.F.);
#7130 = EDGE_CURVE('',#7083,#6794,#7131,.T.);
#7131 = SURFACE_CURVE('',#7132,(#7147,#7165),.PCURVE_S1.);
#7132 = B_SPLINE_CURVE_WITH_KNOTS('',7,(#7133,#7134,#7135,#7136,#7137,
    #7138,#7139,#7140,#7141,#7142,#7143,#7144,#7145,#7146),
  .UNSPECIFIED.,.F.,.F.,(8,6,8),(0.,0.561767932068,1.),.UNSPECIFIED.);
#7133 = CARTESIAN_POINT('',(29.,-78.99028073218,7.4));
#7134 = CARTESIAN_POINT('',(29.,-78.99028073218,7.693650152241));
#7135 = CARTESIAN_POINT('',(28.961307746967,-79.00658368787,
    7.986904589917));
#7136 = CARTESIAN_POINT('',(28.884104587409,-79.03911386868,
    8.275898737255));
#7137 = CARTESIAN_POINT('',(28.768027998817,-79.08725886751,
    8.556570299883));
#7138 = CARTESIAN_POINT('',(28.612400161403,-79.14980418641,
    8.824248428865));
#7139 = CARTESIAN_POINT('',(28.416438940328,-79.22475097563,
    9.073120780837));
#7140 = CARTESIAN_POINT('',(27.995239275117,-79.37520200693,
    9.468653593899));
#7141 = CARTESIAN_POINT('',(27.783139886594,-79.44795073311,
    9.628361933137));
#7142 = CARTESIAN_POINT('',(27.544639834893,-79.52555754289,
    9.767371345878));
#7143 = CARTESIAN_POINT('',(27.282456839203,-79.60530560108,
    9.879276318074));
#7144 = CARTESIAN_POINT('',(27.000631534552,-79.6842076826,
    9.958429969703));
#7145 = CARTESIAN_POINT('',(26.704372466139,-79.75960349912,10.));
#7146 = CARTESIAN_POINT('',(26.4,-79.82947320527,10.));
#7147 = PCURVE('',#2243,#7148);
#7148 = DEFINITIONAL_REPRESENTATION('',(#7149),#7164);
#7149 = B_SPLINE_CURVE_WITH_KNOTS('',7,(#7150,#7151,#7152,#7153,#7154,
    #7155,#7156,#7157,#7158,#7159,#7160,#7161,#7162,#7163),
  .UNSPECIFIED.,.F.,.F.,(8,6,8),(0.,0.561767932068,1.),.UNSPECIFIED.);
#7150 = CARTESIAN_POINT('',(0.,5.939719267816));
#7151 = CARTESIAN_POINT('',(-0.112942366246,5.939719267816));
#7152 = CARTESIAN_POINT('',(-0.225732269204,5.923416312122));
#7153 = CARTESIAN_POINT('',(-0.339238189391,5.89088613132));
#7154 = CARTESIAN_POINT('',(-0.454217456966,5.842741132485));
#7155 = CARTESIAN_POINT('',(-0.571504214041,5.78019581359));
#7156 = CARTESIAN_POINT('',(-0.691971498311,5.705249024365));
#7157 = CARTESIAN_POINT('',(-0.914203107657,5.554797993067));
#7158 = CARTESIAN_POINT('',(-1.015719079295,5.482049266888));
#7159 = CARTESIAN_POINT('',(-1.120696320052,5.404442457109));
#7160 = CARTESIAN_POINT('',(-1.22876962449,5.324694398913));
#7161 = CARTESIAN_POINT('',(-1.339784172359,5.245792317399));
#7162 = CARTESIAN_POINT('',(-1.453729993664,5.17039650088));
#7163 = CARTESIAN_POINT('',(-1.570796326795,5.100526794724));
#7164 = ( GEOMETRIC_REPRESENTATION_CONTEXT(2) 
PARAMETRIC_REPRESENTATION_CONTEXT() REPRESENTATION_CONTEXT('2D SPACE',''
  ) );
#7165 = PCURVE('',#3365,#7166);
#7166 = DEFINITIONAL_REPRESENTATION('',(#7167),#7182);
#7167 = B_SPLINE_CURVE_WITH_KNOTS('',7,(#7168,#7169,#7170,#7171,#7172,
    #7173,#7174,#7175,#7176,#7177,#7178,#7179,#7180,#7181),
  .UNSPECIFIED.,.F.,.F.,(8,6,8),(0.,0.561767932068,1.),.UNSPECIFIED.);
#7168 = CARTESIAN_POINT('',(0.398776506779,5.8));
#7169 = CARTESIAN_POINT('',(0.398776506779,6.093650152241));
#7170 = CARTESIAN_POINT('',(0.396119123007,6.386904589917));
#7171 = CARTESIAN_POINT('',(0.390816810029,6.675898737254));
#7172 = CARTESIAN_POINT('',(0.382863419877,6.956570299883));
#7173 = CARTESIAN_POINT('',(0.372249376251,7.224248428865));
#7174 = CARTESIAN_POINT('',(0.358973907662,7.473120780837));
#7175 = CARTESIAN_POINT('',(0.330666088917,7.868653593899));
#7176 = CARTESIAN_POINT('',(0.316475538826,8.028361933137));
#7177 = CARTESIAN_POINT('',(0.300604845184,8.167371345878));
#7178 = CARTESIAN_POINT('',(0.283266845784,8.279276318074));
#7179 = CARTESIAN_POINT('',(0.264752110615,8.358429969703));
#7180 = CARTESIAN_POINT('',(0.245409218399,8.4));
#7181 = CARTESIAN_POINT('',(0.225644096432,8.4));
#7182 = ( GEOMETRIC_REPRESENTATION_CONTEXT(2) 
PARAMETRIC_REPRESENTATION_CONTEXT() REPRESENTATION_CONTEXT('2D SPACE',''
  ) );
#7183 = ADVANCED_FACE('',(#7184),#2146,.T.);
#7184 = FACE_BOUND('',#7185,.T.);
#7185 = EDGE_LOOP('',(#7186,#7208,#7209,#7231));
#7186 = ORIENTED_EDGE('',*,*,#7187,.F.);
#7187 = EDGE_CURVE('',#2130,#7188,#7190,.T.);
#7188 = VERTEX_POINT('',#7189);
#7189 = CARTESIAN_POINT('',(22.865,-81.43,11.15));
#7190 = SURFACE_CURVE('',#7191,(#7196,#7202),.PCURVE_S1.);
#7191 = CIRCLE('',#7192,0.5);
#7192 = AXIS2_PLACEMENT_3D('',#7193,#7194,#7195);
#7193 = CARTESIAN_POINT('',(22.865,-81.43,10.65));
#7194 = DIRECTION('',(-1.,-0.,0.));
#7195 = DIRECTION('',(0.,-1.,0.));
#7196 = PCURVE('',#2146,#7197);
#7197 = DEFINITIONAL_REPRESENTATION('',(#7198),#7201);
#7198 = B_SPLINE_CURVE_WITH_KNOTS('',1,(#7199,#7200),.UNSPECIFIED.,.F.,
  .F.,(2,2),(0.,1.570796326795),.PIECEWISE_BEZIER_KNOTS.);
#7199 = CARTESIAN_POINT('',(0.,0.));
#7200 = CARTESIAN_POINT('',(0.,1.570796326795));
#7201 = ( GEOMETRIC_REPRESENTATION_CONTEXT(2) 
PARAMETRIC_REPRESENTATION_CONTEXT() REPRESENTATION_CONTEXT('2D SPACE',''
  ) );
#7202 = PCURVE('',#6907,#7203);
#7203 = DEFINITIONAL_REPRESENTATION('',(#7204),#7207);
#7204 = B_SPLINE_CURVE_WITH_KNOTS('',1,(#7205,#7206),.UNSPECIFIED.,.F.,
  .F.,(2,2),(0.,1.570796326795),.PIECEWISE_BEZIER_KNOTS.);
#7205 = CARTESIAN_POINT('',(0.,45.73));
#7206 = CARTESIAN_POINT('',(-1.570796326795,45.73));
#7207 = ( GEOMETRIC_REPRESENTATION_CONTEXT(2) 
PARAMETRIC_REPRESENTATION_CONTEXT() REPRESENTATION_CONTEXT('2D SPACE',''
  ) );
#7208 = ORIENTED_EDGE('',*,*,#2129,.T.);
#7209 = ORIENTED_EDGE('',*,*,#7210,.T.);
#7210 = EDGE_CURVE('',#2107,#7211,#7213,.T.);
#7211 = VERTEX_POINT('',#7212);
#7212 = CARTESIAN_POINT('',(39.865,-64.43,11.15));
#7213 = SURFACE_CURVE('',#7214,(#7219,#7225),.PCURVE_S1.);
#7214 = CIRCLE('',#7215,0.5);
#7215 = AXIS2_PLACEMENT_3D('',#7216,#7217,#7218);
#7216 = CARTESIAN_POINT('',(39.865,-64.43,10.65));
#7217 = DIRECTION('',(-6.123233995737E-17,-1.,0.));
#7218 = DIRECTION('',(1.,-6.123233995737E-17,0.));
#7219 = PCURVE('',#2146,#7220);
#7220 = DEFINITIONAL_REPRESENTATION('',(#7221),#7224);
#7221 = B_SPLINE_CURVE_WITH_KNOTS('',1,(#7222,#7223),.UNSPECIFIED.,.F.,
  .F.,(2,2),(0.,1.570796326795),.PIECEWISE_BEZIER_KNOTS.);
#7222 = CARTESIAN_POINT('',(1.570796326795,0.));
#7223 = CARTESIAN_POINT('',(1.570796326795,1.570796326795));
#7224 = ( GEOMETRIC_REPRESENTATION_CONTEXT(2) 
PARAMETRIC_REPRESENTATION_CONTEXT() REPRESENTATION_CONTEXT('2D SPACE',''
  ) );
#7225 = PCURVE('',#2909,#7226);
#7226 = DEFINITIONAL_REPRESENTATION('',(#7227),#7230);
#7227 = B_SPLINE_CURVE_WITH_KNOTS('',1,(#7228,#7229),.UNSPECIFIED.,.F.,
  .F.,(2,2),(0.,1.570796326795),.PIECEWISE_BEZIER_KNOTS.);
#7228 = CARTESIAN_POINT('',(0.,0.));
#7229 = CARTESIAN_POINT('',(-1.570796326795,0.));
#7230 = ( GEOMETRIC_REPRESENTATION_CONTEXT(2) 
PARAMETRIC_REPRESENTATION_CONTEXT() REPRESENTATION_CONTEXT('2D SPACE',''
  ) );
#7231 = ORIENTED_EDGE('',*,*,#7232,.F.);
#7232 = EDGE_CURVE('',#7188,#7211,#7233,.T.);
#7233 = SURFACE_CURVE('',#7234,(#7239,#7246),.PCURVE_S1.);
#7234 = CIRCLE('',#7235,17.);
#7235 = AXIS2_PLACEMENT_3D('',#7236,#7237,#7238);
#7236 = CARTESIAN_POINT('',(22.865,-64.43,11.15));
#7237 = DIRECTION('',(0.,0.,1.));
#7238 = DIRECTION('',(0.,-1.,0.));
#7239 = PCURVE('',#2146,#7240);
#7240 = DEFINITIONAL_REPRESENTATION('',(#7241),#7245);
#7241 = LINE('',#7242,#7243);
#7242 = CARTESIAN_POINT('',(0.,1.570796326795));
#7243 = VECTOR('',#7244,1.);
#7244 = DIRECTION('',(1.,0.));
#7245 = ( GEOMETRIC_REPRESENTATION_CONTEXT(2) 
PARAMETRIC_REPRESENTATION_CONTEXT() REPRESENTATION_CONTEXT('2D SPACE',''
  ) );
#7246 = PCURVE('',#6983,#7247);
#7247 = DEFINITIONAL_REPRESENTATION('',(#7248),#7252);
#7248 = CIRCLE('',#7249,17.);
#7249 = AXIS2_PLACEMENT_2D('',#7250,#7251);
#7250 = CARTESIAN_POINT('',(22.865,-64.43));
#7251 = DIRECTION('',(0.,-1.));
#7252 = ( GEOMETRIC_REPRESENTATION_CONTEXT(2) 
PARAMETRIC_REPRESENTATION_CONTEXT() REPRESENTATION_CONTEXT('2D SPACE',''
  ) );
#7253 = ADVANCED_FACE('',(#7254),#2415,.T.);
#7254 = FACE_BOUND('',#7255,.F.);
#7255 = EDGE_LOOP('',(#7256,#7278,#7299,#7300));
#7256 = ORIENTED_EDGE('',*,*,#7257,.T.);
#7257 = EDGE_CURVE('',#2379,#7258,#7260,.T.);
#7258 = VERTEX_POINT('',#7259);
#7259 = CARTESIAN_POINT('',(-39.865,64.43,11.15));
#7260 = SURFACE_CURVE('',#7261,(#7266,#7272),.PCURVE_S1.);
#7261 = CIRCLE('',#7262,0.5);
#7262 = AXIS2_PLACEMENT_3D('',#7263,#7264,#7265);
#7263 = CARTESIAN_POINT('',(-39.865,64.43,10.65));
#7264 = DIRECTION('',(6.123233995737E-17,1.,-0.));
#7265 = DIRECTION('',(-1.,6.123233995737E-17,0.));
#7266 = PCURVE('',#2415,#7267);
#7267 = DEFINITIONAL_REPRESENTATION('',(#7268),#7271);
#7268 = B_SPLINE_CURVE_WITH_KNOTS('',1,(#7269,#7270),.UNSPECIFIED.,.F.,
  .F.,(2,2),(0.,1.570796326795),.PIECEWISE_BEZIER_KNOTS.);
#7269 = CARTESIAN_POINT('',(0.,0.));
#7270 = CARTESIAN_POINT('',(-1.570796326795,0.));
#7271 = ( GEOMETRIC_REPRESENTATION_CONTEXT(2) 
PARAMETRIC_REPRESENTATION_CONTEXT() REPRESENTATION_CONTEXT('2D SPACE',''
  ) );
#7272 = PCURVE('',#3216,#7273);
#7273 = DEFINITIONAL_REPRESENTATION('',(#7274),#7277);
#7274 = B_SPLINE_CURVE_WITH_KNOTS('',1,(#7275,#7276),.UNSPECIFIED.,.F.,
  .F.,(2,2),(0.,1.570796326795),.PIECEWISE_BEZIER_KNOTS.);
#7275 = CARTESIAN_POINT('',(1.570796326795,0.));
#7276 = CARTESIAN_POINT('',(1.570796326795,1.570796326795));
#7277 = ( GEOMETRIC_REPRESENTATION_CONTEXT(2) 
PARAMETRIC_REPRESENTATION_CONTEXT() REPRESENTATION_CONTEXT('2D SPACE',''
  ) );
#7278 = ORIENTED_EDGE('',*,*,#7279,.T.);
#7279 = EDGE_CURVE('',#7258,#6924,#7280,.T.);
#7280 = SURFACE_CURVE('',#7281,(#7285,#7292),.PCURVE_S1.);
#7281 = LINE('',#7282,#7283);
#7282 = CARTESIAN_POINT('',(-39.865,64.43,11.15));
#7283 = VECTOR('',#7284,1.);
#7284 = DIRECTION('',(0.,-1.,0.));
#7285 = PCURVE('',#2415,#7286);
#7286 = DEFINITIONAL_REPRESENTATION('',(#7287),#7291);
#7287 = LINE('',#7288,#7289);
#7288 = CARTESIAN_POINT('',(-1.570796326795,0.));
#7289 = VECTOR('',#7290,1.);
#7290 = DIRECTION('',(-0.,1.));
#7291 = ( GEOMETRIC_REPRESENTATION_CONTEXT(2) 
PARAMETRIC_REPRESENTATION_CONTEXT() REPRESENTATION_CONTEXT('2D SPACE',''
  ) );
#7292 = PCURVE('',#6983,#7293);
#7293 = DEFINITIONAL_REPRESENTATION('',(#7294),#7298);
#7294 = LINE('',#7295,#7296);
#7295 = CARTESIAN_POINT('',(-39.865,64.43));
#7296 = VECTOR('',#7297,1.);
#7297 = DIRECTION('',(0.,-1.));
#7298 = ( GEOMETRIC_REPRESENTATION_CONTEXT(2) 
PARAMETRIC_REPRESENTATION_CONTEXT() REPRESENTATION_CONTEXT('2D SPACE',''
  ) );
#7299 = ORIENTED_EDGE('',*,*,#6923,.F.);
#7300 = ORIENTED_EDGE('',*,*,#2401,.F.);
#7301 = ADVANCED_FACE('',(#7302),#2450,.F.);
#7302 = FACE_BOUND('',#7303,.F.);
#7303 = EDGE_LOOP('',(#7304,#7327,#7328,#7351));
#7304 = ORIENTED_EDGE('',*,*,#7305,.F.);
#7305 = EDGE_CURVE('',#2432,#7306,#7308,.T.);
#7306 = VERTEX_POINT('',#7307);
#7307 = CARTESIAN_POINT('',(-38.665,38.73,5.1));
#7308 = SURFACE_CURVE('',#7309,(#7313,#7320),.PCURVE_S1.);
#7309 = LINE('',#7310,#7311);
#7310 = CARTESIAN_POINT('',(-43.365,38.73,5.1));
#7311 = VECTOR('',#7312,1.);
#7312 = DIRECTION('',(1.,0.,0.));
#7313 = PCURVE('',#2450,#7314);
#7314 = DEFINITIONAL_REPRESENTATION('',(#7315),#7319);
#7315 = LINE('',#7316,#7317);
#7316 = CARTESIAN_POINT('',(0.,0.));
#7317 = VECTOR('',#7318,1.);
#7318 = DIRECTION('',(0.,1.));
#7319 = ( GEOMETRIC_REPRESENTATION_CONTEXT(2) 
PARAMETRIC_REPRESENTATION_CONTEXT() REPRESENTATION_CONTEXT('2D SPACE',''
  ) );
#7320 = PCURVE('',#2477,#7321);
#7321 = DEFINITIONAL_REPRESENTATION('',(#7322),#7326);
#7322 = LINE('',#7323,#7324);
#7323 = CARTESIAN_POINT('',(0.,-2.6));
#7324 = VECTOR('',#7325,1.);
#7325 = DIRECTION('',(1.,0.));
#7326 = ( GEOMETRIC_REPRESENTATION_CONTEXT(2) 
PARAMETRIC_REPRESENTATION_CONTEXT() REPRESENTATION_CONTEXT('2D SPACE',''
  ) );
#7327 = ORIENTED_EDGE('',*,*,#2431,.T.);
#7328 = ORIENTED_EDGE('',*,*,#7329,.T.);
#7329 = EDGE_CURVE('',#2434,#7330,#7332,.T.);
#7330 = VERTEX_POINT('',#7331);
#7331 = CARTESIAN_POINT('',(-38.665,41.33,2.5));
#7332 = SURFACE_CURVE('',#7333,(#7337,#7344),.PCURVE_S1.);
#7333 = LINE('',#7334,#7335);
#7334 = CARTESIAN_POINT('',(-43.365,41.33,2.5));
#7335 = VECTOR('',#7336,1.);
#7336 = DIRECTION('',(1.,0.,0.));
#7337 = PCURVE('',#2450,#7338);
#7338 = DEFINITIONAL_REPRESENTATION('',(#7339),#7343);
#7339 = LINE('',#7340,#7341);
#7340 = CARTESIAN_POINT('',(1.570796326795,0.));
#7341 = VECTOR('',#7342,1.);
#7342 = DIRECTION('',(0.,1.));
#7343 = ( GEOMETRIC_REPRESENTATION_CONTEXT(2) 
PARAMETRIC_REPRESENTATION_CONTEXT() REPRESENTATION_CONTEXT('2D SPACE',''
  ) );
#7344 = PCURVE('',#2648,#7345);
#7345 = DEFINITIONAL_REPRESENTATION('',(#7346),#7350);
#7346 = LINE('',#7347,#7348);
#7347 = CARTESIAN_POINT('',(-4.,-4.9));
#7348 = VECTOR('',#7349,1.);
#7349 = DIRECTION('',(1.,0.));
#7350 = ( GEOMETRIC_REPRESENTATION_CONTEXT(2) 
PARAMETRIC_REPRESENTATION_CONTEXT() REPRESENTATION_CONTEXT('2D SPACE',''
  ) );
#7351 = ORIENTED_EDGE('',*,*,#7352,.F.);
#7352 = EDGE_CURVE('',#7306,#7330,#7353,.T.);
#7353 = SURFACE_CURVE('',#7354,(#7359,#7366),.PCURVE_S1.);
#7354 = CIRCLE('',#7355,2.6);
#7355 = AXIS2_PLACEMENT_3D('',#7356,#7357,#7358);
#7356 = CARTESIAN_POINT('',(-38.665,41.33,5.1));
#7357 = DIRECTION('',(1.,0.,0.));
#7358 = DIRECTION('',(0.,-1.,-0.));
#7359 = PCURVE('',#2450,#7360);
#7360 = DEFINITIONAL_REPRESENTATION('',(#7361),#7365);
#7361 = LINE('',#7362,#7363);
#7362 = CARTESIAN_POINT('',(0.,4.7));
#7363 = VECTOR('',#7364,1.);
#7364 = DIRECTION('',(1.,0.));
#7365 = ( GEOMETRIC_REPRESENTATION_CONTEXT(2) 
PARAMETRIC_REPRESENTATION_CONTEXT() REPRESENTATION_CONTEXT('2D SPACE',''
  ) );
#7366 = PCURVE('',#3507,#7367);
#7367 = DEFINITIONAL_REPRESENTATION('',(#7368),#7372);
#7368 = CIRCLE('',#7369,2.6);
#7369 = AXIS2_PLACEMENT_2D('',#7370,#7371);
#7370 = CARTESIAN_POINT('',(38.9,-3.5));
#7371 = DIRECTION('',(1.,0.));
#7372 = ( GEOMETRIC_REPRESENTATION_CONTEXT(2) 
PARAMETRIC_REPRESENTATION_CONTEXT() REPRESENTATION_CONTEXT('2D SPACE',''
  ) );
#7373 = ADVANCED_FACE('',(#7374),#2477,.T.);
#7374 = FACE_BOUND('',#7375,.T.);
#7375 = EDGE_LOOP('',(#7376,#7377,#7378,#7401));
#7376 = ORIENTED_EDGE('',*,*,#7305,.F.);
#7377 = ORIENTED_EDGE('',*,*,#2462,.T.);
#7378 = ORIENTED_EDGE('',*,*,#7379,.T.);
#7379 = EDGE_CURVE('',#2463,#7380,#7382,.T.);
#7380 = VERTEX_POINT('',#7381);
#7381 = CARTESIAN_POINT('',(-38.665,38.73,7.4));
#7382 = SURFACE_CURVE('',#7383,(#7387,#7394),.PCURVE_S1.);
#7383 = LINE('',#7384,#7385);
#7384 = CARTESIAN_POINT('',(-43.365,38.73,7.4));
#7385 = VECTOR('',#7386,1.);
#7386 = DIRECTION('',(1.,0.,0.));
#7387 = PCURVE('',#2477,#7388);
#7388 = DEFINITIONAL_REPRESENTATION('',(#7389),#7393);
#7389 = LINE('',#7390,#7391);
#7390 = CARTESIAN_POINT('',(0.,-4.9));
#7391 = VECTOR('',#7392,1.);
#7392 = DIRECTION('',(1.,0.));
#7393 = ( GEOMETRIC_REPRESENTATION_CONTEXT(2) 
PARAMETRIC_REPRESENTATION_CONTEXT() REPRESENTATION_CONTEXT('2D SPACE',''
  ) );
#7394 = PCURVE('',#2505,#7395);
#7395 = DEFINITIONAL_REPRESENTATION('',(#7396),#7400);
#7396 = LINE('',#7397,#7398);
#7397 = CARTESIAN_POINT('',(-0.,0.));
#7398 = VECTOR('',#7399,1.);
#7399 = DIRECTION('',(-0.,1.));
#7400 = ( GEOMETRIC_REPRESENTATION_CONTEXT(2) 
PARAMETRIC_REPRESENTATION_CONTEXT() REPRESENTATION_CONTEXT('2D SPACE',''
  ) );
#7401 = ORIENTED_EDGE('',*,*,#7402,.F.);
#7402 = EDGE_CURVE('',#7306,#7380,#7403,.T.);
#7403 = SURFACE_CURVE('',#7404,(#7408,#7414),.PCURVE_S1.);
#7404 = LINE('',#7405,#7406);
#7405 = CARTESIAN_POINT('',(-38.665,38.73,2.05));
#7406 = VECTOR('',#7407,1.);
#7407 = DIRECTION('',(0.,-0.,1.));
#7408 = PCURVE('',#2477,#7409);
#7409 = DEFINITIONAL_REPRESENTATION('',(#7410),#7413);
#7410 = B_SPLINE_CURVE_WITH_KNOTS('',1,(#7411,#7412),.UNSPECIFIED.,.F.,
  .F.,(2,2),(3.05,5.35),.PIECEWISE_BEZIER_KNOTS.);
#7411 = CARTESIAN_POINT('',(4.7,-2.6));
#7412 = CARTESIAN_POINT('',(4.7,-4.9));
#7413 = ( GEOMETRIC_REPRESENTATION_CONTEXT(2) 
PARAMETRIC_REPRESENTATION_CONTEXT() REPRESENTATION_CONTEXT('2D SPACE',''
  ) );
#7414 = PCURVE('',#3507,#7415);
#7415 = DEFINITIONAL_REPRESENTATION('',(#7416),#7419);
#7416 = B_SPLINE_CURVE_WITH_KNOTS('',1,(#7417,#7418),.UNSPECIFIED.,.F.,
  .F.,(2,2),(3.05,5.35),.PIECEWISE_BEZIER_KNOTS.);
#7417 = CARTESIAN_POINT('',(41.5,-3.5));
#7418 = CARTESIAN_POINT('',(41.5,-5.8));
#7419 = ( GEOMETRIC_REPRESENTATION_CONTEXT(2) 
PARAMETRIC_REPRESENTATION_CONTEXT() REPRESENTATION_CONTEXT('2D SPACE',''
  ) );
#7420 = ADVANCED_FACE('',(#7421),#2648,.T.);
#7421 = FACE_BOUND('',#7422,.T.);
#7422 = EDGE_LOOP('',(#7423,#7424,#7445,#7466));
#7423 = ORIENTED_EDGE('',*,*,#7329,.T.);
#7424 = ORIENTED_EDGE('',*,*,#7425,.F.);
#7425 = EDGE_CURVE('',#7426,#7330,#7428,.T.);
#7426 = VERTEX_POINT('',#7427);
#7427 = CARTESIAN_POINT('',(-38.665,51.13,2.5));
#7428 = SURFACE_CURVE('',#7429,(#7433,#7439),.PCURVE_S1.);
#7429 = LINE('',#7430,#7431);
#7430 = CARTESIAN_POINT('',(-38.665,63.23,2.5));
#7431 = VECTOR('',#7432,1.);
#7432 = DIRECTION('',(0.,-1.,0.));
#7433 = PCURVE('',#2648,#7434);
#7434 = DEFINITIONAL_REPRESENTATION('',(#7435),#7438);
#7435 = B_SPLINE_CURVE_WITH_KNOTS('',1,(#7436,#7437),.UNSPECIFIED.,.F.,
  .F.,(2,2),(12.1,21.9),.PIECEWISE_BEZIER_KNOTS.);
#7436 = CARTESIAN_POINT('',(0.7,4.9));
#7437 = CARTESIAN_POINT('',(0.7,-4.9));
#7438 = ( GEOMETRIC_REPRESENTATION_CONTEXT(2) 
PARAMETRIC_REPRESENTATION_CONTEXT() REPRESENTATION_CONTEXT('2D SPACE',''
  ) );
#7439 = PCURVE('',#3507,#7440);
#7440 = DEFINITIONAL_REPRESENTATION('',(#7441),#7444);
#7441 = B_SPLINE_CURVE_WITH_KNOTS('',1,(#7442,#7443),.UNSPECIFIED.,.F.,
  .F.,(2,2),(12.1,21.9),.PIECEWISE_BEZIER_KNOTS.);
#7442 = CARTESIAN_POINT('',(29.1,-0.9));
#7443 = CARTESIAN_POINT('',(38.9,-0.9));
#7444 = ( GEOMETRIC_REPRESENTATION_CONTEXT(2) 
PARAMETRIC_REPRESENTATION_CONTEXT() REPRESENTATION_CONTEXT('2D SPACE',''
  ) );
#7445 = ORIENTED_EDGE('',*,*,#7446,.T.);
#7446 = EDGE_CURVE('',#7426,#2603,#7447,.T.);
#7447 = SURFACE_CURVE('',#7448,(#7452,#7459),.PCURVE_S1.);
#7448 = LINE('',#7449,#7450);
#7449 = CARTESIAN_POINT('',(-35.365,51.13,2.5));
#7450 = VECTOR('',#7451,1.);
#7451 = DIRECTION('',(-1.,0.,0.));
#7452 = PCURVE('',#2648,#7453);
#7453 = DEFINITIONAL_REPRESENTATION('',(#7454),#7458);
#7454 = LINE('',#7455,#7456);
#7455 = CARTESIAN_POINT('',(4.,4.9));
#7456 = VECTOR('',#7457,1.);
#7457 = DIRECTION('',(-1.,0.));
#7458 = ( GEOMETRIC_REPRESENTATION_CONTEXT(2) 
PARAMETRIC_REPRESENTATION_CONTEXT() REPRESENTATION_CONTEXT('2D SPACE',''
  ) );
#7459 = PCURVE('',#2623,#7460);
#7460 = DEFINITIONAL_REPRESENTATION('',(#7461),#7465);
#7461 = LINE('',#7462,#7463);
#7462 = CARTESIAN_POINT('',(1.570796326795,0.));
#7463 = VECTOR('',#7464,1.);
#7464 = DIRECTION('',(0.,1.));
#7465 = ( GEOMETRIC_REPRESENTATION_CONTEXT(2) 
PARAMETRIC_REPRESENTATION_CONTEXT() REPRESENTATION_CONTEXT('2D SPACE',''
  ) );
#7466 = ORIENTED_EDGE('',*,*,#2635,.T.);
#7467 = ADVANCED_FACE('',(#7468),#2505,.F.);
#7468 = FACE_BOUND('',#7469,.T.);
#7469 = EDGE_LOOP('',(#7470,#7471,#7472,#7495));
#7470 = ORIENTED_EDGE('',*,*,#7379,.F.);
#7471 = ORIENTED_EDGE('',*,*,#2488,.F.);
#7472 = ORIENTED_EDGE('',*,*,#7473,.T.);
#7473 = EDGE_CURVE('',#2489,#7474,#7476,.T.);
#7474 = VERTEX_POINT('',#7475);
#7475 = CARTESIAN_POINT('',(-38.665,41.33,10.));
#7476 = SURFACE_CURVE('',#7477,(#7481,#7488),.PCURVE_S1.);
#7477 = LINE('',#7478,#7479);
#7478 = CARTESIAN_POINT('',(-43.365,41.33,10.));
#7479 = VECTOR('',#7480,1.);
#7480 = DIRECTION('',(1.,0.,0.));
#7481 = PCURVE('',#2505,#7482);
#7482 = DEFINITIONAL_REPRESENTATION('',(#7483),#7487);
#7483 = LINE('',#7484,#7485);
#7484 = CARTESIAN_POINT('',(-1.570796326795,0.));
#7485 = VECTOR('',#7486,1.);
#7486 = DIRECTION('',(-0.,1.));
#7487 = ( GEOMETRIC_REPRESENTATION_CONTEXT(2) 
PARAMETRIC_REPRESENTATION_CONTEXT() REPRESENTATION_CONTEXT('2D SPACE',''
  ) );
#7488 = PCURVE('',#2532,#7489);
#7489 = DEFINITIONAL_REPRESENTATION('',(#7490),#7494);
#7490 = LINE('',#7491,#7492);
#7491 = CARTESIAN_POINT('',(-4.,-4.9));
#7492 = VECTOR('',#7493,1.);
#7493 = DIRECTION('',(1.,0.));
#7494 = ( GEOMETRIC_REPRESENTATION_CONTEXT(2) 
PARAMETRIC_REPRESENTATION_CONTEXT() REPRESENTATION_CONTEXT('2D SPACE',''
  ) );
#7495 = ORIENTED_EDGE('',*,*,#7496,.T.);
#7496 = EDGE_CURVE('',#7474,#7380,#7497,.T.);
#7497 = SURFACE_CURVE('',#7498,(#7503,#7510),.PCURVE_S1.);
#7498 = CIRCLE('',#7499,2.6);
#7499 = AXIS2_PLACEMENT_3D('',#7500,#7501,#7502);
#7500 = CARTESIAN_POINT('',(-38.665,41.33,7.4));
#7501 = DIRECTION('',(1.,0.,0.));
#7502 = DIRECTION('',(0.,-1.,-0.));
#7503 = PCURVE('',#2505,#7504);
#7504 = DEFINITIONAL_REPRESENTATION('',(#7505),#7509);
#7505 = LINE('',#7506,#7507);
#7506 = CARTESIAN_POINT('',(-6.28318530718,4.7));
#7507 = VECTOR('',#7508,1.);
#7508 = DIRECTION('',(1.,-0.));
#7509 = ( GEOMETRIC_REPRESENTATION_CONTEXT(2) 
PARAMETRIC_REPRESENTATION_CONTEXT() REPRESENTATION_CONTEXT('2D SPACE',''
  ) );
#7510 = PCURVE('',#3507,#7511);
#7511 = DEFINITIONAL_REPRESENTATION('',(#7512),#7516);
#7512 = CIRCLE('',#7513,2.6);
#7513 = AXIS2_PLACEMENT_2D('',#7514,#7515);
#7514 = CARTESIAN_POINT('',(38.9,-5.8));
#7515 = DIRECTION('',(1.,0.));
#7516 = ( GEOMETRIC_REPRESENTATION_CONTEXT(2) 
PARAMETRIC_REPRESENTATION_CONTEXT() REPRESENTATION_CONTEXT('2D SPACE',''
  ) );
#7517 = ADVANCED_FACE('',(#7518),#2623,.F.);
#7518 = FACE_BOUND('',#7519,.F.);
#7519 = EDGE_LOOP('',(#7520,#7543,#7569,#7570));
#7520 = ORIENTED_EDGE('',*,*,#7521,.F.);
#7521 = EDGE_CURVE('',#7522,#2577,#7524,.T.);
#7522 = VERTEX_POINT('',#7523);
#7523 = CARTESIAN_POINT('',(-38.665,53.73,5.1));
#7524 = SURFACE_CURVE('',#7525,(#7529,#7536),.PCURVE_S1.);
#7525 = LINE('',#7526,#7527);
#7526 = CARTESIAN_POINT('',(-35.365,53.73,5.1));
#7527 = VECTOR('',#7528,1.);
#7528 = DIRECTION('',(-1.,0.,0.));
#7529 = PCURVE('',#2623,#7530);
#7530 = DEFINITIONAL_REPRESENTATION('',(#7531),#7535);
#7531 = LINE('',#7532,#7533);
#7532 = CARTESIAN_POINT('',(0.,0.));
#7533 = VECTOR('',#7534,1.);
#7534 = DIRECTION('',(0.,1.));
#7535 = ( GEOMETRIC_REPRESENTATION_CONTEXT(2) 
PARAMETRIC_REPRESENTATION_CONTEXT() REPRESENTATION_CONTEXT('2D SPACE',''
  ) );
#7536 = PCURVE('',#2591,#7537);
#7537 = DEFINITIONAL_REPRESENTATION('',(#7538),#7542);
#7538 = LINE('',#7539,#7540);
#7539 = CARTESIAN_POINT('',(0.,-2.6));
#7540 = VECTOR('',#7541,1.);
#7541 = DIRECTION('',(1.,0.));
#7542 = ( GEOMETRIC_REPRESENTATION_CONTEXT(2) 
PARAMETRIC_REPRESENTATION_CONTEXT() REPRESENTATION_CONTEXT('2D SPACE',''
  ) );
#7543 = ORIENTED_EDGE('',*,*,#7544,.T.);
#7544 = EDGE_CURVE('',#7522,#7426,#7545,.T.);
#7545 = SURFACE_CURVE('',#7546,(#7551,#7558),.PCURVE_S1.);
#7546 = CIRCLE('',#7547,2.6);
#7547 = AXIS2_PLACEMENT_3D('',#7548,#7549,#7550);
#7548 = CARTESIAN_POINT('',(-38.665,51.13,5.1));
#7549 = DIRECTION('',(-1.,0.,0.));
#7550 = DIRECTION('',(0.,1.,-0.));
#7551 = PCURVE('',#2623,#7552);
#7552 = DEFINITIONAL_REPRESENTATION('',(#7553),#7557);
#7553 = LINE('',#7554,#7555);
#7554 = CARTESIAN_POINT('',(0.,3.3));
#7555 = VECTOR('',#7556,1.);
#7556 = DIRECTION('',(1.,0.));
#7557 = ( GEOMETRIC_REPRESENTATION_CONTEXT(2) 
PARAMETRIC_REPRESENTATION_CONTEXT() REPRESENTATION_CONTEXT('2D SPACE',''
  ) );
#7558 = PCURVE('',#3507,#7559);
#7559 = DEFINITIONAL_REPRESENTATION('',(#7560),#7568);
#7560 = ( BOUNDED_CURVE() B_SPLINE_CURVE(2,(#7561,#7562,#7563,#7564,
#7565,#7566,#7567),.UNSPECIFIED.,.T.,.F.) B_SPLINE_CURVE_WITH_KNOTS((1,2
    ,2,2,2,1),(-2.094395102393,0.,2.094395102393,4.188790204786,
6.28318530718,8.377580409573),.UNSPECIFIED.) CURVE() 
GEOMETRIC_REPRESENTATION_ITEM() RATIONAL_B_SPLINE_CURVE((1.,0.5,1.,0.5,
1.,0.5,1.)) REPRESENTATION_ITEM('') );
#7561 = CARTESIAN_POINT('',(26.5,-3.5));
#7562 = CARTESIAN_POINT('',(26.5,1.003332099679));
#7563 = CARTESIAN_POINT('',(30.4,-1.24833395016));
#7564 = CARTESIAN_POINT('',(34.3,-3.5));
#7565 = CARTESIAN_POINT('',(30.4,-5.75166604984));
#7566 = CARTESIAN_POINT('',(26.5,-8.003332099679));
#7567 = CARTESIAN_POINT('',(26.5,-3.5));
#7568 = ( GEOMETRIC_REPRESENTATION_CONTEXT(2) 
PARAMETRIC_REPRESENTATION_CONTEXT() REPRESENTATION_CONTEXT('2D SPACE',''
  ) );
#7569 = ORIENTED_EDGE('',*,*,#7446,.T.);
#7570 = ORIENTED_EDGE('',*,*,#2602,.F.);
#7571 = ADVANCED_FACE('',(#7572),#2532,.F.);
#7572 = FACE_BOUND('',#7573,.F.);
#7573 = EDGE_LOOP('',(#7574,#7575,#7596,#7617));
#7574 = ORIENTED_EDGE('',*,*,#7473,.T.);
#7575 = ORIENTED_EDGE('',*,*,#7576,.F.);
#7576 = EDGE_CURVE('',#7577,#7474,#7579,.T.);
#7577 = VERTEX_POINT('',#7578);
#7578 = CARTESIAN_POINT('',(-38.665,51.13,10.));
#7579 = SURFACE_CURVE('',#7580,(#7584,#7590),.PCURVE_S1.);
#7580 = LINE('',#7581,#7582);
#7581 = CARTESIAN_POINT('',(-38.665,63.23,10.));
#7582 = VECTOR('',#7583,1.);
#7583 = DIRECTION('',(0.,-1.,0.));
#7584 = PCURVE('',#2532,#7585);
#7585 = DEFINITIONAL_REPRESENTATION('',(#7586),#7589);
#7586 = B_SPLINE_CURVE_WITH_KNOTS('',1,(#7587,#7588),.UNSPECIFIED.,.F.,
  .F.,(2,2),(12.1,21.9),.PIECEWISE_BEZIER_KNOTS.);
#7587 = CARTESIAN_POINT('',(0.7,4.9));
#7588 = CARTESIAN_POINT('',(0.7,-4.9));
#7589 = ( GEOMETRIC_REPRESENTATION_CONTEXT(2) 
PARAMETRIC_REPRESENTATION_CONTEXT() REPRESENTATION_CONTEXT('2D SPACE',''
  ) );
#7590 = PCURVE('',#3507,#7591);
#7591 = DEFINITIONAL_REPRESENTATION('',(#7592),#7595);
#7592 = B_SPLINE_CURVE_WITH_KNOTS('',1,(#7593,#7594),.UNSPECIFIED.,.F.,
  .F.,(2,2),(12.1,21.9),.PIECEWISE_BEZIER_KNOTS.);
#7593 = CARTESIAN_POINT('',(29.1,-8.4));
#7594 = CARTESIAN_POINT('',(38.9,-8.4));
#7595 = ( GEOMETRIC_REPRESENTATION_CONTEXT(2) 
PARAMETRIC_REPRESENTATION_CONTEXT() REPRESENTATION_CONTEXT('2D SPACE',''
  ) );
#7596 = ORIENTED_EDGE('',*,*,#7597,.T.);
#7597 = EDGE_CURVE('',#7577,#2518,#7598,.T.);
#7598 = SURFACE_CURVE('',#7599,(#7603,#7610),.PCURVE_S1.);
#7599 = LINE('',#7600,#7601);
#7600 = CARTESIAN_POINT('',(-35.365,51.13,10.));
#7601 = VECTOR('',#7602,1.);
#7602 = DIRECTION('',(-1.,0.,0.));
#7603 = PCURVE('',#2532,#7604);
#7604 = DEFINITIONAL_REPRESENTATION('',(#7605),#7609);
#7605 = LINE('',#7606,#7607);
#7606 = CARTESIAN_POINT('',(4.,4.9));
#7607 = VECTOR('',#7608,1.);
#7608 = DIRECTION('',(-1.,0.));
#7609 = ( GEOMETRIC_REPRESENTATION_CONTEXT(2) 
PARAMETRIC_REPRESENTATION_CONTEXT() REPRESENTATION_CONTEXT('2D SPACE',''
  ) );
#7610 = PCURVE('',#2564,#7611);
#7611 = DEFINITIONAL_REPRESENTATION('',(#7612),#7616);
#7612 = LINE('',#7613,#7614);
#7613 = CARTESIAN_POINT('',(-1.570796326795,0.));
#7614 = VECTOR('',#7615,1.);
#7615 = DIRECTION('',(-0.,1.));
#7616 = ( GEOMETRIC_REPRESENTATION_CONTEXT(2) 
PARAMETRIC_REPRESENTATION_CONTEXT() REPRESENTATION_CONTEXT('2D SPACE',''
  ) );
#7617 = ORIENTED_EDGE('',*,*,#2517,.T.);
#7618 = ADVANCED_FACE('',(#7619),#2591,.T.);
#7619 = FACE_BOUND('',#7620,.T.);
#7620 = EDGE_LOOP('',(#7621,#7622,#7643,#7664));
#7621 = ORIENTED_EDGE('',*,*,#7521,.F.);
#7622 = ORIENTED_EDGE('',*,*,#7623,.F.);
#7623 = EDGE_CURVE('',#7624,#7522,#7626,.T.);
#7624 = VERTEX_POINT('',#7625);
#7625 = CARTESIAN_POINT('',(-38.665,53.73,7.4));
#7626 = SURFACE_CURVE('',#7627,(#7631,#7637),.PCURVE_S1.);
#7627 = LINE('',#7628,#7629);
#7628 = CARTESIAN_POINT('',(-38.665,53.73,2.05));
#7629 = VECTOR('',#7630,1.);
#7630 = DIRECTION('',(0.,-0.,-1.));
#7631 = PCURVE('',#2591,#7632);
#7632 = DEFINITIONAL_REPRESENTATION('',(#7633),#7636);
#7633 = B_SPLINE_CURVE_WITH_KNOTS('',1,(#7634,#7635),.UNSPECIFIED.,.F.,
  .F.,(2,2),(-5.35,-3.05),.PIECEWISE_BEZIER_KNOTS.);
#7634 = CARTESIAN_POINT('',(3.3,-4.9));
#7635 = CARTESIAN_POINT('',(3.3,-2.6));
#7636 = ( GEOMETRIC_REPRESENTATION_CONTEXT(2) 
PARAMETRIC_REPRESENTATION_CONTEXT() REPRESENTATION_CONTEXT('2D SPACE',''
  ) );
#7637 = PCURVE('',#3507,#7638);
#7638 = DEFINITIONAL_REPRESENTATION('',(#7639),#7642);
#7639 = B_SPLINE_CURVE_WITH_KNOTS('',1,(#7640,#7641),.UNSPECIFIED.,.F.,
  .F.,(2,2),(-5.35,-3.05),.PIECEWISE_BEZIER_KNOTS.);
#7640 = CARTESIAN_POINT('',(26.5,-5.8));
#7641 = CARTESIAN_POINT('',(26.5,-3.5));
#7642 = ( GEOMETRIC_REPRESENTATION_CONTEXT(2) 
PARAMETRIC_REPRESENTATION_CONTEXT() REPRESENTATION_CONTEXT('2D SPACE',''
  ) );
#7643 = ORIENTED_EDGE('',*,*,#7644,.T.);
#7644 = EDGE_CURVE('',#7624,#2544,#7645,.T.);
#7645 = SURFACE_CURVE('',#7646,(#7650,#7657),.PCURVE_S1.);
#7646 = LINE('',#7647,#7648);
#7647 = CARTESIAN_POINT('',(-35.365,53.73,7.4));
#7648 = VECTOR('',#7649,1.);
#7649 = DIRECTION('',(-1.,0.,0.));
#7650 = PCURVE('',#2591,#7651);
#7651 = DEFINITIONAL_REPRESENTATION('',(#7652),#7656);
#7652 = LINE('',#7653,#7654);
#7653 = CARTESIAN_POINT('',(0.,-4.9));
#7654 = VECTOR('',#7655,1.);
#7655 = DIRECTION('',(1.,0.));
#7656 = ( GEOMETRIC_REPRESENTATION_CONTEXT(2) 
PARAMETRIC_REPRESENTATION_CONTEXT() REPRESENTATION_CONTEXT('2D SPACE',''
  ) );
#7657 = PCURVE('',#2564,#7658);
#7658 = DEFINITIONAL_REPRESENTATION('',(#7659),#7663);
#7659 = LINE('',#7660,#7661);
#7660 = CARTESIAN_POINT('',(-0.,0.));
#7661 = VECTOR('',#7662,1.);
#7662 = DIRECTION('',(-0.,1.));
#7663 = ( GEOMETRIC_REPRESENTATION_CONTEXT(2) 
PARAMETRIC_REPRESENTATION_CONTEXT() REPRESENTATION_CONTEXT('2D SPACE',''
  ) );
#7664 = ORIENTED_EDGE('',*,*,#2576,.T.);
#7665 = ADVANCED_FACE('',(#7666),#2564,.F.);
#7666 = FACE_BOUND('',#7667,.T.);
#7667 = EDGE_LOOP('',(#7668,#7669,#7695,#7696));
#7668 = ORIENTED_EDGE('',*,*,#7644,.F.);
#7669 = ORIENTED_EDGE('',*,*,#7670,.F.);
#7670 = EDGE_CURVE('',#7577,#7624,#7671,.T.);
#7671 = SURFACE_CURVE('',#7672,(#7677,#7684),.PCURVE_S1.);
#7672 = CIRCLE('',#7673,2.6);
#7673 = AXIS2_PLACEMENT_3D('',#7674,#7675,#7676);
#7674 = CARTESIAN_POINT('',(-38.665,51.13,7.4));
#7675 = DIRECTION('',(-1.,0.,0.));
#7676 = DIRECTION('',(0.,1.,-0.));
#7677 = PCURVE('',#2564,#7678);
#7678 = DEFINITIONAL_REPRESENTATION('',(#7679),#7683);
#7679 = LINE('',#7680,#7681);
#7680 = CARTESIAN_POINT('',(-6.28318530718,3.3));
#7681 = VECTOR('',#7682,1.);
#7682 = DIRECTION('',(1.,-0.));
#7683 = ( GEOMETRIC_REPRESENTATION_CONTEXT(2) 
PARAMETRIC_REPRESENTATION_CONTEXT() REPRESENTATION_CONTEXT('2D SPACE',''
  ) );
#7684 = PCURVE('',#3507,#7685);
#7685 = DEFINITIONAL_REPRESENTATION('',(#7686),#7694);
#7686 = ( BOUNDED_CURVE() B_SPLINE_CURVE(2,(#7687,#7688,#7689,#7690,
#7691,#7692,#7693),.UNSPECIFIED.,.T.,.F.) B_SPLINE_CURVE_WITH_KNOTS((1,2
    ,2,2,2,1),(-2.094395102393,0.,2.094395102393,4.188790204786,
6.28318530718,8.377580409573),.UNSPECIFIED.) CURVE() 
GEOMETRIC_REPRESENTATION_ITEM() RATIONAL_B_SPLINE_CURVE((1.,0.5,1.,0.5,
1.,0.5,1.)) REPRESENTATION_ITEM('') );
#7687 = CARTESIAN_POINT('',(26.5,-5.8));
#7688 = CARTESIAN_POINT('',(26.5,-1.296667900321));
#7689 = CARTESIAN_POINT('',(30.4,-3.54833395016));
#7690 = CARTESIAN_POINT('',(34.3,-5.8));
#7691 = CARTESIAN_POINT('',(30.4,-8.05166604984));
#7692 = CARTESIAN_POINT('',(26.5,-10.30333209967));
#7693 = CARTESIAN_POINT('',(26.5,-5.8));
#7694 = ( GEOMETRIC_REPRESENTATION_CONTEXT(2) 
PARAMETRIC_REPRESENTATION_CONTEXT() REPRESENTATION_CONTEXT('2D SPACE',''
  ) );
#7695 = ORIENTED_EDGE('',*,*,#7597,.T.);
#7696 = ORIENTED_EDGE('',*,*,#2543,.T.);
#7697 = ADVANCED_FACE('',(#7698),#2680,.F.);
#7698 = FACE_BOUND('',#7699,.F.);
#7699 = EDGE_LOOP('',(#7700,#7723,#7724,#7747));
#7700 = ORIENTED_EDGE('',*,*,#7701,.F.);
#7701 = EDGE_CURVE('',#2662,#7702,#7704,.T.);
#7702 = VERTEX_POINT('',#7703);
#7703 = CARTESIAN_POINT('',(-38.665,7.23,5.1));
#7704 = SURFACE_CURVE('',#7705,(#7709,#7716),.PCURVE_S1.);
#7705 = LINE('',#7706,#7707);
#7706 = CARTESIAN_POINT('',(-43.365,7.23,5.1));
#7707 = VECTOR('',#7708,1.);
#7708 = DIRECTION('',(1.,0.,0.));
#7709 = PCURVE('',#2680,#7710);
#7710 = DEFINITIONAL_REPRESENTATION('',(#7711),#7715);
#7711 = LINE('',#7712,#7713);
#7712 = CARTESIAN_POINT('',(0.,0.));
#7713 = VECTOR('',#7714,1.);
#7714 = DIRECTION('',(0.,1.));
#7715 = ( GEOMETRIC_REPRESENTATION_CONTEXT(2) 
PARAMETRIC_REPRESENTATION_CONTEXT() REPRESENTATION_CONTEXT('2D SPACE',''
  ) );
#7716 = PCURVE('',#2707,#7717);
#7717 = DEFINITIONAL_REPRESENTATION('',(#7718),#7722);
#7718 = LINE('',#7719,#7720);
#7719 = CARTESIAN_POINT('',(0.,-2.6));
#7720 = VECTOR('',#7721,1.);
#7721 = DIRECTION('',(1.,0.));
#7722 = ( GEOMETRIC_REPRESENTATION_CONTEXT(2) 
PARAMETRIC_REPRESENTATION_CONTEXT() REPRESENTATION_CONTEXT('2D SPACE',''
  ) );
#7723 = ORIENTED_EDGE('',*,*,#2661,.T.);
#7724 = ORIENTED_EDGE('',*,*,#7725,.T.);
#7725 = EDGE_CURVE('',#2664,#7726,#7728,.T.);
#7726 = VERTEX_POINT('',#7727);
#7727 = CARTESIAN_POINT('',(-38.665,9.83,2.5));
#7728 = SURFACE_CURVE('',#7729,(#7733,#7740),.PCURVE_S1.);
#7729 = LINE('',#7730,#7731);
#7730 = CARTESIAN_POINT('',(-43.365,9.83,2.5));
#7731 = VECTOR('',#7732,1.);
#7732 = DIRECTION('',(1.,0.,0.));
#7733 = PCURVE('',#2680,#7734);
#7734 = DEFINITIONAL_REPRESENTATION('',(#7735),#7739);
#7735 = LINE('',#7736,#7737);
#7736 = CARTESIAN_POINT('',(1.570796326795,0.));
#7737 = VECTOR('',#7738,1.);
#7738 = DIRECTION('',(0.,1.));
#7739 = ( GEOMETRIC_REPRESENTATION_CONTEXT(2) 
PARAMETRIC_REPRESENTATION_CONTEXT() REPRESENTATION_CONTEXT('2D SPACE',''
  ) );
#7740 = PCURVE('',#2878,#7741);
#7741 = DEFINITIONAL_REPRESENTATION('',(#7742),#7746);
#7742 = LINE('',#7743,#7744);
#7743 = CARTESIAN_POINT('',(-4.,-11.65));
#7744 = VECTOR('',#7745,1.);
#7745 = DIRECTION('',(1.,0.));
#7746 = ( GEOMETRIC_REPRESENTATION_CONTEXT(2) 
PARAMETRIC_REPRESENTATION_CONTEXT() REPRESENTATION_CONTEXT('2D SPACE',''
  ) );
#7747 = ORIENTED_EDGE('',*,*,#7748,.F.);
#7748 = EDGE_CURVE('',#7702,#7726,#7749,.T.);
#7749 = SURFACE_CURVE('',#7750,(#7755,#7762),.PCURVE_S1.);
#7750 = CIRCLE('',#7751,2.6);
#7751 = AXIS2_PLACEMENT_3D('',#7752,#7753,#7754);
#7752 = CARTESIAN_POINT('',(-38.665,9.83,5.1));
#7753 = DIRECTION('',(1.,0.,0.));
#7754 = DIRECTION('',(0.,-1.,-0.));
#7755 = PCURVE('',#2680,#7756);
#7756 = DEFINITIONAL_REPRESENTATION('',(#7757),#7761);
#7757 = LINE('',#7758,#7759);
#7758 = CARTESIAN_POINT('',(0.,4.7));
#7759 = VECTOR('',#7760,1.);
#7760 = DIRECTION('',(1.,0.));
#7761 = ( GEOMETRIC_REPRESENTATION_CONTEXT(2) 
PARAMETRIC_REPRESENTATION_CONTEXT() REPRESENTATION_CONTEXT('2D SPACE',''
  ) );
#7762 = PCURVE('',#3507,#7763);
#7763 = DEFINITIONAL_REPRESENTATION('',(#7764),#7768);
#7764 = CIRCLE('',#7765,2.6);
#7765 = AXIS2_PLACEMENT_2D('',#7766,#7767);
#7766 = CARTESIAN_POINT('',(70.4,-3.5));
#7767 = DIRECTION('',(1.,0.));
#7768 = ( GEOMETRIC_REPRESENTATION_CONTEXT(2) 
PARAMETRIC_REPRESENTATION_CONTEXT() REPRESENTATION_CONTEXT('2D SPACE',''
  ) );
#7769 = ADVANCED_FACE('',(#7770),#2878,.T.);
#7770 = FACE_BOUND('',#7771,.T.);
#7771 = EDGE_LOOP('',(#7772,#7773,#7794,#7815));
#7772 = ORIENTED_EDGE('',*,*,#7725,.T.);
#7773 = ORIENTED_EDGE('',*,*,#7774,.F.);
#7774 = EDGE_CURVE('',#7775,#7726,#7777,.T.);
#7775 = VERTEX_POINT('',#7776);
#7776 = CARTESIAN_POINT('',(-38.665,33.13,2.5));
#7777 = SURFACE_CURVE('',#7778,(#7782,#7788),.PCURVE_S1.);
#7778 = LINE('',#7779,#7780);
#7779 = CARTESIAN_POINT('',(-38.665,50.855,2.5));
#7780 = VECTOR('',#7781,1.);
#7781 = DIRECTION('',(0.,-1.,0.));
#7782 = PCURVE('',#2878,#7783);
#7783 = DEFINITIONAL_REPRESENTATION('',(#7784),#7787);
#7784 = B_SPLINE_CURVE_WITH_KNOTS('',1,(#7785,#7786),.UNSPECIFIED.,.F.,
  .F.,(2,2),(17.725,41.025),.PIECEWISE_BEZIER_KNOTS.);
#7785 = CARTESIAN_POINT('',(0.7,11.65));
#7786 = CARTESIAN_POINT('',(0.7,-11.65));
#7787 = ( GEOMETRIC_REPRESENTATION_CONTEXT(2) 
PARAMETRIC_REPRESENTATION_CONTEXT() REPRESENTATION_CONTEXT('2D SPACE',''
  ) );
#7788 = PCURVE('',#3507,#7789);
#7789 = DEFINITIONAL_REPRESENTATION('',(#7790),#7793);
#7790 = B_SPLINE_CURVE_WITH_KNOTS('',1,(#7791,#7792),.UNSPECIFIED.,.F.,
  .F.,(2,2),(17.725,41.025),.PIECEWISE_BEZIER_KNOTS.);
#7791 = CARTESIAN_POINT('',(47.1,-0.9));
#7792 = CARTESIAN_POINT('',(70.4,-0.9));
#7793 = ( GEOMETRIC_REPRESENTATION_CONTEXT(2) 
PARAMETRIC_REPRESENTATION_CONTEXT() REPRESENTATION_CONTEXT('2D SPACE',''
  ) );
#7794 = ORIENTED_EDGE('',*,*,#7795,.T.);
#7795 = EDGE_CURVE('',#7775,#2833,#7796,.T.);
#7796 = SURFACE_CURVE('',#7797,(#7801,#7808),.PCURVE_S1.);
#7797 = LINE('',#7798,#7799);
#7798 = CARTESIAN_POINT('',(-35.365,33.13,2.5));
#7799 = VECTOR('',#7800,1.);
#7800 = DIRECTION('',(-1.,0.,0.));
#7801 = PCURVE('',#2878,#7802);
#7802 = DEFINITIONAL_REPRESENTATION('',(#7803),#7807);
#7803 = LINE('',#7804,#7805);
#7804 = CARTESIAN_POINT('',(4.,11.65));
#7805 = VECTOR('',#7806,1.);
#7806 = DIRECTION('',(-1.,0.));
#7807 = ( GEOMETRIC_REPRESENTATION_CONTEXT(2) 
PARAMETRIC_REPRESENTATION_CONTEXT() REPRESENTATION_CONTEXT('2D SPACE',''
  ) );
#7808 = PCURVE('',#2853,#7809);
#7809 = DEFINITIONAL_REPRESENTATION('',(#7810),#7814);
#7810 = LINE('',#7811,#7812);
#7811 = CARTESIAN_POINT('',(1.570796326795,0.));
#7812 = VECTOR('',#7813,1.);
#7813 = DIRECTION('',(0.,1.));
#7814 = ( GEOMETRIC_REPRESENTATION_CONTEXT(2) 
PARAMETRIC_REPRESENTATION_CONTEXT() REPRESENTATION_CONTEXT('2D SPACE',''
  ) );
#7815 = ORIENTED_EDGE('',*,*,#2865,.T.);
#7816 = ADVANCED_FACE('',(#7817),#2853,.F.);
#7817 = FACE_BOUND('',#7818,.F.);
#7818 = EDGE_LOOP('',(#7819,#7842,#7868,#7869));
#7819 = ORIENTED_EDGE('',*,*,#7820,.F.);
#7820 = EDGE_CURVE('',#7821,#2807,#7823,.T.);
#7821 = VERTEX_POINT('',#7822);
#7822 = CARTESIAN_POINT('',(-38.665,35.73,5.1));
#7823 = SURFACE_CURVE('',#7824,(#7828,#7835),.PCURVE_S1.);
#7824 = LINE('',#7825,#7826);
#7825 = CARTESIAN_POINT('',(-35.365,35.73,5.1));
#7826 = VECTOR('',#7827,1.);
#7827 = DIRECTION('',(-1.,0.,0.));
#7828 = PCURVE('',#2853,#7829);
#7829 = DEFINITIONAL_REPRESENTATION('',(#7830),#7834);
#7830 = LINE('',#7831,#7832);
#7831 = CARTESIAN_POINT('',(0.,0.));
#7832 = VECTOR('',#7833,1.);
#7833 = DIRECTION('',(0.,1.));
#7834 = ( GEOMETRIC_REPRESENTATION_CONTEXT(2) 
PARAMETRIC_REPRESENTATION_CONTEXT() REPRESENTATION_CONTEXT('2D SPACE',''
  ) );
#7835 = PCURVE('',#2821,#7836);
#7836 = DEFINITIONAL_REPRESENTATION('',(#7837),#7841);
#7837 = LINE('',#7838,#7839);
#7838 = CARTESIAN_POINT('',(0.,-2.6));
#7839 = VECTOR('',#7840,1.);
#7840 = DIRECTION('',(1.,0.));
#7841 = ( GEOMETRIC_REPRESENTATION_CONTEXT(2) 
PARAMETRIC_REPRESENTATION_CONTEXT() REPRESENTATION_CONTEXT('2D SPACE',''
  ) );
#7842 = ORIENTED_EDGE('',*,*,#7843,.T.);
#7843 = EDGE_CURVE('',#7821,#7775,#7844,.T.);
#7844 = SURFACE_CURVE('',#7845,(#7850,#7857),.PCURVE_S1.);
#7845 = CIRCLE('',#7846,2.6);
#7846 = AXIS2_PLACEMENT_3D('',#7847,#7848,#7849);
#7847 = CARTESIAN_POINT('',(-38.665,33.13,5.1));
#7848 = DIRECTION('',(-1.,0.,0.));
#7849 = DIRECTION('',(0.,1.,-0.));
#7850 = PCURVE('',#2853,#7851);
#7851 = DEFINITIONAL_REPRESENTATION('',(#7852),#7856);
#7852 = LINE('',#7853,#7854);
#7853 = CARTESIAN_POINT('',(0.,3.3));
#7854 = VECTOR('',#7855,1.);
#7855 = DIRECTION('',(1.,0.));
#7856 = ( GEOMETRIC_REPRESENTATION_CONTEXT(2) 
PARAMETRIC_REPRESENTATION_CONTEXT() REPRESENTATION_CONTEXT('2D SPACE',''
  ) );
#7857 = PCURVE('',#3507,#7858);
#7858 = DEFINITIONAL_REPRESENTATION('',(#7859),#7867);
#7859 = ( BOUNDED_CURVE() B_SPLINE_CURVE(2,(#7860,#7861,#7862,#7863,
#7864,#7865,#7866),.UNSPECIFIED.,.T.,.F.) B_SPLINE_CURVE_WITH_KNOTS((1,2
    ,2,2,2,1),(-2.094395102393,0.,2.094395102393,4.188790204786,
6.28318530718,8.377580409573),.UNSPECIFIED.) CURVE() 
GEOMETRIC_REPRESENTATION_ITEM() RATIONAL_B_SPLINE_CURVE((1.,0.5,1.,0.5,
1.,0.5,1.)) REPRESENTATION_ITEM('') );
#7860 = CARTESIAN_POINT('',(44.5,-3.5));
#7861 = CARTESIAN_POINT('',(44.5,1.003332099679));
#7862 = CARTESIAN_POINT('',(48.4,-1.24833395016));
#7863 = CARTESIAN_POINT('',(52.3,-3.5));
#7864 = CARTESIAN_POINT('',(48.4,-5.75166604984));
#7865 = CARTESIAN_POINT('',(44.5,-8.003332099679));
#7866 = CARTESIAN_POINT('',(44.5,-3.5));
#7867 = ( GEOMETRIC_REPRESENTATION_CONTEXT(2) 
PARAMETRIC_REPRESENTATION_CONTEXT() REPRESENTATION_CONTEXT('2D SPACE',''
  ) );
#7868 = ORIENTED_EDGE('',*,*,#7795,.T.);
#7869 = ORIENTED_EDGE('',*,*,#2832,.F.);
#7870 = ADVANCED_FACE('',(#7871),#2821,.T.);
#7871 = FACE_BOUND('',#7872,.T.);
#7872 = EDGE_LOOP('',(#7873,#7874,#7895,#7916));
#7873 = ORIENTED_EDGE('',*,*,#7820,.F.);
#7874 = ORIENTED_EDGE('',*,*,#7875,.F.);
#7875 = EDGE_CURVE('',#7876,#7821,#7878,.T.);
#7876 = VERTEX_POINT('',#7877);
#7877 = CARTESIAN_POINT('',(-38.665,35.73,7.4));
#7878 = SURFACE_CURVE('',#7879,(#7883,#7889),.PCURVE_S1.);
#7879 = LINE('',#7880,#7881);
#7880 = CARTESIAN_POINT('',(-38.665,35.73,2.05));
#7881 = VECTOR('',#7882,1.);
#7882 = DIRECTION('',(0.,-0.,-1.));
#7883 = PCURVE('',#2821,#7884);
#7884 = DEFINITIONAL_REPRESENTATION('',(#7885),#7888);
#7885 = B_SPLINE_CURVE_WITH_KNOTS('',1,(#7886,#7887),.UNSPECIFIED.,.F.,
  .F.,(2,2),(-5.35,-3.05),.PIECEWISE_BEZIER_KNOTS.);
#7886 = CARTESIAN_POINT('',(3.3,-4.9));
#7887 = CARTESIAN_POINT('',(3.3,-2.6));
#7888 = ( GEOMETRIC_REPRESENTATION_CONTEXT(2) 
PARAMETRIC_REPRESENTATION_CONTEXT() REPRESENTATION_CONTEXT('2D SPACE',''
  ) );
#7889 = PCURVE('',#3507,#7890);
#7890 = DEFINITIONAL_REPRESENTATION('',(#7891),#7894);
#7891 = B_SPLINE_CURVE_WITH_KNOTS('',1,(#7892,#7893),.UNSPECIFIED.,.F.,
  .F.,(2,2),(-5.35,-3.05),.PIECEWISE_BEZIER_KNOTS.);
#7892 = CARTESIAN_POINT('',(44.5,-5.8));
#7893 = CARTESIAN_POINT('',(44.5,-3.5));
#7894 = ( GEOMETRIC_REPRESENTATION_CONTEXT(2) 
PARAMETRIC_REPRESENTATION_CONTEXT() REPRESENTATION_CONTEXT('2D SPACE',''
  ) );
#7895 = ORIENTED_EDGE('',*,*,#7896,.T.);
#7896 = EDGE_CURVE('',#7876,#2774,#7897,.T.);
#7897 = SURFACE_CURVE('',#7898,(#7902,#7909),.PCURVE_S1.);
#7898 = LINE('',#7899,#7900);
#7899 = CARTESIAN_POINT('',(-35.365,35.73,7.4));
#7900 = VECTOR('',#7901,1.);
#7901 = DIRECTION('',(-1.,0.,0.));
#7902 = PCURVE('',#2821,#7903);
#7903 = DEFINITIONAL_REPRESENTATION('',(#7904),#7908);
#7904 = LINE('',#7905,#7906);
#7905 = CARTESIAN_POINT('',(0.,-4.9));
#7906 = VECTOR('',#7907,1.);
#7907 = DIRECTION('',(1.,0.));
#7908 = ( GEOMETRIC_REPRESENTATION_CONTEXT(2) 
PARAMETRIC_REPRESENTATION_CONTEXT() REPRESENTATION_CONTEXT('2D SPACE',''
  ) );
#7909 = PCURVE('',#2794,#7910);
#7910 = DEFINITIONAL_REPRESENTATION('',(#7911),#7915);
#7911 = LINE('',#7912,#7913);
#7912 = CARTESIAN_POINT('',(-0.,0.));
#7913 = VECTOR('',#7914,1.);
#7914 = DIRECTION('',(-0.,1.));
#7915 = ( GEOMETRIC_REPRESENTATION_CONTEXT(2) 
PARAMETRIC_REPRESENTATION_CONTEXT() REPRESENTATION_CONTEXT('2D SPACE',''
  ) );
#7916 = ORIENTED_EDGE('',*,*,#2806,.T.);
#7917 = ADVANCED_FACE('',(#7918),#2794,.F.);
#7918 = FACE_BOUND('',#7919,.T.);
#7919 = EDGE_LOOP('',(#7920,#7921,#7949,#7970));
#7920 = ORIENTED_EDGE('',*,*,#7896,.F.);
#7921 = ORIENTED_EDGE('',*,*,#7922,.F.);
#7922 = EDGE_CURVE('',#7923,#7876,#7925,.T.);
#7923 = VERTEX_POINT('',#7924);
#7924 = CARTESIAN_POINT('',(-38.665,33.13,10.));
#7925 = SURFACE_CURVE('',#7926,(#7931,#7938),.PCURVE_S1.);
#7926 = CIRCLE('',#7927,2.6);
#7927 = AXIS2_PLACEMENT_3D('',#7928,#7929,#7930);
#7928 = CARTESIAN_POINT('',(-38.665,33.13,7.4));
#7929 = DIRECTION('',(-1.,0.,0.));
#7930 = DIRECTION('',(0.,1.,-0.));
#7931 = PCURVE('',#2794,#7932);
#7932 = DEFINITIONAL_REPRESENTATION('',(#7933),#7937);
#7933 = LINE('',#7934,#7935);
#7934 = CARTESIAN_POINT('',(-6.28318530718,3.3));
#7935 = VECTOR('',#7936,1.);
#7936 = DIRECTION('',(1.,-0.));
#7937 = ( GEOMETRIC_REPRESENTATION_CONTEXT(2) 
PARAMETRIC_REPRESENTATION_CONTEXT() REPRESENTATION_CONTEXT('2D SPACE',''
  ) );
#7938 = PCURVE('',#3507,#7939);
#7939 = DEFINITIONAL_REPRESENTATION('',(#7940),#7948);
#7940 = ( BOUNDED_CURVE() B_SPLINE_CURVE(2,(#7941,#7942,#7943,#7944,
#7945,#7946,#7947),.UNSPECIFIED.,.T.,.F.) B_SPLINE_CURVE_WITH_KNOTS((1,2
    ,2,2,2,1),(-2.094395102393,0.,2.094395102393,4.188790204786,
6.28318530718,8.377580409573),.UNSPECIFIED.) CURVE() 
GEOMETRIC_REPRESENTATION_ITEM() RATIONAL_B_SPLINE_CURVE((1.,0.5,1.,0.5,
1.,0.5,1.)) REPRESENTATION_ITEM('') );
#7941 = CARTESIAN_POINT('',(44.5,-5.8));
#7942 = CARTESIAN_POINT('',(44.5,-1.296667900321));
#7943 = CARTESIAN_POINT('',(48.4,-3.54833395016));
#7944 = CARTESIAN_POINT('',(52.3,-5.8));
#7945 = CARTESIAN_POINT('',(48.4,-8.05166604984));
#7946 = CARTESIAN_POINT('',(44.5,-10.30333209967));
#7947 = CARTESIAN_POINT('',(44.5,-5.8));
#7948 = ( GEOMETRIC_REPRESENTATION_CONTEXT(2) 
PARAMETRIC_REPRESENTATION_CONTEXT() REPRESENTATION_CONTEXT('2D SPACE',''
  ) );
#7949 = ORIENTED_EDGE('',*,*,#7950,.T.);
#7950 = EDGE_CURVE('',#7923,#2748,#7951,.T.);
#7951 = SURFACE_CURVE('',#7952,(#7956,#7963),.PCURVE_S1.);
#7952 = LINE('',#7953,#7954);
#7953 = CARTESIAN_POINT('',(-35.365,33.13,10.));
#7954 = VECTOR('',#7955,1.);
#7955 = DIRECTION('',(-1.,0.,0.));
#7956 = PCURVE('',#2794,#7957);
#7957 = DEFINITIONAL_REPRESENTATION('',(#7958),#7962);
#7958 = LINE('',#7959,#7960);
#7959 = CARTESIAN_POINT('',(-1.570796326795,0.));
#7960 = VECTOR('',#7961,1.);
#7961 = DIRECTION('',(-0.,1.));
#7962 = ( GEOMETRIC_REPRESENTATION_CONTEXT(2) 
PARAMETRIC_REPRESENTATION_CONTEXT() REPRESENTATION_CONTEXT('2D SPACE',''
  ) );
#7963 = PCURVE('',#2762,#7964);
#7964 = DEFINITIONAL_REPRESENTATION('',(#7965),#7969);
#7965 = LINE('',#7966,#7967);
#7966 = CARTESIAN_POINT('',(4.,11.65));
#7967 = VECTOR('',#7968,1.);
#7968 = DIRECTION('',(-1.,0.));
#7969 = ( GEOMETRIC_REPRESENTATION_CONTEXT(2) 
PARAMETRIC_REPRESENTATION_CONTEXT() REPRESENTATION_CONTEXT('2D SPACE',''
  ) );
#7970 = ORIENTED_EDGE('',*,*,#2773,.T.);
#7971 = ADVANCED_FACE('',(#7972),#2762,.F.);
#7972 = FACE_BOUND('',#7973,.F.);
#7973 = EDGE_LOOP('',(#7974,#7997,#8016,#8017));
#7974 = ORIENTED_EDGE('',*,*,#7975,.T.);
#7975 = EDGE_CURVE('',#2719,#7976,#7978,.T.);
#7976 = VERTEX_POINT('',#7977);
#7977 = CARTESIAN_POINT('',(-38.665,9.83,10.));
#7978 = SURFACE_CURVE('',#7979,(#7983,#7990),.PCURVE_S1.);
#7979 = LINE('',#7980,#7981);
#7980 = CARTESIAN_POINT('',(-43.365,9.83,10.));
#7981 = VECTOR('',#7982,1.);
#7982 = DIRECTION('',(1.,0.,0.));
#7983 = PCURVE('',#2762,#7984);
#7984 = DEFINITIONAL_REPRESENTATION('',(#7985),#7989);
#7985 = LINE('',#7986,#7987);
#7986 = CARTESIAN_POINT('',(-4.,-11.65));
#7987 = VECTOR('',#7988,1.);
#7988 = DIRECTION('',(1.,0.));
#7989 = ( GEOMETRIC_REPRESENTATION_CONTEXT(2) 
PARAMETRIC_REPRESENTATION_CONTEXT() REPRESENTATION_CONTEXT('2D SPACE',''
  ) );
#7990 = PCURVE('',#2735,#7991);
#7991 = DEFINITIONAL_REPRESENTATION('',(#7992),#7996);
#7992 = LINE('',#7993,#7994);
#7993 = CARTESIAN_POINT('',(-1.570796326795,0.));
#7994 = VECTOR('',#7995,1.);
#7995 = DIRECTION('',(-0.,1.));
#7996 = ( GEOMETRIC_REPRESENTATION_CONTEXT(2) 
PARAMETRIC_REPRESENTATION_CONTEXT() REPRESENTATION_CONTEXT('2D SPACE',''
  ) );
#7997 = ORIENTED_EDGE('',*,*,#7998,.F.);
#7998 = EDGE_CURVE('',#7923,#7976,#7999,.T.);
#7999 = SURFACE_CURVE('',#8000,(#8004,#8010),.PCURVE_S1.);
#8000 = LINE('',#8001,#8002);
#8001 = CARTESIAN_POINT('',(-38.665,50.855,10.));
#8002 = VECTOR('',#8003,1.);
#8003 = DIRECTION('',(0.,-1.,0.));
#8004 = PCURVE('',#2762,#8005);
#8005 = DEFINITIONAL_REPRESENTATION('',(#8006),#8009);
#8006 = B_SPLINE_CURVE_WITH_KNOTS('',1,(#8007,#8008),.UNSPECIFIED.,.F.,
  .F.,(2,2),(17.725,41.025),.PIECEWISE_BEZIER_KNOTS.);
#8007 = CARTESIAN_POINT('',(0.7,11.65));
#8008 = CARTESIAN_POINT('',(0.7,-11.65));
#8009 = ( GEOMETRIC_REPRESENTATION_CONTEXT(2) 
PARAMETRIC_REPRESENTATION_CONTEXT() REPRESENTATION_CONTEXT('2D SPACE',''
  ) );
#8010 = PCURVE('',#3507,#8011);
#8011 = DEFINITIONAL_REPRESENTATION('',(#8012),#8015);
#8012 = B_SPLINE_CURVE_WITH_KNOTS('',1,(#8013,#8014),.UNSPECIFIED.,.F.,
  .F.,(2,2),(17.725,41.025),.PIECEWISE_BEZIER_KNOTS.);
#8013 = CARTESIAN_POINT('',(47.1,-8.4));
#8014 = CARTESIAN_POINT('',(70.4,-8.4));
#8015 = ( GEOMETRIC_REPRESENTATION_CONTEXT(2) 
PARAMETRIC_REPRESENTATION_CONTEXT() REPRESENTATION_CONTEXT('2D SPACE',''
  ) );
#8016 = ORIENTED_EDGE('',*,*,#7950,.T.);
#8017 = ORIENTED_EDGE('',*,*,#2747,.T.);
#8018 = ADVANCED_FACE('',(#8019),#2735,.F.);
#8019 = FACE_BOUND('',#8020,.T.);
#8020 = EDGE_LOOP('',(#8021,#8044,#8045,#8046));
#8021 = ORIENTED_EDGE('',*,*,#8022,.F.);
#8022 = EDGE_CURVE('',#2693,#8023,#8025,.T.);
#8023 = VERTEX_POINT('',#8024);
#8024 = CARTESIAN_POINT('',(-38.665,7.23,7.4));
#8025 = SURFACE_CURVE('',#8026,(#8030,#8037),.PCURVE_S1.);
#8026 = LINE('',#8027,#8028);
#8027 = CARTESIAN_POINT('',(-43.365,7.23,7.4));
#8028 = VECTOR('',#8029,1.);
#8029 = DIRECTION('',(1.,0.,0.));
#8030 = PCURVE('',#2735,#8031);
#8031 = DEFINITIONAL_REPRESENTATION('',(#8032),#8036);
#8032 = LINE('',#8033,#8034);
#8033 = CARTESIAN_POINT('',(-0.,0.));
#8034 = VECTOR('',#8035,1.);
#8035 = DIRECTION('',(-0.,1.));
#8036 = ( GEOMETRIC_REPRESENTATION_CONTEXT(2) 
PARAMETRIC_REPRESENTATION_CONTEXT() REPRESENTATION_CONTEXT('2D SPACE',''
  ) );
#8037 = PCURVE('',#2707,#8038);
#8038 = DEFINITIONAL_REPRESENTATION('',(#8039),#8043);
#8039 = LINE('',#8040,#8041);
#8040 = CARTESIAN_POINT('',(0.,-4.9));
#8041 = VECTOR('',#8042,1.);
#8042 = DIRECTION('',(1.,0.));
#8043 = ( GEOMETRIC_REPRESENTATION_CONTEXT(2) 
PARAMETRIC_REPRESENTATION_CONTEXT() REPRESENTATION_CONTEXT('2D SPACE',''
  ) );
#8044 = ORIENTED_EDGE('',*,*,#2718,.F.);
#8045 = ORIENTED_EDGE('',*,*,#7975,.T.);
#8046 = ORIENTED_EDGE('',*,*,#8047,.T.);
#8047 = EDGE_CURVE('',#7976,#8023,#8048,.T.);
#8048 = SURFACE_CURVE('',#8049,(#8054,#8061),.PCURVE_S1.);
#8049 = CIRCLE('',#8050,2.6);
#8050 = AXIS2_PLACEMENT_3D('',#8051,#8052,#8053);
#8051 = CARTESIAN_POINT('',(-38.665,9.83,7.4));
#8052 = DIRECTION('',(1.,0.,0.));
#8053 = DIRECTION('',(0.,-1.,-0.));
#8054 = PCURVE('',#2735,#8055);
#8055 = DEFINITIONAL_REPRESENTATION('',(#8056),#8060);
#8056 = LINE('',#8057,#8058);
#8057 = CARTESIAN_POINT('',(-6.28318530718,4.7));
#8058 = VECTOR('',#8059,1.);
#8059 = DIRECTION('',(1.,-0.));
#8060 = ( GEOMETRIC_REPRESENTATION_CONTEXT(2) 
PARAMETRIC_REPRESENTATION_CONTEXT() REPRESENTATION_CONTEXT('2D SPACE',''
  ) );
#8061 = PCURVE('',#3507,#8062);
#8062 = DEFINITIONAL_REPRESENTATION('',(#8063),#8067);
#8063 = CIRCLE('',#8064,2.6);
#8064 = AXIS2_PLACEMENT_2D('',#8065,#8066);
#8065 = CARTESIAN_POINT('',(70.4,-5.8));
#8066 = DIRECTION('',(1.,0.));
#8067 = ( GEOMETRIC_REPRESENTATION_CONTEXT(2) 
PARAMETRIC_REPRESENTATION_CONTEXT() REPRESENTATION_CONTEXT('2D SPACE',''
  ) );
#8068 = ADVANCED_FACE('',(#8069),#2707,.T.);
#8069 = FACE_BOUND('',#8070,.T.);
#8070 = EDGE_LOOP('',(#8071,#8072,#8073,#8074));
#8071 = ORIENTED_EDGE('',*,*,#7701,.F.);
#8072 = ORIENTED_EDGE('',*,*,#2692,.T.);
#8073 = ORIENTED_EDGE('',*,*,#8022,.T.);
#8074 = ORIENTED_EDGE('',*,*,#8075,.F.);
#8075 = EDGE_CURVE('',#7702,#8023,#8076,.T.);
#8076 = SURFACE_CURVE('',#8077,(#8081,#8087),.PCURVE_S1.);
#8077 = LINE('',#8078,#8079);
#8078 = CARTESIAN_POINT('',(-38.665,7.23,2.05));
#8079 = VECTOR('',#8080,1.);
#8080 = DIRECTION('',(0.,-0.,1.));
#8081 = PCURVE('',#2707,#8082);
#8082 = DEFINITIONAL_REPRESENTATION('',(#8083),#8086);
#8083 = B_SPLINE_CURVE_WITH_KNOTS('',1,(#8084,#8085),.UNSPECIFIED.,.F.,
  .F.,(2,2),(3.05,5.35),.PIECEWISE_BEZIER_KNOTS.);
#8084 = CARTESIAN_POINT('',(4.7,-2.6));
#8085 = CARTESIAN_POINT('',(4.7,-4.9));
#8086 = ( GEOMETRIC_REPRESENTATION_CONTEXT(2) 
PARAMETRIC_REPRESENTATION_CONTEXT() REPRESENTATION_CONTEXT('2D SPACE',''
  ) );
#8087 = PCURVE('',#3507,#8088);
#8088 = DEFINITIONAL_REPRESENTATION('',(#8089),#8092);
#8089 = B_SPLINE_CURVE_WITH_KNOTS('',1,(#8090,#8091),.UNSPECIFIED.,.F.,
  .F.,(2,2),(3.05,5.35),.PIECEWISE_BEZIER_KNOTS.);
#8090 = CARTESIAN_POINT('',(73.,-3.5));
#8091 = CARTESIAN_POINT('',(73.,-5.8));
#8092 = ( GEOMETRIC_REPRESENTATION_CONTEXT(2) 
PARAMETRIC_REPRESENTATION_CONTEXT() REPRESENTATION_CONTEXT('2D SPACE',''
  ) );
#8093 = ADVANCED_FACE('',(#8094),#2909,.T.);
#8094 = FACE_BOUND('',#8095,.F.);
#8095 = EDGE_LOOP('',(#8096,#8097,#8120,#8140));
#8096 = ORIENTED_EDGE('',*,*,#7210,.T.);
#8097 = ORIENTED_EDGE('',*,*,#8098,.T.);
#8098 = EDGE_CURVE('',#7211,#8099,#8101,.T.);
#8099 = VERTEX_POINT('',#8100);
#8100 = CARTESIAN_POINT('',(39.865,64.43,11.15));
#8101 = SURFACE_CURVE('',#8102,(#8106,#8113),.PCURVE_S1.);
#8102 = LINE('',#8103,#8104);
#8103 = CARTESIAN_POINT('',(39.865,-64.43,11.15));
#8104 = VECTOR('',#8105,1.);
#8105 = DIRECTION('',(0.,1.,0.));
#8106 = PCURVE('',#2909,#8107);
#8107 = DEFINITIONAL_REPRESENTATION('',(#8108),#8112);
#8108 = LINE('',#8109,#8110);
#8109 = CARTESIAN_POINT('',(-1.570796326795,0.));
#8110 = VECTOR('',#8111,1.);
#8111 = DIRECTION('',(-0.,1.));
#8112 = ( GEOMETRIC_REPRESENTATION_CONTEXT(2) 
PARAMETRIC_REPRESENTATION_CONTEXT() REPRESENTATION_CONTEXT('2D SPACE',''
  ) );
#8113 = PCURVE('',#6983,#8114);
#8114 = DEFINITIONAL_REPRESENTATION('',(#8115),#8119);
#8115 = LINE('',#8116,#8117);
#8116 = CARTESIAN_POINT('',(39.865,-64.43));
#8117 = VECTOR('',#8118,1.);
#8118 = DIRECTION('',(0.,1.));
#8119 = ( GEOMETRIC_REPRESENTATION_CONTEXT(2) 
PARAMETRIC_REPRESENTATION_CONTEXT() REPRESENTATION_CONTEXT('2D SPACE',''
  ) );
#8120 = ORIENTED_EDGE('',*,*,#8121,.F.);
#8121 = EDGE_CURVE('',#2894,#8099,#8122,.T.);
#8122 = SURFACE_CURVE('',#8123,(#8128,#8134),.PCURVE_S1.);
#8123 = CIRCLE('',#8124,0.5);
#8124 = AXIS2_PLACEMENT_3D('',#8125,#8126,#8127);
#8125 = CARTESIAN_POINT('',(39.865,64.43,10.65));
#8126 = DIRECTION('',(0.,-1.,-0.));
#8127 = DIRECTION('',(1.,0.,-0.));
#8128 = PCURVE('',#2909,#8129);
#8129 = DEFINITIONAL_REPRESENTATION('',(#8130),#8133);
#8130 = B_SPLINE_CURVE_WITH_KNOTS('',1,(#8131,#8132),.UNSPECIFIED.,.F.,
  .F.,(2,2),(0.,1.570796326795),.PIECEWISE_BEZIER_KNOTS.);
#8131 = CARTESIAN_POINT('',(0.,128.86));
#8132 = CARTESIAN_POINT('',(-1.570796326795,128.86));
#8133 = ( GEOMETRIC_REPRESENTATION_CONTEXT(2) 
PARAMETRIC_REPRESENTATION_CONTEXT() REPRESENTATION_CONTEXT('2D SPACE',''
  ) );
#8134 = PCURVE('',#3271,#8135);
#8135 = DEFINITIONAL_REPRESENTATION('',(#8136),#8139);
#8136 = B_SPLINE_CURVE_WITH_KNOTS('',1,(#8137,#8138),.UNSPECIFIED.,.F.,
  .F.,(2,2),(0.,1.570796326795),.PIECEWISE_BEZIER_KNOTS.);
#8137 = CARTESIAN_POINT('',(0.,0.));
#8138 = CARTESIAN_POINT('',(0.,1.570796326795));
#8139 = ( GEOMETRIC_REPRESENTATION_CONTEXT(2) 
PARAMETRIC_REPRESENTATION_CONTEXT() REPRESENTATION_CONTEXT('2D SPACE',''
  ) );
#8140 = ORIENTED_EDGE('',*,*,#2893,.F.);
#8141 = ADVANCED_FACE('',(#8142),#2968,.F.);
#8142 = FACE_BOUND('',#8143,.T.);
#8143 = EDGE_LOOP('',(#8144,#8167,#8195,#8216));
#8144 = ORIENTED_EDGE('',*,*,#8145,.F.);
#8145 = EDGE_CURVE('',#8146,#2948,#8148,.T.);
#8146 = VERTEX_POINT('',#8147);
#8147 = CARTESIAN_POINT('',(38.665,-7.77,7.4));
#8148 = SURFACE_CURVE('',#8149,(#8153,#8160),.PCURVE_S1.);
#8149 = LINE('',#8150,#8151);
#8150 = CARTESIAN_POINT('',(35.365,-7.77,7.4));
#8151 = VECTOR('',#8152,1.);
#8152 = DIRECTION('',(1.,0.,0.));
#8153 = PCURVE('',#2968,#8154);
#8154 = DEFINITIONAL_REPRESENTATION('',(#8155),#8159);
#8155 = LINE('',#8156,#8157);
#8156 = CARTESIAN_POINT('',(-0.,0.));
#8157 = VECTOR('',#8158,1.);
#8158 = DIRECTION('',(-0.,1.));
#8159 = ( GEOMETRIC_REPRESENTATION_CONTEXT(2) 
PARAMETRIC_REPRESENTATION_CONTEXT() REPRESENTATION_CONTEXT('2D SPACE',''
  ) );
#8160 = PCURVE('',#2995,#8161);
#8161 = DEFINITIONAL_REPRESENTATION('',(#8162),#8166);
#8162 = LINE('',#8163,#8164);
#8163 = CARTESIAN_POINT('',(0.,-4.9));
#8164 = VECTOR('',#8165,1.);
#8165 = DIRECTION('',(1.,0.));
#8166 = ( GEOMETRIC_REPRESENTATION_CONTEXT(2) 
PARAMETRIC_REPRESENTATION_CONTEXT() REPRESENTATION_CONTEXT('2D SPACE',''
  ) );
#8167 = ORIENTED_EDGE('',*,*,#8168,.F.);
#8168 = EDGE_CURVE('',#8169,#8146,#8171,.T.);
#8169 = VERTEX_POINT('',#8170);
#8170 = CARTESIAN_POINT('',(38.665,-5.17,10.));
#8171 = SURFACE_CURVE('',#8172,(#8177,#8184),.PCURVE_S1.);
#8172 = CIRCLE('',#8173,2.6);
#8173 = AXIS2_PLACEMENT_3D('',#8174,#8175,#8176);
#8174 = CARTESIAN_POINT('',(38.665,-5.17,7.4));
#8175 = DIRECTION('',(1.,0.,0.));
#8176 = DIRECTION('',(0.,-1.,-0.));
#8177 = PCURVE('',#2968,#8178);
#8178 = DEFINITIONAL_REPRESENTATION('',(#8179),#8183);
#8179 = LINE('',#8180,#8181);
#8180 = CARTESIAN_POINT('',(-6.28318530718,3.3));
#8181 = VECTOR('',#8182,1.);
#8182 = DIRECTION('',(1.,-0.));
#8183 = ( GEOMETRIC_REPRESENTATION_CONTEXT(2) 
PARAMETRIC_REPRESENTATION_CONTEXT() REPRESENTATION_CONTEXT('2D SPACE',''
  ) );
#8184 = PCURVE('',#3393,#8185);
#8185 = DEFINITIONAL_REPRESENTATION('',(#8186),#8194);
#8186 = ( BOUNDED_CURVE() B_SPLINE_CURVE(2,(#8187,#8188,#8189,#8190,
#8191,#8192,#8193),.UNSPECIFIED.,.T.,.F.) B_SPLINE_CURVE_WITH_KNOTS((1,2
    ,2,2,2,1),(-2.094395102393,0.,2.094395102393,4.188790204786,
6.28318530718,8.377580409573),.UNSPECIFIED.) CURVE() 
GEOMETRIC_REPRESENTATION_ITEM() RATIONAL_B_SPLINE_CURVE((1.,0.5,1.,0.5,
1.,0.5,1.)) REPRESENTATION_ITEM('') );
#8187 = CARTESIAN_POINT('',(72.46,-5.8));
#8188 = CARTESIAN_POINT('',(72.46,-1.296667900321));
#8189 = CARTESIAN_POINT('',(76.36,-3.54833395016));
#8190 = CARTESIAN_POINT('',(80.26,-5.8));
#8191 = CARTESIAN_POINT('',(76.36,-8.05166604984));
#8192 = CARTESIAN_POINT('',(72.46,-10.30333209967));
#8193 = CARTESIAN_POINT('',(72.46,-5.8));
#8194 = ( GEOMETRIC_REPRESENTATION_CONTEXT(2) 
PARAMETRIC_REPRESENTATION_CONTEXT() REPRESENTATION_CONTEXT('2D SPACE',''
  ) );
#8195 = ORIENTED_EDGE('',*,*,#8196,.T.);
#8196 = EDGE_CURVE('',#8169,#2946,#8197,.T.);
#8197 = SURFACE_CURVE('',#8198,(#8202,#8209),.PCURVE_S1.);
#8198 = LINE('',#8199,#8200);
#8199 = CARTESIAN_POINT('',(35.365,-5.17,10.));
#8200 = VECTOR('',#8201,1.);
#8201 = DIRECTION('',(1.,0.,0.));
#8202 = PCURVE('',#2968,#8203);
#8203 = DEFINITIONAL_REPRESENTATION('',(#8204),#8208);
#8204 = LINE('',#8205,#8206);
#8205 = CARTESIAN_POINT('',(-1.570796326795,0.));
#8206 = VECTOR('',#8207,1.);
#8207 = DIRECTION('',(-0.,1.));
#8208 = ( GEOMETRIC_REPRESENTATION_CONTEXT(2) 
PARAMETRIC_REPRESENTATION_CONTEXT() REPRESENTATION_CONTEXT('2D SPACE',''
  ) );
#8209 = PCURVE('',#3162,#8210);
#8210 = DEFINITIONAL_REPRESENTATION('',(#8211),#8215);
#8211 = LINE('',#8212,#8213);
#8212 = CARTESIAN_POINT('',(-4.,-10.4));
#8213 = VECTOR('',#8214,1.);
#8214 = DIRECTION('',(1.,0.));
#8215 = ( GEOMETRIC_REPRESENTATION_CONTEXT(2) 
PARAMETRIC_REPRESENTATION_CONTEXT() REPRESENTATION_CONTEXT('2D SPACE',''
  ) );
#8216 = ORIENTED_EDGE('',*,*,#2945,.T.);
#8217 = ADVANCED_FACE('',(#8218),#3162,.F.);
#8218 = FACE_BOUND('',#8219,.F.);
#8219 = EDGE_LOOP('',(#8220,#8221,#8222,#8245));
#8220 = ORIENTED_EDGE('',*,*,#8196,.T.);
#8221 = ORIENTED_EDGE('',*,*,#3149,.T.);
#8222 = ORIENTED_EDGE('',*,*,#8223,.T.);
#8223 = EDGE_CURVE('',#3121,#8224,#8226,.T.);
#8224 = VERTEX_POINT('',#8225);
#8225 = CARTESIAN_POINT('',(38.665,15.63,10.));
#8226 = SURFACE_CURVE('',#8227,(#8231,#8238),.PCURVE_S1.);
#8227 = LINE('',#8228,#8229);
#8228 = CARTESIAN_POINT('',(43.365,15.63,10.));
#8229 = VECTOR('',#8230,1.);
#8230 = DIRECTION('',(-1.,0.,0.));
#8231 = PCURVE('',#3162,#8232);
#8232 = DEFINITIONAL_REPRESENTATION('',(#8233),#8237);
#8233 = LINE('',#8234,#8235);
#8234 = CARTESIAN_POINT('',(4.,10.4));
#8235 = VECTOR('',#8236,1.);
#8236 = DIRECTION('',(-1.,0.));
#8237 = ( GEOMETRIC_REPRESENTATION_CONTEXT(2) 
PARAMETRIC_REPRESENTATION_CONTEXT() REPRESENTATION_CONTEXT('2D SPACE',''
  ) );
#8238 = PCURVE('',#3137,#8239);
#8239 = DEFINITIONAL_REPRESENTATION('',(#8240),#8244);
#8240 = LINE('',#8241,#8242);
#8241 = CARTESIAN_POINT('',(-1.570796326795,0.));
#8242 = VECTOR('',#8243,1.);
#8243 = DIRECTION('',(-0.,1.));
#8244 = ( GEOMETRIC_REPRESENTATION_CONTEXT(2) 
PARAMETRIC_REPRESENTATION_CONTEXT() REPRESENTATION_CONTEXT('2D SPACE',''
  ) );
#8245 = ORIENTED_EDGE('',*,*,#8246,.F.);
#8246 = EDGE_CURVE('',#8169,#8224,#8247,.T.);
#8247 = SURFACE_CURVE('',#8248,(#8252,#8258),.PCURVE_S1.);
#8248 = LINE('',#8249,#8250);
#8249 = CARTESIAN_POINT('',(38.665,-37.5,10.));
#8250 = VECTOR('',#8251,1.);
#8251 = DIRECTION('',(0.,1.,-0.));
#8252 = PCURVE('',#3162,#8253);
#8253 = DEFINITIONAL_REPRESENTATION('',(#8254),#8257);
#8254 = B_SPLINE_CURVE_WITH_KNOTS('',1,(#8255,#8256),.UNSPECIFIED.,.F.,
  .F.,(2,2),(32.33,53.13),.PIECEWISE_BEZIER_KNOTS.);
#8255 = CARTESIAN_POINT('',(-0.7,-10.4));
#8256 = CARTESIAN_POINT('',(-0.7,10.4));
#8257 = ( GEOMETRIC_REPRESENTATION_CONTEXT(2) 
PARAMETRIC_REPRESENTATION_CONTEXT() REPRESENTATION_CONTEXT('2D SPACE',''
  ) );
#8258 = PCURVE('',#3393,#8259);
#8259 = DEFINITIONAL_REPRESENTATION('',(#8260),#8263);
#8260 = B_SPLINE_CURVE_WITH_KNOTS('',1,(#8261,#8262),.UNSPECIFIED.,.F.,
  .F.,(2,2),(32.33,53.13),.PIECEWISE_BEZIER_KNOTS.);
#8261 = CARTESIAN_POINT('',(75.06,-8.4));
#8262 = CARTESIAN_POINT('',(95.86,-8.4));
#8263 = ( GEOMETRIC_REPRESENTATION_CONTEXT(2) 
PARAMETRIC_REPRESENTATION_CONTEXT() REPRESENTATION_CONTEXT('2D SPACE',''
  ) );
#8264 = ADVANCED_FACE('',(#8265),#3137,.F.);
#8265 = FACE_BOUND('',#8266,.T.);
#8266 = EDGE_LOOP('',(#8267,#8290,#8291,#8292));
#8267 = ORIENTED_EDGE('',*,*,#8268,.F.);
#8268 = EDGE_CURVE('',#3095,#8269,#8271,.T.);
#8269 = VERTEX_POINT('',#8270);
#8270 = CARTESIAN_POINT('',(38.665,18.23,7.4));
#8271 = SURFACE_CURVE('',#8272,(#8276,#8283),.PCURVE_S1.);
#8272 = LINE('',#8273,#8274);
#8273 = CARTESIAN_POINT('',(43.365,18.23,7.4));
#8274 = VECTOR('',#8275,1.);
#8275 = DIRECTION('',(-1.,0.,0.));
#8276 = PCURVE('',#3137,#8277);
#8277 = DEFINITIONAL_REPRESENTATION('',(#8278),#8282);
#8278 = LINE('',#8279,#8280);
#8279 = CARTESIAN_POINT('',(-0.,0.));
#8280 = VECTOR('',#8281,1.);
#8281 = DIRECTION('',(-0.,1.));
#8282 = ( GEOMETRIC_REPRESENTATION_CONTEXT(2) 
PARAMETRIC_REPRESENTATION_CONTEXT() REPRESENTATION_CONTEXT('2D SPACE',''
  ) );
#8283 = PCURVE('',#3109,#8284);
#8284 = DEFINITIONAL_REPRESENTATION('',(#8285),#8289);
#8285 = LINE('',#8286,#8287);
#8286 = CARTESIAN_POINT('',(0.,-4.9));
#8287 = VECTOR('',#8288,1.);
#8288 = DIRECTION('',(1.,0.));
#8289 = ( GEOMETRIC_REPRESENTATION_CONTEXT(2) 
PARAMETRIC_REPRESENTATION_CONTEXT() REPRESENTATION_CONTEXT('2D SPACE',''
  ) );
#8290 = ORIENTED_EDGE('',*,*,#3120,.F.);
#8291 = ORIENTED_EDGE('',*,*,#8223,.T.);
#8292 = ORIENTED_EDGE('',*,*,#8293,.T.);
#8293 = EDGE_CURVE('',#8224,#8269,#8294,.T.);
#8294 = SURFACE_CURVE('',#8295,(#8300,#8307),.PCURVE_S1.);
#8295 = CIRCLE('',#8296,2.6);
#8296 = AXIS2_PLACEMENT_3D('',#8297,#8298,#8299);
#8297 = CARTESIAN_POINT('',(38.665,15.63,7.4));
#8298 = DIRECTION('',(-1.,0.,0.));
#8299 = DIRECTION('',(0.,1.,-0.));
#8300 = PCURVE('',#3137,#8301);
#8301 = DEFINITIONAL_REPRESENTATION('',(#8302),#8306);
#8302 = LINE('',#8303,#8304);
#8303 = CARTESIAN_POINT('',(-6.28318530718,4.7));
#8304 = VECTOR('',#8305,1.);
#8305 = DIRECTION('',(1.,-0.));
#8306 = ( GEOMETRIC_REPRESENTATION_CONTEXT(2) 
PARAMETRIC_REPRESENTATION_CONTEXT() REPRESENTATION_CONTEXT('2D SPACE',''
  ) );
#8307 = PCURVE('',#3393,#8308);
#8308 = DEFINITIONAL_REPRESENTATION('',(#8309),#8313);
#8309 = CIRCLE('',#8310,2.6);
#8310 = AXIS2_PLACEMENT_2D('',#8311,#8312);
#8311 = CARTESIAN_POINT('',(95.86,-5.8));
#8312 = DIRECTION('',(1.,0.));
#8313 = ( GEOMETRIC_REPRESENTATION_CONTEXT(2) 
PARAMETRIC_REPRESENTATION_CONTEXT() REPRESENTATION_CONTEXT('2D SPACE',''
  ) );
#8314 = ADVANCED_FACE('',(#8315),#3109,.T.);
#8315 = FACE_BOUND('',#8316,.T.);
#8316 = EDGE_LOOP('',(#8317,#8340,#8341,#8342));
#8317 = ORIENTED_EDGE('',*,*,#8318,.F.);
#8318 = EDGE_CURVE('',#3066,#8319,#8321,.T.);
#8319 = VERTEX_POINT('',#8320);
#8320 = CARTESIAN_POINT('',(38.665,18.23,5.1));
#8321 = SURFACE_CURVE('',#8322,(#8326,#8333),.PCURVE_S1.);
#8322 = LINE('',#8323,#8324);
#8323 = CARTESIAN_POINT('',(43.365,18.23,5.1));
#8324 = VECTOR('',#8325,1.);
#8325 = DIRECTION('',(-1.,0.,0.));
#8326 = PCURVE('',#3109,#8327);
#8327 = DEFINITIONAL_REPRESENTATION('',(#8328),#8332);
#8328 = LINE('',#8329,#8330);
#8329 = CARTESIAN_POINT('',(0.,-2.6));
#8330 = VECTOR('',#8331,1.);
#8331 = DIRECTION('',(1.,0.));
#8332 = ( GEOMETRIC_REPRESENTATION_CONTEXT(2) 
PARAMETRIC_REPRESENTATION_CONTEXT() REPRESENTATION_CONTEXT('2D SPACE',''
  ) );
#8333 = PCURVE('',#3082,#8334);
#8334 = DEFINITIONAL_REPRESENTATION('',(#8335),#8339);
#8335 = LINE('',#8336,#8337);
#8336 = CARTESIAN_POINT('',(0.,0.));
#8337 = VECTOR('',#8338,1.);
#8338 = DIRECTION('',(0.,1.));
#8339 = ( GEOMETRIC_REPRESENTATION_CONTEXT(2) 
PARAMETRIC_REPRESENTATION_CONTEXT() REPRESENTATION_CONTEXT('2D SPACE',''
  ) );
#8340 = ORIENTED_EDGE('',*,*,#3094,.T.);
#8341 = ORIENTED_EDGE('',*,*,#8268,.T.);
#8342 = ORIENTED_EDGE('',*,*,#8343,.F.);
#8343 = EDGE_CURVE('',#8319,#8269,#8344,.T.);
#8344 = SURFACE_CURVE('',#8345,(#8349,#8355),.PCURVE_S1.);
#8345 = LINE('',#8346,#8347);
#8346 = CARTESIAN_POINT('',(38.665,18.23,2.05));
#8347 = VECTOR('',#8348,1.);
#8348 = DIRECTION('',(0.,0.,1.));
#8349 = PCURVE('',#3109,#8350);
#8350 = DEFINITIONAL_REPRESENTATION('',(#8351),#8354);
#8351 = B_SPLINE_CURVE_WITH_KNOTS('',1,(#8352,#8353),.UNSPECIFIED.,.F.,
  .F.,(2,2),(3.05,5.35),.PIECEWISE_BEZIER_KNOTS.);
#8352 = CARTESIAN_POINT('',(4.7,-2.6));
#8353 = CARTESIAN_POINT('',(4.7,-4.9));
#8354 = ( GEOMETRIC_REPRESENTATION_CONTEXT(2) 
PARAMETRIC_REPRESENTATION_CONTEXT() REPRESENTATION_CONTEXT('2D SPACE',''
  ) );
#8355 = PCURVE('',#3393,#8356);
#8356 = DEFINITIONAL_REPRESENTATION('',(#8357),#8360);
#8357 = B_SPLINE_CURVE_WITH_KNOTS('',1,(#8358,#8359),.UNSPECIFIED.,.F.,
  .F.,(2,2),(3.05,5.35),.PIECEWISE_BEZIER_KNOTS.);
#8358 = CARTESIAN_POINT('',(98.46,-3.5));
#8359 = CARTESIAN_POINT('',(98.46,-5.8));
#8360 = ( GEOMETRIC_REPRESENTATION_CONTEXT(2) 
PARAMETRIC_REPRESENTATION_CONTEXT() REPRESENTATION_CONTEXT('2D SPACE',''
  ) );
#8361 = ADVANCED_FACE('',(#8362),#3082,.F.);
#8362 = FACE_BOUND('',#8363,.F.);
#8363 = EDGE_LOOP('',(#8364,#8365,#8366,#8389));
#8364 = ORIENTED_EDGE('',*,*,#8318,.F.);
#8365 = ORIENTED_EDGE('',*,*,#3065,.T.);
#8366 = ORIENTED_EDGE('',*,*,#8367,.T.);
#8367 = EDGE_CURVE('',#3040,#8368,#8370,.T.);
#8368 = VERTEX_POINT('',#8369);
#8369 = CARTESIAN_POINT('',(38.665,15.63,2.5));
#8370 = SURFACE_CURVE('',#8371,(#8375,#8382),.PCURVE_S1.);
#8371 = LINE('',#8372,#8373);
#8372 = CARTESIAN_POINT('',(43.365,15.63,2.5));
#8373 = VECTOR('',#8374,1.);
#8374 = DIRECTION('',(-1.,0.,0.));
#8375 = PCURVE('',#3082,#8376);
#8376 = DEFINITIONAL_REPRESENTATION('',(#8377),#8381);
#8377 = LINE('',#8378,#8379);
#8378 = CARTESIAN_POINT('',(1.570796326795,0.));
#8379 = VECTOR('',#8380,1.);
#8380 = DIRECTION('',(0.,1.));
#8381 = ( GEOMETRIC_REPRESENTATION_CONTEXT(2) 
PARAMETRIC_REPRESENTATION_CONTEXT() REPRESENTATION_CONTEXT('2D SPACE',''
  ) );
#8382 = PCURVE('',#3054,#8383);
#8383 = DEFINITIONAL_REPRESENTATION('',(#8384),#8388);
#8384 = LINE('',#8385,#8386);
#8385 = CARTESIAN_POINT('',(4.,10.4));
#8386 = VECTOR('',#8387,1.);
#8387 = DIRECTION('',(-1.,0.));
#8388 = ( GEOMETRIC_REPRESENTATION_CONTEXT(2) 
PARAMETRIC_REPRESENTATION_CONTEXT() REPRESENTATION_CONTEXT('2D SPACE',''
  ) );
#8389 = ORIENTED_EDGE('',*,*,#8390,.F.);
#8390 = EDGE_CURVE('',#8319,#8368,#8391,.T.);
#8391 = SURFACE_CURVE('',#8392,(#8397,#8404),.PCURVE_S1.);
#8392 = CIRCLE('',#8393,2.6);
#8393 = AXIS2_PLACEMENT_3D('',#8394,#8395,#8396);
#8394 = CARTESIAN_POINT('',(38.665,15.63,5.1));
#8395 = DIRECTION('',(-1.,0.,0.));
#8396 = DIRECTION('',(0.,1.,-0.));
#8397 = PCURVE('',#3082,#8398);
#8398 = DEFINITIONAL_REPRESENTATION('',(#8399),#8403);
#8399 = LINE('',#8400,#8401);
#8400 = CARTESIAN_POINT('',(0.,4.7));
#8401 = VECTOR('',#8402,1.);
#8402 = DIRECTION('',(1.,0.));
#8403 = ( GEOMETRIC_REPRESENTATION_CONTEXT(2) 
PARAMETRIC_REPRESENTATION_CONTEXT() REPRESENTATION_CONTEXT('2D SPACE',''
  ) );
#8404 = PCURVE('',#3393,#8405);
#8405 = DEFINITIONAL_REPRESENTATION('',(#8406),#8410);
#8406 = CIRCLE('',#8407,2.6);
#8407 = AXIS2_PLACEMENT_2D('',#8408,#8409);
#8408 = CARTESIAN_POINT('',(95.86,-3.5));
#8409 = DIRECTION('',(1.,0.));
#8410 = ( GEOMETRIC_REPRESENTATION_CONTEXT(2) 
PARAMETRIC_REPRESENTATION_CONTEXT() REPRESENTATION_CONTEXT('2D SPACE',''
  ) );
#8411 = ADVANCED_FACE('',(#8412),#3054,.T.);
#8412 = FACE_BOUND('',#8413,.T.);
#8413 = EDGE_LOOP('',(#8414,#8437,#8438,#8439));
#8414 = ORIENTED_EDGE('',*,*,#8415,.T.);
#8415 = EDGE_CURVE('',#8416,#3007,#8418,.T.);
#8416 = VERTEX_POINT('',#8417);
#8417 = CARTESIAN_POINT('',(38.665,-5.17,2.5));
#8418 = SURFACE_CURVE('',#8419,(#8423,#8430),.PCURVE_S1.);
#8419 = LINE('',#8420,#8421);
#8420 = CARTESIAN_POINT('',(35.365,-5.17,2.5));
#8421 = VECTOR('',#8422,1.);
#8422 = DIRECTION('',(1.,0.,0.));
#8423 = PCURVE('',#3054,#8424);
#8424 = DEFINITIONAL_REPRESENTATION('',(#8425),#8429);
#8425 = LINE('',#8426,#8427);
#8426 = CARTESIAN_POINT('',(-4.,-10.4));
#8427 = VECTOR('',#8428,1.);
#8428 = DIRECTION('',(1.,0.));
#8429 = ( GEOMETRIC_REPRESENTATION_CONTEXT(2) 
PARAMETRIC_REPRESENTATION_CONTEXT() REPRESENTATION_CONTEXT('2D SPACE',''
  ) );
#8430 = PCURVE('',#3027,#8431);
#8431 = DEFINITIONAL_REPRESENTATION('',(#8432),#8436);
#8432 = LINE('',#8433,#8434);
#8433 = CARTESIAN_POINT('',(1.570796326795,0.));
#8434 = VECTOR('',#8435,1.);
#8435 = DIRECTION('',(0.,1.));
#8436 = ( GEOMETRIC_REPRESENTATION_CONTEXT(2) 
PARAMETRIC_REPRESENTATION_CONTEXT() REPRESENTATION_CONTEXT('2D SPACE',''
  ) );
#8437 = ORIENTED_EDGE('',*,*,#3039,.T.);
#8438 = ORIENTED_EDGE('',*,*,#8367,.T.);
#8439 = ORIENTED_EDGE('',*,*,#8440,.F.);
#8440 = EDGE_CURVE('',#8416,#8368,#8441,.T.);
#8441 = SURFACE_CURVE('',#8442,(#8446,#8452),.PCURVE_S1.);
#8442 = LINE('',#8443,#8444);
#8443 = CARTESIAN_POINT('',(38.665,-37.5,2.5));
#8444 = VECTOR('',#8445,1.);
#8445 = DIRECTION('',(0.,1.,-0.));
#8446 = PCURVE('',#3054,#8447);
#8447 = DEFINITIONAL_REPRESENTATION('',(#8448),#8451);
#8448 = B_SPLINE_CURVE_WITH_KNOTS('',1,(#8449,#8450),.UNSPECIFIED.,.F.,
  .F.,(2,2),(32.33,53.13),.PIECEWISE_BEZIER_KNOTS.);
#8449 = CARTESIAN_POINT('',(-0.7,-10.4));
#8450 = CARTESIAN_POINT('',(-0.7,10.4));
#8451 = ( GEOMETRIC_REPRESENTATION_CONTEXT(2) 
PARAMETRIC_REPRESENTATION_CONTEXT() REPRESENTATION_CONTEXT('2D SPACE',''
  ) );
#8452 = PCURVE('',#3393,#8453);
#8453 = DEFINITIONAL_REPRESENTATION('',(#8454),#8457);
#8454 = B_SPLINE_CURVE_WITH_KNOTS('',1,(#8455,#8456),.UNSPECIFIED.,.F.,
  .F.,(2,2),(32.33,53.13),.PIECEWISE_BEZIER_KNOTS.);
#8455 = CARTESIAN_POINT('',(75.06,-0.9));
#8456 = CARTESIAN_POINT('',(95.86,-0.9));
#8457 = ( GEOMETRIC_REPRESENTATION_CONTEXT(2) 
PARAMETRIC_REPRESENTATION_CONTEXT() REPRESENTATION_CONTEXT('2D SPACE',''
  ) );
#8458 = ADVANCED_FACE('',(#8459),#3027,.F.);
#8459 = FACE_BOUND('',#8460,.F.);
#8460 = EDGE_LOOP('',(#8461,#8484,#8510,#8511));
#8461 = ORIENTED_EDGE('',*,*,#8462,.F.);
#8462 = EDGE_CURVE('',#8463,#2981,#8465,.T.);
#8463 = VERTEX_POINT('',#8464);
#8464 = CARTESIAN_POINT('',(38.665,-7.77,5.1));
#8465 = SURFACE_CURVE('',#8466,(#8470,#8477),.PCURVE_S1.);
#8466 = LINE('',#8467,#8468);
#8467 = CARTESIAN_POINT('',(35.365,-7.77,5.1));
#8468 = VECTOR('',#8469,1.);
#8469 = DIRECTION('',(1.,0.,0.));
#8470 = PCURVE('',#3027,#8471);
#8471 = DEFINITIONAL_REPRESENTATION('',(#8472),#8476);
#8472 = LINE('',#8473,#8474);
#8473 = CARTESIAN_POINT('',(0.,0.));
#8474 = VECTOR('',#8475,1.);
#8475 = DIRECTION('',(0.,1.));
#8476 = ( GEOMETRIC_REPRESENTATION_CONTEXT(2) 
PARAMETRIC_REPRESENTATION_CONTEXT() REPRESENTATION_CONTEXT('2D SPACE',''
  ) );
#8477 = PCURVE('',#2995,#8478);
#8478 = DEFINITIONAL_REPRESENTATION('',(#8479),#8483);
#8479 = LINE('',#8480,#8481);
#8480 = CARTESIAN_POINT('',(0.,-2.6));
#8481 = VECTOR('',#8482,1.);
#8482 = DIRECTION('',(1.,0.));
#8483 = ( GEOMETRIC_REPRESENTATION_CONTEXT(2) 
PARAMETRIC_REPRESENTATION_CONTEXT() REPRESENTATION_CONTEXT('2D SPACE',''
  ) );
#8484 = ORIENTED_EDGE('',*,*,#8485,.T.);
#8485 = EDGE_CURVE('',#8463,#8416,#8486,.T.);
#8486 = SURFACE_CURVE('',#8487,(#8492,#8499),.PCURVE_S1.);
#8487 = CIRCLE('',#8488,2.6);
#8488 = AXIS2_PLACEMENT_3D('',#8489,#8490,#8491);
#8489 = CARTESIAN_POINT('',(38.665,-5.17,5.1));
#8490 = DIRECTION('',(1.,0.,0.));
#8491 = DIRECTION('',(0.,-1.,-0.));
#8492 = PCURVE('',#3027,#8493);
#8493 = DEFINITIONAL_REPRESENTATION('',(#8494),#8498);
#8494 = LINE('',#8495,#8496);
#8495 = CARTESIAN_POINT('',(0.,3.3));
#8496 = VECTOR('',#8497,1.);
#8497 = DIRECTION('',(1.,0.));
#8498 = ( GEOMETRIC_REPRESENTATION_CONTEXT(2) 
PARAMETRIC_REPRESENTATION_CONTEXT() REPRESENTATION_CONTEXT('2D SPACE',''
  ) );
#8499 = PCURVE('',#3393,#8500);
#8500 = DEFINITIONAL_REPRESENTATION('',(#8501),#8509);
#8501 = ( BOUNDED_CURVE() B_SPLINE_CURVE(2,(#8502,#8503,#8504,#8505,
#8506,#8507,#8508),.UNSPECIFIED.,.T.,.F.) B_SPLINE_CURVE_WITH_KNOTS((1,2
    ,2,2,2,1),(-2.094395102393,0.,2.094395102393,4.188790204786,
6.28318530718,8.377580409573),.UNSPECIFIED.) CURVE() 
GEOMETRIC_REPRESENTATION_ITEM() RATIONAL_B_SPLINE_CURVE((1.,0.5,1.,0.5,
1.,0.5,1.)) REPRESENTATION_ITEM('') );
#8502 = CARTESIAN_POINT('',(72.46,-3.5));
#8503 = CARTESIAN_POINT('',(72.46,1.003332099679));
#8504 = CARTESIAN_POINT('',(76.36,-1.24833395016));
#8505 = CARTESIAN_POINT('',(80.26,-3.5));
#8506 = CARTESIAN_POINT('',(76.36,-5.75166604984));
#8507 = CARTESIAN_POINT('',(72.46,-8.003332099679));
#8508 = CARTESIAN_POINT('',(72.46,-3.5));
#8509 = ( GEOMETRIC_REPRESENTATION_CONTEXT(2) 
PARAMETRIC_REPRESENTATION_CONTEXT() REPRESENTATION_CONTEXT('2D SPACE',''
  ) );
#8510 = ORIENTED_EDGE('',*,*,#8415,.T.);
#8511 = ORIENTED_EDGE('',*,*,#3006,.F.);
#8512 = ADVANCED_FACE('',(#8513),#2995,.T.);
#8513 = FACE_BOUND('',#8514,.T.);
#8514 = EDGE_LOOP('',(#8515,#8516,#8535,#8536));
#8515 = ORIENTED_EDGE('',*,*,#8462,.F.);
#8516 = ORIENTED_EDGE('',*,*,#8517,.F.);
#8517 = EDGE_CURVE('',#8146,#8463,#8518,.T.);
#8518 = SURFACE_CURVE('',#8519,(#8523,#8529),.PCURVE_S1.);
#8519 = LINE('',#8520,#8521);
#8520 = CARTESIAN_POINT('',(38.665,-7.77,2.05));
#8521 = VECTOR('',#8522,1.);
#8522 = DIRECTION('',(0.,0.,-1.));
#8523 = PCURVE('',#2995,#8524);
#8524 = DEFINITIONAL_REPRESENTATION('',(#8525),#8528);
#8525 = B_SPLINE_CURVE_WITH_KNOTS('',1,(#8526,#8527),.UNSPECIFIED.,.F.,
  .F.,(2,2),(-5.35,-3.05),.PIECEWISE_BEZIER_KNOTS.);
#8526 = CARTESIAN_POINT('',(3.3,-4.9));
#8527 = CARTESIAN_POINT('',(3.3,-2.6));
#8528 = ( GEOMETRIC_REPRESENTATION_CONTEXT(2) 
PARAMETRIC_REPRESENTATION_CONTEXT() REPRESENTATION_CONTEXT('2D SPACE',''
  ) );
#8529 = PCURVE('',#3393,#8530);
#8530 = DEFINITIONAL_REPRESENTATION('',(#8531),#8534);
#8531 = B_SPLINE_CURVE_WITH_KNOTS('',1,(#8532,#8533),.UNSPECIFIED.,.F.,
  .F.,(2,2),(-5.35,-3.05),.PIECEWISE_BEZIER_KNOTS.);
#8532 = CARTESIAN_POINT('',(72.46,-5.8));
#8533 = CARTESIAN_POINT('',(72.46,-3.5));
#8534 = ( GEOMETRIC_REPRESENTATION_CONTEXT(2) 
PARAMETRIC_REPRESENTATION_CONTEXT() REPRESENTATION_CONTEXT('2D SPACE',''
  ) );
#8535 = ORIENTED_EDGE('',*,*,#8145,.T.);
#8536 = ORIENTED_EDGE('',*,*,#2980,.T.);
#8537 = ADVANCED_FACE('',(#8538),#3216,.T.);
#8538 = FACE_BOUND('',#8539,.T.);
#8539 = EDGE_LOOP('',(#8540,#8562,#8563,#8564));
#8540 = ORIENTED_EDGE('',*,*,#8541,.F.);
#8541 = EDGE_CURVE('',#3177,#8542,#8544,.T.);
#8542 = VERTEX_POINT('',#8543);
#8543 = CARTESIAN_POINT('',(-22.865,81.43,11.15));
#8544 = SURFACE_CURVE('',#8545,(#8550,#8556),.PCURVE_S1.);
#8545 = CIRCLE('',#8546,0.5);
#8546 = AXIS2_PLACEMENT_3D('',#8547,#8548,#8549);
#8547 = CARTESIAN_POINT('',(-22.865,81.43,10.65));
#8548 = DIRECTION('',(1.,0.,-0.));
#8549 = DIRECTION('',(0.,1.,0.));
#8550 = PCURVE('',#3216,#8551);
#8551 = DEFINITIONAL_REPRESENTATION('',(#8552),#8555);
#8552 = B_SPLINE_CURVE_WITH_KNOTS('',1,(#8553,#8554),.UNSPECIFIED.,.F.,
  .F.,(2,2),(0.,1.570796326795),.PIECEWISE_BEZIER_KNOTS.);
#8553 = CARTESIAN_POINT('',(0.,0.));
#8554 = CARTESIAN_POINT('',(0.,1.570796326795));
#8555 = ( GEOMETRIC_REPRESENTATION_CONTEXT(2) 
PARAMETRIC_REPRESENTATION_CONTEXT() REPRESENTATION_CONTEXT('2D SPACE',''
  ) );
#8556 = PCURVE('',#3301,#8557);
#8557 = DEFINITIONAL_REPRESENTATION('',(#8558),#8561);
#8558 = B_SPLINE_CURVE_WITH_KNOTS('',1,(#8559,#8560),.UNSPECIFIED.,.F.,
  .F.,(2,2),(0.,1.570796326795),.PIECEWISE_BEZIER_KNOTS.);
#8559 = CARTESIAN_POINT('',(0.,45.73));
#8560 = CARTESIAN_POINT('',(-1.570796326795,45.73));
#8561 = ( GEOMETRIC_REPRESENTATION_CONTEXT(2) 
PARAMETRIC_REPRESENTATION_CONTEXT() REPRESENTATION_CONTEXT('2D SPACE',''
  ) );
#8562 = ORIENTED_EDGE('',*,*,#3201,.T.);
#8563 = ORIENTED_EDGE('',*,*,#7257,.T.);
#8564 = ORIENTED_EDGE('',*,*,#8565,.F.);
#8565 = EDGE_CURVE('',#8542,#7258,#8566,.T.);
#8566 = SURFACE_CURVE('',#8567,(#8572,#8579),.PCURVE_S1.);
#8567 = CIRCLE('',#8568,17.);
#8568 = AXIS2_PLACEMENT_3D('',#8569,#8570,#8571);
#8569 = CARTESIAN_POINT('',(-22.865,64.43,11.15));
#8570 = DIRECTION('',(0.,0.,1.));
#8571 = DIRECTION('',(0.,1.,-0.));
#8572 = PCURVE('',#3216,#8573);
#8573 = DEFINITIONAL_REPRESENTATION('',(#8574),#8578);
#8574 = LINE('',#8575,#8576);
#8575 = CARTESIAN_POINT('',(0.,1.570796326795));
#8576 = VECTOR('',#8577,1.);
#8577 = DIRECTION('',(1.,0.));
#8578 = ( GEOMETRIC_REPRESENTATION_CONTEXT(2) 
PARAMETRIC_REPRESENTATION_CONTEXT() REPRESENTATION_CONTEXT('2D SPACE',''
  ) );
#8579 = PCURVE('',#6983,#8580);
#8580 = DEFINITIONAL_REPRESENTATION('',(#8581),#8585);
#8581 = CIRCLE('',#8582,17.);
#8582 = AXIS2_PLACEMENT_2D('',#8583,#8584);
#8583 = CARTESIAN_POINT('',(-22.865,64.43));
#8584 = DIRECTION('',(0.,1.));
#8585 = ( GEOMETRIC_REPRESENTATION_CONTEXT(2) 
PARAMETRIC_REPRESENTATION_CONTEXT() REPRESENTATION_CONTEXT('2D SPACE',''
  ) );
#8586 = ADVANCED_FACE('',(#8587),#3271,.T.);
#8587 = FACE_BOUND('',#8588,.T.);
#8588 = EDGE_LOOP('',(#8589,#8590,#8591,#8613));
#8589 = ORIENTED_EDGE('',*,*,#8121,.F.);
#8590 = ORIENTED_EDGE('',*,*,#3256,.T.);
#8591 = ORIENTED_EDGE('',*,*,#8592,.T.);
#8592 = EDGE_CURVE('',#3234,#8593,#8595,.T.);
#8593 = VERTEX_POINT('',#8594);
#8594 = CARTESIAN_POINT('',(22.865,81.43,11.15));
#8595 = SURFACE_CURVE('',#8596,(#8601,#8607),.PCURVE_S1.);
#8596 = CIRCLE('',#8597,0.5);
#8597 = AXIS2_PLACEMENT_3D('',#8598,#8599,#8600);
#8598 = CARTESIAN_POINT('',(22.865,81.43,10.65));
#8599 = DIRECTION('',(1.,-6.123233995737E-17,0.));
#8600 = DIRECTION('',(6.123233995737E-17,1.,0.));
#8601 = PCURVE('',#3271,#8602);
#8602 = DEFINITIONAL_REPRESENTATION('',(#8603),#8606);
#8603 = B_SPLINE_CURVE_WITH_KNOTS('',1,(#8604,#8605),.UNSPECIFIED.,.F.,
  .F.,(2,2),(0.,1.570796326795),.PIECEWISE_BEZIER_KNOTS.);
#8604 = CARTESIAN_POINT('',(1.570796326795,0.));
#8605 = CARTESIAN_POINT('',(1.570796326795,1.570796326795));
#8606 = ( GEOMETRIC_REPRESENTATION_CONTEXT(2) 
PARAMETRIC_REPRESENTATION_CONTEXT() REPRESENTATION_CONTEXT('2D SPACE',''
  ) );
#8607 = PCURVE('',#3301,#8608);
#8608 = DEFINITIONAL_REPRESENTATION('',(#8609),#8612);
#8609 = B_SPLINE_CURVE_WITH_KNOTS('',1,(#8610,#8611),.UNSPECIFIED.,.F.,
  .F.,(2,2),(0.,1.570796326795),.PIECEWISE_BEZIER_KNOTS.);
#8610 = CARTESIAN_POINT('',(0.,0.));
#8611 = CARTESIAN_POINT('',(-1.570796326795,0.));
#8612 = ( GEOMETRIC_REPRESENTATION_CONTEXT(2) 
PARAMETRIC_REPRESENTATION_CONTEXT() REPRESENTATION_CONTEXT('2D SPACE',''
  ) );
#8613 = ORIENTED_EDGE('',*,*,#8614,.F.);
#8614 = EDGE_CURVE('',#8099,#8593,#8615,.T.);
#8615 = SURFACE_CURVE('',#8616,(#8621,#8628),.PCURVE_S1.);
#8616 = CIRCLE('',#8617,17.);
#8617 = AXIS2_PLACEMENT_3D('',#8618,#8619,#8620);
#8618 = CARTESIAN_POINT('',(22.865,64.43,11.15));
#8619 = DIRECTION('',(0.,0.,1.));
#8620 = DIRECTION('',(1.,0.,-0.));
#8621 = PCURVE('',#3271,#8622);
#8622 = DEFINITIONAL_REPRESENTATION('',(#8623),#8627);
#8623 = LINE('',#8624,#8625);
#8624 = CARTESIAN_POINT('',(0.,1.570796326795));
#8625 = VECTOR('',#8626,1.);
#8626 = DIRECTION('',(1.,0.));
#8627 = ( GEOMETRIC_REPRESENTATION_CONTEXT(2) 
PARAMETRIC_REPRESENTATION_CONTEXT() REPRESENTATION_CONTEXT('2D SPACE',''
  ) );
#8628 = PCURVE('',#6983,#8629);
#8629 = DEFINITIONAL_REPRESENTATION('',(#8630),#8634);
#8630 = CIRCLE('',#8631,17.);
#8631 = AXIS2_PLACEMENT_2D('',#8632,#8633);
#8632 = CARTESIAN_POINT('',(22.865,64.43));
#8633 = DIRECTION('',(1.,0.));
#8634 = ( GEOMETRIC_REPRESENTATION_CONTEXT(2) 
PARAMETRIC_REPRESENTATION_CONTEXT() REPRESENTATION_CONTEXT('2D SPACE',''
  ) );
#8635 = ADVANCED_FACE('',(#8636),#3301,.T.);
#8636 = FACE_BOUND('',#8637,.F.);
#8637 = EDGE_LOOP('',(#8638,#8639,#8660,#8661));
#8638 = ORIENTED_EDGE('',*,*,#8592,.T.);
#8639 = ORIENTED_EDGE('',*,*,#8640,.T.);
#8640 = EDGE_CURVE('',#8593,#8542,#8641,.T.);
#8641 = SURFACE_CURVE('',#8642,(#8646,#8653),.PCURVE_S1.);
#8642 = LINE('',#8643,#8644);
#8643 = CARTESIAN_POINT('',(22.865,81.43,11.15));
#8644 = VECTOR('',#8645,1.);
#8645 = DIRECTION('',(-1.,0.,0.));
#8646 = PCURVE('',#3301,#8647);
#8647 = DEFINITIONAL_REPRESENTATION('',(#8648),#8652);
#8648 = LINE('',#8649,#8650);
#8649 = CARTESIAN_POINT('',(-1.570796326795,0.));
#8650 = VECTOR('',#8651,1.);
#8651 = DIRECTION('',(-0.,1.));
#8652 = ( GEOMETRIC_REPRESENTATION_CONTEXT(2) 
PARAMETRIC_REPRESENTATION_CONTEXT() REPRESENTATION_CONTEXT('2D SPACE',''
  ) );
#8653 = PCURVE('',#6983,#8654);
#8654 = DEFINITIONAL_REPRESENTATION('',(#8655),#8659);
#8655 = LINE('',#8656,#8657);
#8656 = CARTESIAN_POINT('',(22.865,81.43));
#8657 = VECTOR('',#8658,1.);
#8658 = DIRECTION('',(-1.,0.));
#8659 = ( GEOMETRIC_REPRESENTATION_CONTEXT(2) 
PARAMETRIC_REPRESENTATION_CONTEXT() REPRESENTATION_CONTEXT('2D SPACE',''
  ) );
#8660 = ORIENTED_EDGE('',*,*,#8541,.F.);
#8661 = ORIENTED_EDGE('',*,*,#3287,.F.);
#8662 = ADVANCED_FACE('',(#8663),#3336,.T.);
#8663 = FACE_BOUND('',#8664,.T.);
#8664 = EDGE_LOOP('',(#8665,#8666,#8687,#8688));
#8665 = ORIENTED_EDGE('',*,*,#3318,.F.);
#8666 = ORIENTED_EDGE('',*,*,#8667,.T.);
#8667 = EDGE_CURVE('',#3319,#6497,#8668,.T.);
#8668 = SURFACE_CURVE('',#8669,(#8673,#8680),.PCURVE_S1.);
#8669 = LINE('',#8670,#8671);
#8670 = CARTESIAN_POINT('',(-22.865,-80.23,1.6));
#8671 = VECTOR('',#8672,1.);
#8672 = DIRECTION('',(0.,0.,1.));
#8673 = PCURVE('',#3336,#8674);
#8674 = DEFINITIONAL_REPRESENTATION('',(#8675),#8679);
#8675 = LINE('',#8676,#8677);
#8676 = CARTESIAN_POINT('',(15.8,0.));
#8677 = VECTOR('',#8678,1.);
#8678 = DIRECTION('',(0.,-1.));
#8679 = ( GEOMETRIC_REPRESENTATION_CONTEXT(2) 
PARAMETRIC_REPRESENTATION_CONTEXT() REPRESENTATION_CONTEXT('2D SPACE',''
  ) );
#8680 = PCURVE('',#3538,#8681);
#8681 = DEFINITIONAL_REPRESENTATION('',(#8682),#8686);
#8682 = LINE('',#8683,#8684);
#8683 = CARTESIAN_POINT('',(-0.,0.));
#8684 = VECTOR('',#8685,1.);
#8685 = DIRECTION('',(-0.,1.));
#8686 = ( GEOMETRIC_REPRESENTATION_CONTEXT(2) 
PARAMETRIC_REPRESENTATION_CONTEXT() REPRESENTATION_CONTEXT('2D SPACE',''
  ) );
#8687 = ORIENTED_EDGE('',*,*,#6496,.T.);
#8688 = ORIENTED_EDGE('',*,*,#8689,.F.);
#8689 = EDGE_CURVE('',#3321,#6473,#8690,.T.);
#8690 = SURFACE_CURVE('',#8691,(#8695,#8702),.PCURVE_S1.);
#8691 = LINE('',#8692,#8693);
#8692 = CARTESIAN_POINT('',(22.865,-80.23,1.6));
#8693 = VECTOR('',#8694,1.);
#8694 = DIRECTION('',(0.,0.,1.));
#8695 = PCURVE('',#3336,#8696);
#8696 = DEFINITIONAL_REPRESENTATION('',(#8697),#8701);
#8697 = LINE('',#8698,#8699);
#8698 = CARTESIAN_POINT('',(61.53,0.));
#8699 = VECTOR('',#8700,1.);
#8700 = DIRECTION('',(0.,-1.));
#8701 = ( GEOMETRIC_REPRESENTATION_CONTEXT(2) 
PARAMETRIC_REPRESENTATION_CONTEXT() REPRESENTATION_CONTEXT('2D SPACE',''
  ) );
#8702 = PCURVE('',#3365,#8703);
#8703 = DEFINITIONAL_REPRESENTATION('',(#8704),#8708);
#8704 = LINE('',#8705,#8706);
#8705 = CARTESIAN_POINT('',(0.,0.));
#8706 = VECTOR('',#8707,1.);
#8707 = DIRECTION('',(0.,1.));
#8708 = ( GEOMETRIC_REPRESENTATION_CONTEXT(2) 
PARAMETRIC_REPRESENTATION_CONTEXT() REPRESENTATION_CONTEXT('2D SPACE',''
  ) );
#8709 = ADVANCED_FACE('',(#8710),#3538,.F.);
#8710 = FACE_BOUND('',#8711,.T.);
#8711 = EDGE_LOOP('',(#8712,#8713,#8714,#8737,#8770,#8791,#8792,#8793,
    #8794,#8795));
#8712 = ORIENTED_EDGE('',*,*,#8667,.F.);
#8713 = ORIENTED_EDGE('',*,*,#3519,.T.);
#8714 = ORIENTED_EDGE('',*,*,#8715,.T.);
#8715 = EDGE_CURVE('',#3492,#8716,#8718,.T.);
#8716 = VERTEX_POINT('',#8717);
#8717 = CARTESIAN_POINT('',(-38.665,-64.43,10.15));
#8718 = SURFACE_CURVE('',#8719,(#8723,#8730),.PCURVE_S1.);
#8719 = LINE('',#8720,#8721);
#8720 = CARTESIAN_POINT('',(-38.665,-64.43,1.6));
#8721 = VECTOR('',#8722,1.);
#8722 = DIRECTION('',(0.,0.,1.));
#8723 = PCURVE('',#3538,#8724);
#8724 = DEFINITIONAL_REPRESENTATION('',(#8725),#8729);
#8725 = LINE('',#8726,#8727);
#8726 = CARTESIAN_POINT('',(-1.570796326795,0.));
#8727 = VECTOR('',#8728,1.);
#8728 = DIRECTION('',(-0.,1.));
#8729 = ( GEOMETRIC_REPRESENTATION_CONTEXT(2) 
PARAMETRIC_REPRESENTATION_CONTEXT() REPRESENTATION_CONTEXT('2D SPACE',''
  ) );
#8730 = PCURVE('',#3507,#8731);
#8731 = DEFINITIONAL_REPRESENTATION('',(#8732),#8736);
#8732 = LINE('',#8733,#8734);
#8733 = CARTESIAN_POINT('',(144.66,0.));
#8734 = VECTOR('',#8735,1.);
#8735 = DIRECTION('',(0.,-1.));
#8736 = ( GEOMETRIC_REPRESENTATION_CONTEXT(2) 
PARAMETRIC_REPRESENTATION_CONTEXT() REPRESENTATION_CONTEXT('2D SPACE',''
  ) );
#8737 = ORIENTED_EDGE('',*,*,#8738,.F.);
#8738 = EDGE_CURVE('',#8739,#8716,#8741,.T.);
#8739 = VERTEX_POINT('',#8740);
#8740 = CARTESIAN_POINT('',(-22.865,-80.23,10.15));
#8741 = SURFACE_CURVE('',#8742,(#8747,#8754),.PCURVE_S1.);
#8742 = CIRCLE('',#8743,15.8);
#8743 = AXIS2_PLACEMENT_3D('',#8744,#8745,#8746);
#8744 = CARTESIAN_POINT('',(-22.865,-64.43,10.15));
#8745 = DIRECTION('',(-0.,-0.,-1.));
#8746 = DIRECTION('',(0.,-1.,0.));
#8747 = PCURVE('',#3538,#8748);
#8748 = DEFINITIONAL_REPRESENTATION('',(#8749),#8753);
#8749 = LINE('',#8750,#8751);
#8750 = CARTESIAN_POINT('',(-0.,8.55));
#8751 = VECTOR('',#8752,1.);
#8752 = DIRECTION('',(-1.,0.));
#8753 = ( GEOMETRIC_REPRESENTATION_CONTEXT(2) 
PARAMETRIC_REPRESENTATION_CONTEXT() REPRESENTATION_CONTEXT('2D SPACE',''
  ) );
#8754 = PCURVE('',#8755,#8760);
#8755 = PLANE('',#8756);
#8756 = AXIS2_PLACEMENT_3D('',#8757,#8758,#8759);
#8757 = CARTESIAN_POINT('',(0.,-1.912390558419E-15,10.15));
#8758 = DIRECTION('',(0.,0.,1.));
#8759 = DIRECTION('',(1.,0.,-0.));
#8760 = DEFINITIONAL_REPRESENTATION('',(#8761),#8769);
#8761 = ( BOUNDED_CURVE() B_SPLINE_CURVE(2,(#8762,#8763,#8764,#8765,
#8766,#8767,#8768),.UNSPECIFIED.,.T.,.F.) B_SPLINE_CURVE_WITH_KNOTS((1,2
    ,2,2,2,1),(-2.094395102393,0.,2.094395102393,4.188790204786,
6.28318530718,8.377580409573),.UNSPECIFIED.) CURVE() 
GEOMETRIC_REPRESENTATION_ITEM() RATIONAL_B_SPLINE_CURVE((1.,0.5,1.,0.5,
1.,0.5,1.)) REPRESENTATION_ITEM('') );
#8762 = CARTESIAN_POINT('',(-22.865,-80.23));
#8763 = CARTESIAN_POINT('',(-50.23140275958,-80.23));
#8764 = CARTESIAN_POINT('',(-36.54820137979,-56.53));
#8765 = CARTESIAN_POINT('',(-22.865,-32.83));
#8766 = CARTESIAN_POINT('',(-9.181798620206,-56.53));
#8767 = CARTESIAN_POINT('',(4.501402759588,-80.23));
#8768 = CARTESIAN_POINT('',(-22.865,-80.23));
#8769 = ( GEOMETRIC_REPRESENTATION_CONTEXT(2) 
PARAMETRIC_REPRESENTATION_CONTEXT() REPRESENTATION_CONTEXT('2D SPACE',''
  ) );
#8770 = ORIENTED_EDGE('',*,*,#8771,.F.);
#8771 = EDGE_CURVE('',#6841,#8739,#8772,.T.);
#8772 = SURFACE_CURVE('',#8773,(#8777,#8784),.PCURVE_S1.);
#8773 = LINE('',#8774,#8775);
#8774 = CARTESIAN_POINT('',(-22.865,-80.23,1.6));
#8775 = VECTOR('',#8776,1.);
#8776 = DIRECTION('',(0.,0.,1.));
#8777 = PCURVE('',#3538,#8778);
#8778 = DEFINITIONAL_REPRESENTATION('',(#8779),#8783);
#8779 = LINE('',#8780,#8781);
#8780 = CARTESIAN_POINT('',(-0.,0.));
#8781 = VECTOR('',#8782,1.);
#8782 = DIRECTION('',(-0.,1.));
#8783 = ( GEOMETRIC_REPRESENTATION_CONTEXT(2) 
PARAMETRIC_REPRESENTATION_CONTEXT() REPRESENTATION_CONTEXT('2D SPACE',''
  ) );
#8784 = PCURVE('',#6855,#8785);
#8785 = DEFINITIONAL_REPRESENTATION('',(#8786),#8790);
#8786 = LINE('',#8787,#8788);
#8787 = CARTESIAN_POINT('',(15.8,0.));
#8788 = VECTOR('',#8789,1.);
#8789 = DIRECTION('',(0.,-1.));
#8790 = ( GEOMETRIC_REPRESENTATION_CONTEXT(2) 
PARAMETRIC_REPRESENTATION_CONTEXT() REPRESENTATION_CONTEXT('2D SPACE',''
  ) );
#8791 = ORIENTED_EDGE('',*,*,#6866,.F.);
#8792 = ORIENTED_EDGE('',*,*,#6681,.F.);
#8793 = ORIENTED_EDGE('',*,*,#6634,.F.);
#8794 = ORIENTED_EDGE('',*,*,#6565,.T.);
#8795 = ORIENTED_EDGE('',*,*,#6517,.T.);
#8796 = ADVANCED_FACE('',(#8797),#3365,.F.);
#8797 = FACE_BOUND('',#8798,.F.);
#8798 = EDGE_LOOP('',(#8799,#8800,#8801,#8824,#8848,#8869,#8870,#8871,
    #8872,#8873));
#8799 = ORIENTED_EDGE('',*,*,#8689,.F.);
#8800 = ORIENTED_EDGE('',*,*,#3348,.T.);
#8801 = ORIENTED_EDGE('',*,*,#8802,.T.);
#8802 = EDGE_CURVE('',#3349,#8803,#8805,.T.);
#8803 = VERTEX_POINT('',#8804);
#8804 = CARTESIAN_POINT('',(38.665,-64.43,10.15));
#8805 = SURFACE_CURVE('',#8806,(#8810,#8817),.PCURVE_S1.);
#8806 = LINE('',#8807,#8808);
#8807 = CARTESIAN_POINT('',(38.665,-64.43,1.6));
#8808 = VECTOR('',#8809,1.);
#8809 = DIRECTION('',(0.,0.,1.));
#8810 = PCURVE('',#3365,#8811);
#8811 = DEFINITIONAL_REPRESENTATION('',(#8812),#8816);
#8812 = LINE('',#8813,#8814);
#8813 = CARTESIAN_POINT('',(1.570796326795,0.));
#8814 = VECTOR('',#8815,1.);
#8815 = DIRECTION('',(0.,1.));
#8816 = ( GEOMETRIC_REPRESENTATION_CONTEXT(2) 
PARAMETRIC_REPRESENTATION_CONTEXT() REPRESENTATION_CONTEXT('2D SPACE',''
  ) );
#8817 = PCURVE('',#3393,#8818);
#8818 = DEFINITIONAL_REPRESENTATION('',(#8819),#8823);
#8819 = LINE('',#8820,#8821);
#8820 = CARTESIAN_POINT('',(15.8,0.));
#8821 = VECTOR('',#8822,1.);
#8822 = DIRECTION('',(0.,-1.));
#8823 = ( GEOMETRIC_REPRESENTATION_CONTEXT(2) 
PARAMETRIC_REPRESENTATION_CONTEXT() REPRESENTATION_CONTEXT('2D SPACE',''
  ) );
#8824 = ORIENTED_EDGE('',*,*,#8825,.F.);
#8825 = EDGE_CURVE('',#8826,#8803,#8828,.T.);
#8826 = VERTEX_POINT('',#8827);
#8827 = CARTESIAN_POINT('',(22.865,-80.23,10.15));
#8828 = SURFACE_CURVE('',#8829,(#8834,#8841),.PCURVE_S1.);
#8829 = CIRCLE('',#8830,15.8);
#8830 = AXIS2_PLACEMENT_3D('',#8831,#8832,#8833);
#8831 = CARTESIAN_POINT('',(22.865,-64.43,10.15));
#8832 = DIRECTION('',(0.,0.,1.));
#8833 = DIRECTION('',(0.,-1.,0.));
#8834 = PCURVE('',#3365,#8835);
#8835 = DEFINITIONAL_REPRESENTATION('',(#8836),#8840);
#8836 = LINE('',#8837,#8838);
#8837 = CARTESIAN_POINT('',(0.,8.55));
#8838 = VECTOR('',#8839,1.);
#8839 = DIRECTION('',(1.,0.));
#8840 = ( GEOMETRIC_REPRESENTATION_CONTEXT(2) 
PARAMETRIC_REPRESENTATION_CONTEXT() REPRESENTATION_CONTEXT('2D SPACE',''
  ) );
#8841 = PCURVE('',#8755,#8842);
#8842 = DEFINITIONAL_REPRESENTATION('',(#8843),#8847);
#8843 = CIRCLE('',#8844,15.8);
#8844 = AXIS2_PLACEMENT_2D('',#8845,#8846);
#8845 = CARTESIAN_POINT('',(22.865,-64.43));
#8846 = DIRECTION('',(0.,-1.));
#8847 = ( GEOMETRIC_REPRESENTATION_CONTEXT(2) 
PARAMETRIC_REPRESENTATION_CONTEXT() REPRESENTATION_CONTEXT('2D SPACE',''
  ) );
#8848 = ORIENTED_EDGE('',*,*,#8849,.F.);
#8849 = EDGE_CURVE('',#6817,#8826,#8850,.T.);
#8850 = SURFACE_CURVE('',#8851,(#8855,#8862),.PCURVE_S1.);
#8851 = LINE('',#8852,#8853);
#8852 = CARTESIAN_POINT('',(22.865,-80.23,1.6));
#8853 = VECTOR('',#8854,1.);
#8854 = DIRECTION('',(0.,0.,1.));
#8855 = PCURVE('',#3365,#8856);
#8856 = DEFINITIONAL_REPRESENTATION('',(#8857),#8861);
#8857 = LINE('',#8858,#8859);
#8858 = CARTESIAN_POINT('',(0.,0.));
#8859 = VECTOR('',#8860,1.);
#8860 = DIRECTION('',(0.,1.));
#8861 = ( GEOMETRIC_REPRESENTATION_CONTEXT(2) 
PARAMETRIC_REPRESENTATION_CONTEXT() REPRESENTATION_CONTEXT('2D SPACE',''
  ) );
#8862 = PCURVE('',#6855,#8863);
#8863 = DEFINITIONAL_REPRESENTATION('',(#8864),#8868);
#8864 = LINE('',#8865,#8866);
#8865 = CARTESIAN_POINT('',(61.53,0.));
#8866 = VECTOR('',#8867,1.);
#8867 = DIRECTION('',(0.,-1.));
#8868 = ( GEOMETRIC_REPRESENTATION_CONTEXT(2) 
PARAMETRIC_REPRESENTATION_CONTEXT() REPRESENTATION_CONTEXT('2D SPACE',''
  ) );
#8869 = ORIENTED_EDGE('',*,*,#6816,.T.);
#8870 = ORIENTED_EDGE('',*,*,#7130,.F.);
#8871 = ORIENTED_EDGE('',*,*,#7105,.F.);
#8872 = ORIENTED_EDGE('',*,*,#7023,.T.);
#8873 = ORIENTED_EDGE('',*,*,#6472,.F.);
#8874 = ADVANCED_FACE('',(#8875,#8923,#8933),#3507,.T.);
#8875 = FACE_BOUND('',#8876,.T.);
#8876 = EDGE_LOOP('',(#8877,#8878,#8901,#8922));
#8877 = ORIENTED_EDGE('',*,*,#3491,.F.);
#8878 = ORIENTED_EDGE('',*,*,#8879,.T.);
#8879 = EDGE_CURVE('',#3463,#8880,#8882,.T.);
#8880 = VERTEX_POINT('',#8881);
#8881 = CARTESIAN_POINT('',(-38.665,64.43,10.15));
#8882 = SURFACE_CURVE('',#8883,(#8887,#8894),.PCURVE_S1.);
#8883 = LINE('',#8884,#8885);
#8884 = CARTESIAN_POINT('',(-38.665,64.43,1.6));
#8885 = VECTOR('',#8886,1.);
#8886 = DIRECTION('',(0.,0.,1.));
#8887 = PCURVE('',#3507,#8888);
#8888 = DEFINITIONAL_REPRESENTATION('',(#8889),#8893);
#8889 = LINE('',#8890,#8891);
#8890 = CARTESIAN_POINT('',(15.8,0.));
#8891 = VECTOR('',#8892,1.);
#8892 = DIRECTION('',(0.,-1.));
#8893 = ( GEOMETRIC_REPRESENTATION_CONTEXT(2) 
PARAMETRIC_REPRESENTATION_CONTEXT() REPRESENTATION_CONTEXT('2D SPACE',''
  ) );
#8894 = PCURVE('',#3479,#8895);
#8895 = DEFINITIONAL_REPRESENTATION('',(#8896),#8900);
#8896 = LINE('',#8897,#8898);
#8897 = CARTESIAN_POINT('',(1.570796326795,0.));
#8898 = VECTOR('',#8899,1.);
#8899 = DIRECTION('',(0.,1.));
#8900 = ( GEOMETRIC_REPRESENTATION_CONTEXT(2) 
PARAMETRIC_REPRESENTATION_CONTEXT() REPRESENTATION_CONTEXT('2D SPACE',''
  ) );
#8901 = ORIENTED_EDGE('',*,*,#8902,.T.);
#8902 = EDGE_CURVE('',#8880,#8716,#8903,.T.);
#8903 = SURFACE_CURVE('',#8904,(#8908,#8915),.PCURVE_S1.);
#8904 = LINE('',#8905,#8906);
#8905 = CARTESIAN_POINT('',(-38.665,80.23,10.15));
#8906 = VECTOR('',#8907,1.);
#8907 = DIRECTION('',(0.,-1.,0.));
#8908 = PCURVE('',#3507,#8909);
#8909 = DEFINITIONAL_REPRESENTATION('',(#8910),#8914);
#8910 = LINE('',#8911,#8912);
#8911 = CARTESIAN_POINT('',(0.,-8.55));
#8912 = VECTOR('',#8913,1.);
#8913 = DIRECTION('',(1.,0.));
#8914 = ( GEOMETRIC_REPRESENTATION_CONTEXT(2) 
PARAMETRIC_REPRESENTATION_CONTEXT() REPRESENTATION_CONTEXT('2D SPACE',''
  ) );
#8915 = PCURVE('',#8755,#8916);
#8916 = DEFINITIONAL_REPRESENTATION('',(#8917),#8921);
#8917 = LINE('',#8918,#8919);
#8918 = CARTESIAN_POINT('',(-38.665,80.23));
#8919 = VECTOR('',#8920,1.);
#8920 = DIRECTION('',(0.,-1.));
#8921 = ( GEOMETRIC_REPRESENTATION_CONTEXT(2) 
PARAMETRIC_REPRESENTATION_CONTEXT() REPRESENTATION_CONTEXT('2D SPACE',''
  ) );
#8922 = ORIENTED_EDGE('',*,*,#8715,.F.);
#8923 = FACE_BOUND('',#8924,.T.);
#8924 = EDGE_LOOP('',(#8925,#8926,#8927,#8928,#8929,#8930,#8931,#8932));
#8925 = ORIENTED_EDGE('',*,*,#7352,.F.);
#8926 = ORIENTED_EDGE('',*,*,#7402,.T.);
#8927 = ORIENTED_EDGE('',*,*,#7496,.F.);
#8928 = ORIENTED_EDGE('',*,*,#7576,.F.);
#8929 = ORIENTED_EDGE('',*,*,#7670,.T.);
#8930 = ORIENTED_EDGE('',*,*,#7623,.T.);
#8931 = ORIENTED_EDGE('',*,*,#7544,.T.);
#8932 = ORIENTED_EDGE('',*,*,#7425,.T.);
#8933 = FACE_BOUND('',#8934,.T.);
#8934 = EDGE_LOOP('',(#8935,#8936,#8937,#8938,#8939,#8940,#8941,#8942));
#8935 = ORIENTED_EDGE('',*,*,#7748,.F.);
#8936 = ORIENTED_EDGE('',*,*,#8075,.T.);
#8937 = ORIENTED_EDGE('',*,*,#8047,.F.);
#8938 = ORIENTED_EDGE('',*,*,#7998,.F.);
#8939 = ORIENTED_EDGE('',*,*,#7922,.T.);
#8940 = ORIENTED_EDGE('',*,*,#7875,.T.);
#8941 = ORIENTED_EDGE('',*,*,#7843,.T.);
#8942 = ORIENTED_EDGE('',*,*,#7774,.T.);
#8943 = ADVANCED_FACE('',(#8944,#8992),#3393,.T.);
#8944 = FACE_BOUND('',#8945,.T.);
#8945 = EDGE_LOOP('',(#8946,#8947,#8948,#8971));
#8946 = ORIENTED_EDGE('',*,*,#3377,.F.);
#8947 = ORIENTED_EDGE('',*,*,#8802,.T.);
#8948 = ORIENTED_EDGE('',*,*,#8949,.T.);
#8949 = EDGE_CURVE('',#8803,#8950,#8952,.T.);
#8950 = VERTEX_POINT('',#8951);
#8951 = CARTESIAN_POINT('',(38.665,64.43,10.15));
#8952 = SURFACE_CURVE('',#8953,(#8957,#8964),.PCURVE_S1.);
#8953 = LINE('',#8954,#8955);
#8954 = CARTESIAN_POINT('',(38.665,-80.23,10.15));
#8955 = VECTOR('',#8956,1.);
#8956 = DIRECTION('',(0.,1.,0.));
#8957 = PCURVE('',#3393,#8958);
#8958 = DEFINITIONAL_REPRESENTATION('',(#8959),#8963);
#8959 = LINE('',#8960,#8961);
#8960 = CARTESIAN_POINT('',(0.,-8.55));
#8961 = VECTOR('',#8962,1.);
#8962 = DIRECTION('',(1.,0.));
#8963 = ( GEOMETRIC_REPRESENTATION_CONTEXT(2) 
PARAMETRIC_REPRESENTATION_CONTEXT() REPRESENTATION_CONTEXT('2D SPACE',''
  ) );
#8964 = PCURVE('',#8755,#8965);
#8965 = DEFINITIONAL_REPRESENTATION('',(#8966),#8970);
#8966 = LINE('',#8967,#8968);
#8967 = CARTESIAN_POINT('',(38.665,-80.23));
#8968 = VECTOR('',#8969,1.);
#8969 = DIRECTION('',(0.,1.));
#8970 = ( GEOMETRIC_REPRESENTATION_CONTEXT(2) 
PARAMETRIC_REPRESENTATION_CONTEXT() REPRESENTATION_CONTEXT('2D SPACE',''
  ) );
#8971 = ORIENTED_EDGE('',*,*,#8972,.F.);
#8972 = EDGE_CURVE('',#3378,#8950,#8973,.T.);
#8973 = SURFACE_CURVE('',#8974,(#8978,#8985),.PCURVE_S1.);
#8974 = LINE('',#8975,#8976);
#8975 = CARTESIAN_POINT('',(38.665,64.43,1.6));
#8976 = VECTOR('',#8977,1.);
#8977 = DIRECTION('',(0.,0.,1.));
#8978 = PCURVE('',#3393,#8979);
#8979 = DEFINITIONAL_REPRESENTATION('',(#8980),#8984);
#8980 = LINE('',#8981,#8982);
#8981 = CARTESIAN_POINT('',(144.66,0.));
#8982 = VECTOR('',#8983,1.);
#8983 = DIRECTION('',(0.,-1.));
#8984 = ( GEOMETRIC_REPRESENTATION_CONTEXT(2) 
PARAMETRIC_REPRESENTATION_CONTEXT() REPRESENTATION_CONTEXT('2D SPACE',''
  ) );
#8985 = PCURVE('',#3422,#8986);
#8986 = DEFINITIONAL_REPRESENTATION('',(#8987),#8991);
#8987 = LINE('',#8988,#8989);
#8988 = CARTESIAN_POINT('',(0.,0.));
#8989 = VECTOR('',#8990,1.);
#8990 = DIRECTION('',(0.,1.));
#8991 = ( GEOMETRIC_REPRESENTATION_CONTEXT(2) 
PARAMETRIC_REPRESENTATION_CONTEXT() REPRESENTATION_CONTEXT('2D SPACE',''
  ) );
#8992 = FACE_BOUND('',#8993,.T.);
#8993 = EDGE_LOOP('',(#8994,#8995,#8996,#8997,#8998,#8999,#9000,#9001));
#8994 = ORIENTED_EDGE('',*,*,#8168,.T.);
#8995 = ORIENTED_EDGE('',*,*,#8517,.T.);
#8996 = ORIENTED_EDGE('',*,*,#8485,.T.);
#8997 = ORIENTED_EDGE('',*,*,#8440,.T.);
#8998 = ORIENTED_EDGE('',*,*,#8390,.F.);
#8999 = ORIENTED_EDGE('',*,*,#8343,.T.);
#9000 = ORIENTED_EDGE('',*,*,#8293,.F.);
#9001 = ORIENTED_EDGE('',*,*,#8246,.F.);
#9002 = ADVANCED_FACE('',(#9003),#3479,.F.);
#9003 = FACE_BOUND('',#9004,.F.);
#9004 = EDGE_LOOP('',(#9005,#9006,#9007,#9031));
#9005 = ORIENTED_EDGE('',*,*,#3462,.T.);
#9006 = ORIENTED_EDGE('',*,*,#8879,.T.);
#9007 = ORIENTED_EDGE('',*,*,#9008,.F.);
#9008 = EDGE_CURVE('',#9009,#8880,#9011,.T.);
#9009 = VERTEX_POINT('',#9010);
#9010 = CARTESIAN_POINT('',(-22.865,80.23,10.15));
#9011 = SURFACE_CURVE('',#9012,(#9017,#9024),.PCURVE_S1.);
#9012 = CIRCLE('',#9013,15.8);
#9013 = AXIS2_PLACEMENT_3D('',#9014,#9015,#9016);
#9014 = CARTESIAN_POINT('',(-22.865,64.43,10.15));
#9015 = DIRECTION('',(0.,0.,1.));
#9016 = DIRECTION('',(0.,-1.,0.));
#9017 = PCURVE('',#3479,#9018);
#9018 = DEFINITIONAL_REPRESENTATION('',(#9019),#9023);
#9019 = LINE('',#9020,#9021);
#9020 = CARTESIAN_POINT('',(-3.14159265359,8.55));
#9021 = VECTOR('',#9022,1.);
#9022 = DIRECTION('',(1.,0.));
#9023 = ( GEOMETRIC_REPRESENTATION_CONTEXT(2) 
PARAMETRIC_REPRESENTATION_CONTEXT() REPRESENTATION_CONTEXT('2D SPACE',''
  ) );
#9024 = PCURVE('',#8755,#9025);
#9025 = DEFINITIONAL_REPRESENTATION('',(#9026),#9030);
#9026 = CIRCLE('',#9027,15.8);
#9027 = AXIS2_PLACEMENT_2D('',#9028,#9029);
#9028 = CARTESIAN_POINT('',(-22.865,64.43));
#9029 = DIRECTION('',(0.,-1.));
#9030 = ( GEOMETRIC_REPRESENTATION_CONTEXT(2) 
PARAMETRIC_REPRESENTATION_CONTEXT() REPRESENTATION_CONTEXT('2D SPACE',''
  ) );
#9031 = ORIENTED_EDGE('',*,*,#9032,.F.);
#9032 = EDGE_CURVE('',#3435,#9009,#9033,.T.);
#9033 = SURFACE_CURVE('',#9034,(#9038,#9045),.PCURVE_S1.);
#9034 = LINE('',#9035,#9036);
#9035 = CARTESIAN_POINT('',(-22.865,80.23,1.6));
#9036 = VECTOR('',#9037,1.);
#9037 = DIRECTION('',(0.,0.,1.));
#9038 = PCURVE('',#3479,#9039);
#9039 = DEFINITIONAL_REPRESENTATION('',(#9040),#9044);
#9040 = LINE('',#9041,#9042);
#9041 = CARTESIAN_POINT('',(0.,0.));
#9042 = VECTOR('',#9043,1.);
#9043 = DIRECTION('',(0.,1.));
#9044 = ( GEOMETRIC_REPRESENTATION_CONTEXT(2) 
PARAMETRIC_REPRESENTATION_CONTEXT() REPRESENTATION_CONTEXT('2D SPACE',''
  ) );
#9045 = PCURVE('',#3450,#9046);
#9046 = DEFINITIONAL_REPRESENTATION('',(#9047),#9051);
#9047 = LINE('',#9048,#9049);
#9048 = CARTESIAN_POINT('',(61.53,0.));
#9049 = VECTOR('',#9050,1.);
#9050 = DIRECTION('',(0.,-1.));
#9051 = ( GEOMETRIC_REPRESENTATION_CONTEXT(2) 
PARAMETRIC_REPRESENTATION_CONTEXT() REPRESENTATION_CONTEXT('2D SPACE',''
  ) );
#9052 = ADVANCED_FACE('',(#9053),#3422,.F.);
#9053 = FACE_BOUND('',#9054,.F.);
#9054 = EDGE_LOOP('',(#9055,#9056,#9079,#9101));
#9055 = ORIENTED_EDGE('',*,*,#3405,.T.);
#9056 = ORIENTED_EDGE('',*,*,#9057,.T.);
#9057 = EDGE_CURVE('',#3406,#9058,#9060,.T.);
#9058 = VERTEX_POINT('',#9059);
#9059 = CARTESIAN_POINT('',(22.865,80.23,10.15));
#9060 = SURFACE_CURVE('',#9061,(#9065,#9072),.PCURVE_S1.);
#9061 = LINE('',#9062,#9063);
#9062 = CARTESIAN_POINT('',(22.865,80.23,1.6));
#9063 = VECTOR('',#9064,1.);
#9064 = DIRECTION('',(0.,0.,1.));
#9065 = PCURVE('',#3422,#9066);
#9066 = DEFINITIONAL_REPRESENTATION('',(#9067),#9071);
#9067 = LINE('',#9068,#9069);
#9068 = CARTESIAN_POINT('',(1.570796326795,0.));
#9069 = VECTOR('',#9070,1.);
#9070 = DIRECTION('',(0.,1.));
#9071 = ( GEOMETRIC_REPRESENTATION_CONTEXT(2) 
PARAMETRIC_REPRESENTATION_CONTEXT() REPRESENTATION_CONTEXT('2D SPACE',''
  ) );
#9072 = PCURVE('',#3450,#9073);
#9073 = DEFINITIONAL_REPRESENTATION('',(#9074),#9078);
#9074 = LINE('',#9075,#9076);
#9075 = CARTESIAN_POINT('',(15.8,0.));
#9076 = VECTOR('',#9077,1.);
#9077 = DIRECTION('',(0.,-1.));
#9078 = ( GEOMETRIC_REPRESENTATION_CONTEXT(2) 
PARAMETRIC_REPRESENTATION_CONTEXT() REPRESENTATION_CONTEXT('2D SPACE',''
  ) );
#9079 = ORIENTED_EDGE('',*,*,#9080,.F.);
#9080 = EDGE_CURVE('',#8950,#9058,#9081,.T.);
#9081 = SURFACE_CURVE('',#9082,(#9087,#9094),.PCURVE_S1.);
#9082 = CIRCLE('',#9083,15.8);
#9083 = AXIS2_PLACEMENT_3D('',#9084,#9085,#9086);
#9084 = CARTESIAN_POINT('',(22.865,64.43,10.15));
#9085 = DIRECTION('',(0.,0.,1.));
#9086 = DIRECTION('',(0.,-1.,0.));
#9087 = PCURVE('',#3422,#9088);
#9088 = DEFINITIONAL_REPRESENTATION('',(#9089),#9093);
#9089 = LINE('',#9090,#9091);
#9090 = CARTESIAN_POINT('',(-1.570796326795,8.55));
#9091 = VECTOR('',#9092,1.);
#9092 = DIRECTION('',(1.,0.));
#9093 = ( GEOMETRIC_REPRESENTATION_CONTEXT(2) 
PARAMETRIC_REPRESENTATION_CONTEXT() REPRESENTATION_CONTEXT('2D SPACE',''
  ) );
#9094 = PCURVE('',#8755,#9095);
#9095 = DEFINITIONAL_REPRESENTATION('',(#9096),#9100);
#9096 = CIRCLE('',#9097,15.8);
#9097 = AXIS2_PLACEMENT_2D('',#9098,#9099);
#9098 = CARTESIAN_POINT('',(22.865,64.43));
#9099 = DIRECTION('',(0.,-1.));
#9100 = ( GEOMETRIC_REPRESENTATION_CONTEXT(2) 
PARAMETRIC_REPRESENTATION_CONTEXT() REPRESENTATION_CONTEXT('2D SPACE',''
  ) );
#9101 = ORIENTED_EDGE('',*,*,#8972,.F.);
#9102 = ADVANCED_FACE('',(#9103),#3450,.T.);
#9103 = FACE_BOUND('',#9104,.T.);
#9104 = EDGE_LOOP('',(#9105,#9106,#9107,#9128));
#9105 = ORIENTED_EDGE('',*,*,#3434,.F.);
#9106 = ORIENTED_EDGE('',*,*,#9057,.T.);
#9107 = ORIENTED_EDGE('',*,*,#9108,.T.);
#9108 = EDGE_CURVE('',#9058,#9009,#9109,.T.);
#9109 = SURFACE_CURVE('',#9110,(#9114,#9121),.PCURVE_S1.);
#9110 = LINE('',#9111,#9112);
#9111 = CARTESIAN_POINT('',(38.665,80.23,10.15));
#9112 = VECTOR('',#9113,1.);
#9113 = DIRECTION('',(-1.,0.,0.));
#9114 = PCURVE('',#3450,#9115);
#9115 = DEFINITIONAL_REPRESENTATION('',(#9116),#9120);
#9116 = LINE('',#9117,#9118);
#9117 = CARTESIAN_POINT('',(0.,-8.55));
#9118 = VECTOR('',#9119,1.);
#9119 = DIRECTION('',(1.,0.));
#9120 = ( GEOMETRIC_REPRESENTATION_CONTEXT(2) 
PARAMETRIC_REPRESENTATION_CONTEXT() REPRESENTATION_CONTEXT('2D SPACE',''
  ) );
#9121 = PCURVE('',#8755,#9122);
#9122 = DEFINITIONAL_REPRESENTATION('',(#9123),#9127);
#9123 = LINE('',#9124,#9125);
#9124 = CARTESIAN_POINT('',(38.665,80.23));
#9125 = VECTOR('',#9126,1.);
#9126 = DIRECTION('',(-1.,0.));
#9127 = ( GEOMETRIC_REPRESENTATION_CONTEXT(2) 
PARAMETRIC_REPRESENTATION_CONTEXT() REPRESENTATION_CONTEXT('2D SPACE',''
  ) );
#9128 = ORIENTED_EDGE('',*,*,#9032,.F.);
#9129 = ADVANCED_FACE('',(#9130),#3570,.F.);
#9130 = FACE_BOUND('',#9131,.F.);
#9131 = EDGE_LOOP('',(#9132,#9155,#9156,#9179));
#9132 = ORIENTED_EDGE('',*,*,#9133,.T.);
#9133 = EDGE_CURVE('',#9134,#3553,#9136,.T.);
#9134 = VERTEX_POINT('',#9135);
#9135 = CARTESIAN_POINT('',(-15.74938964843,-60.13405273437,1.2));
#9136 = SURFACE_CURVE('',#9137,(#9141,#9148),.PCURVE_S1.);
#9137 = LINE('',#9138,#9139);
#9138 = CARTESIAN_POINT('',(-15.74938964843,-60.13405273437,1.2));
#9139 = VECTOR('',#9140,1.);
#9140 = DIRECTION('',(0.,0.,1.));
#9141 = PCURVE('',#3570,#9142);
#9142 = DEFINITIONAL_REPRESENTATION('',(#9143),#9147);
#9143 = LINE('',#9144,#9145);
#9144 = CARTESIAN_POINT('',(0.,-0.));
#9145 = VECTOR('',#9146,1.);
#9146 = DIRECTION('',(0.,-1.));
#9147 = ( GEOMETRIC_REPRESENTATION_CONTEXT(2) 
PARAMETRIC_REPRESENTATION_CONTEXT() REPRESENTATION_CONTEXT('2D SPACE',''
  ) );
#9148 = PCURVE('',#3848,#9149);
#9149 = DEFINITIONAL_REPRESENTATION('',(#9150),#9154);
#9150 = LINE('',#9151,#9152);
#9151 = CARTESIAN_POINT('',(0.71435546875,0.));
#9152 = VECTOR('',#9153,1.);
#9153 = DIRECTION('',(0.,-1.));
#9154 = ( GEOMETRIC_REPRESENTATION_CONTEXT(2) 
PARAMETRIC_REPRESENTATION_CONTEXT() REPRESENTATION_CONTEXT('2D SPACE',''
  ) );
#9155 = ORIENTED_EDGE('',*,*,#3552,.T.);
#9156 = ORIENTED_EDGE('',*,*,#9157,.F.);
#9157 = EDGE_CURVE('',#9158,#3555,#9160,.T.);
#9158 = VERTEX_POINT('',#9159);
#9159 = CARTESIAN_POINT('',(-18.55310058593,-60.13405273437,1.2));
#9160 = SURFACE_CURVE('',#9161,(#9165,#9172),.PCURVE_S1.);
#9161 = LINE('',#9162,#9163);
#9162 = CARTESIAN_POINT('',(-18.55310058593,-60.13405273437,1.2));
#9163 = VECTOR('',#9164,1.);
#9164 = DIRECTION('',(0.,0.,1.));
#9165 = PCURVE('',#3570,#9166);
#9166 = DEFINITIONAL_REPRESENTATION('',(#9167),#9171);
#9167 = LINE('',#9168,#9169);
#9168 = CARTESIAN_POINT('',(2.8037109375,0.));
#9169 = VECTOR('',#9170,1.);
#9170 = DIRECTION('',(0.,-1.));
#9171 = ( GEOMETRIC_REPRESENTATION_CONTEXT(2) 
PARAMETRIC_REPRESENTATION_CONTEXT() REPRESENTATION_CONTEXT('2D SPACE',''
  ) );
#9172 = PCURVE('',#3598,#9173);
#9173 = DEFINITIONAL_REPRESENTATION('',(#9174),#9178);
#9174 = LINE('',#9175,#9176);
#9175 = CARTESIAN_POINT('',(0.,0.));
#9176 = VECTOR('',#9177,1.);
#9177 = DIRECTION('',(0.,-1.));
#9178 = ( GEOMETRIC_REPRESENTATION_CONTEXT(2) 
PARAMETRIC_REPRESENTATION_CONTEXT() REPRESENTATION_CONTEXT('2D SPACE',''
  ) );
#9179 = ORIENTED_EDGE('',*,*,#9180,.F.);
#9180 = EDGE_CURVE('',#9134,#9158,#9181,.T.);
#9181 = SURFACE_CURVE('',#9182,(#9186,#9193),.PCURVE_S1.);
#9182 = LINE('',#9183,#9184);
#9183 = CARTESIAN_POINT('',(-15.74938964843,-60.13405273437,1.2));
#9184 = VECTOR('',#9185,1.);
#9185 = DIRECTION('',(-1.,0.,0.));
#9186 = PCURVE('',#3570,#9187);
#9187 = DEFINITIONAL_REPRESENTATION('',(#9188),#9192);
#9188 = LINE('',#9189,#9190);
#9189 = CARTESIAN_POINT('',(0.,-0.));
#9190 = VECTOR('',#9191,1.);
#9191 = DIRECTION('',(1.,0.));
#9192 = ( GEOMETRIC_REPRESENTATION_CONTEXT(2) 
PARAMETRIC_REPRESENTATION_CONTEXT() REPRESENTATION_CONTEXT('2D SPACE',''
  ) );
#9193 = PCURVE('',#9194,#9199);
#9194 = PLANE('',#9195);
#9195 = AXIS2_PLACEMENT_3D('',#9196,#9197,#9198);
#9196 = CARTESIAN_POINT('',(-19.19763183593,-60.13405273437,1.2));
#9197 = DIRECTION('',(0.,0.,1.));
#9198 = DIRECTION('',(1.,0.,0.));
#9199 = DEFINITIONAL_REPRESENTATION('',(#9200),#9204);
#9200 = LINE('',#9201,#9202);
#9201 = CARTESIAN_POINT('',(3.4482421875,0.));
#9202 = VECTOR('',#9203,1.);
#9203 = DIRECTION('',(-1.,0.));
#9204 = ( GEOMETRIC_REPRESENTATION_CONTEXT(2) 
PARAMETRIC_REPRESENTATION_CONTEXT() REPRESENTATION_CONTEXT('2D SPACE',''
  ) );
#9205 = ADVANCED_FACE('',(#9206),#3848,.F.);
#9206 = FACE_BOUND('',#9207,.F.);
#9207 = EDGE_LOOP('',(#9208,#9231,#9232,#9233));
#9208 = ORIENTED_EDGE('',*,*,#9209,.T.);
#9209 = EDGE_CURVE('',#9210,#3807,#9212,.T.);
#9210 = VERTEX_POINT('',#9211);
#9211 = CARTESIAN_POINT('',(-15.74938964843,-59.41969726562,1.2));
#9212 = SURFACE_CURVE('',#9213,(#9217,#9224),.PCURVE_S1.);
#9213 = LINE('',#9214,#9215);
#9214 = CARTESIAN_POINT('',(-15.74938964843,-59.41969726562,1.2));
#9215 = VECTOR('',#9216,1.);
#9216 = DIRECTION('',(0.,0.,1.));
#9217 = PCURVE('',#3848,#9218);
#9218 = DEFINITIONAL_REPRESENTATION('',(#9219),#9223);
#9219 = LINE('',#9220,#9221);
#9220 = CARTESIAN_POINT('',(0.,0.));
#9221 = VECTOR('',#9222,1.);
#9222 = DIRECTION('',(0.,-1.));
#9223 = ( GEOMETRIC_REPRESENTATION_CONTEXT(2) 
PARAMETRIC_REPRESENTATION_CONTEXT() REPRESENTATION_CONTEXT('2D SPACE',''
  ) );
#9224 = PCURVE('',#3822,#9225);
#9225 = DEFINITIONAL_REPRESENTATION('',(#9226),#9230);
#9226 = LINE('',#9227,#9228);
#9227 = CARTESIAN_POINT('',(0.9130859375,0.));
#9228 = VECTOR('',#9229,1.);
#9229 = DIRECTION('',(0.,-1.));
#9230 = ( GEOMETRIC_REPRESENTATION_CONTEXT(2) 
PARAMETRIC_REPRESENTATION_CONTEXT() REPRESENTATION_CONTEXT('2D SPACE',''
  ) );
#9231 = ORIENTED_EDGE('',*,*,#3834,.T.);
#9232 = ORIENTED_EDGE('',*,*,#9133,.F.);
#9233 = ORIENTED_EDGE('',*,*,#9234,.F.);
#9234 = EDGE_CURVE('',#9210,#9134,#9235,.T.);
#9235 = SURFACE_CURVE('',#9236,(#9240,#9247),.PCURVE_S1.);
#9236 = LINE('',#9237,#9238);
#9237 = CARTESIAN_POINT('',(-15.74938964843,-59.41969726562,1.2));
#9238 = VECTOR('',#9239,1.);
#9239 = DIRECTION('',(0.,-1.,0.));
#9240 = PCURVE('',#3848,#9241);
#9241 = DEFINITIONAL_REPRESENTATION('',(#9242),#9246);
#9242 = LINE('',#9243,#9244);
#9243 = CARTESIAN_POINT('',(0.,0.));
#9244 = VECTOR('',#9245,1.);
#9245 = DIRECTION('',(1.,0.));
#9246 = ( GEOMETRIC_REPRESENTATION_CONTEXT(2) 
PARAMETRIC_REPRESENTATION_CONTEXT() REPRESENTATION_CONTEXT('2D SPACE',''
  ) );
#9247 = PCURVE('',#9194,#9248);
#9248 = DEFINITIONAL_REPRESENTATION('',(#9249),#9253);
#9249 = LINE('',#9250,#9251);
#9250 = CARTESIAN_POINT('',(3.4482421875,0.71435546875));
#9251 = VECTOR('',#9252,1.);
#9252 = DIRECTION('',(0.,-1.));
#9253 = ( GEOMETRIC_REPRESENTATION_CONTEXT(2) 
PARAMETRIC_REPRESENTATION_CONTEXT() REPRESENTATION_CONTEXT('2D SPACE',''
  ) );
#9254 = ADVANCED_FACE('',(#9255),#3822,.F.);
#9255 = FACE_BOUND('',#9256,.F.);
#9256 = EDGE_LOOP('',(#9257,#9280,#9281,#9282));
#9257 = ORIENTED_EDGE('',*,*,#9258,.T.);
#9258 = EDGE_CURVE('',#9259,#3779,#9261,.T.);
#9259 = VERTEX_POINT('',#9260);
#9260 = CARTESIAN_POINT('',(-16.66247558593,-59.41969726562,1.2));
#9261 = SURFACE_CURVE('',#9262,(#9266,#9273),.PCURVE_S1.);
#9262 = LINE('',#9263,#9264);
#9263 = CARTESIAN_POINT('',(-16.66247558593,-59.41969726562,1.2));
#9264 = VECTOR('',#9265,1.);
#9265 = DIRECTION('',(0.,0.,1.));
#9266 = PCURVE('',#3822,#9267);
#9267 = DEFINITIONAL_REPRESENTATION('',(#9268),#9272);
#9268 = LINE('',#9269,#9270);
#9269 = CARTESIAN_POINT('',(0.,0.));
#9270 = VECTOR('',#9271,1.);
#9271 = DIRECTION('',(0.,-1.));
#9272 = ( GEOMETRIC_REPRESENTATION_CONTEXT(2) 
PARAMETRIC_REPRESENTATION_CONTEXT() REPRESENTATION_CONTEXT('2D SPACE',''
  ) );
#9273 = PCURVE('',#3794,#9274);
#9274 = DEFINITIONAL_REPRESENTATION('',(#9275),#9279);
#9275 = LINE('',#9276,#9277);
#9276 = CARTESIAN_POINT('',(3.295166015625,0.));
#9277 = VECTOR('',#9278,1.);
#9278 = DIRECTION('',(0.,-1.));
#9279 = ( GEOMETRIC_REPRESENTATION_CONTEXT(2) 
PARAMETRIC_REPRESENTATION_CONTEXT() REPRESENTATION_CONTEXT('2D SPACE',''
  ) );
#9280 = ORIENTED_EDGE('',*,*,#3806,.T.);
#9281 = ORIENTED_EDGE('',*,*,#9209,.F.);
#9282 = ORIENTED_EDGE('',*,*,#9283,.F.);
#9283 = EDGE_CURVE('',#9259,#9210,#9284,.T.);
#9284 = SURFACE_CURVE('',#9285,(#9289,#9296),.PCURVE_S1.);
#9285 = LINE('',#9286,#9287);
#9286 = CARTESIAN_POINT('',(-16.66247558593,-59.41969726562,1.2));
#9287 = VECTOR('',#9288,1.);
#9288 = DIRECTION('',(1.,0.,0.));
#9289 = PCURVE('',#3822,#9290);
#9290 = DEFINITIONAL_REPRESENTATION('',(#9291),#9295);
#9291 = LINE('',#9292,#9293);
#9292 = CARTESIAN_POINT('',(0.,0.));
#9293 = VECTOR('',#9294,1.);
#9294 = DIRECTION('',(1.,0.));
#9295 = ( GEOMETRIC_REPRESENTATION_CONTEXT(2) 
PARAMETRIC_REPRESENTATION_CONTEXT() REPRESENTATION_CONTEXT('2D SPACE',''
  ) );
#9296 = PCURVE('',#9194,#9297);
#9297 = DEFINITIONAL_REPRESENTATION('',(#9298),#9302);
#9298 = LINE('',#9299,#9300);
#9299 = CARTESIAN_POINT('',(2.53515625,0.71435546875));
#9300 = VECTOR('',#9301,1.);
#9301 = DIRECTION('',(1.,0.));
#9302 = ( GEOMETRIC_REPRESENTATION_CONTEXT(2) 
PARAMETRIC_REPRESENTATION_CONTEXT() REPRESENTATION_CONTEXT('2D SPACE',''
  ) );
#9303 = ADVANCED_FACE('',(#9304),#3794,.F.);
#9304 = FACE_BOUND('',#9305,.F.);
#9305 = EDGE_LOOP('',(#9306,#9329,#9330,#9331));
#9306 = ORIENTED_EDGE('',*,*,#9307,.T.);
#9307 = EDGE_CURVE('',#9308,#3751,#9310,.T.);
#9308 = VERTEX_POINT('',#9309);
#9309 = CARTESIAN_POINT('',(-16.66247558593,-56.12453125,1.2));
#9310 = SURFACE_CURVE('',#9311,(#9315,#9322),.PCURVE_S1.);
#9311 = LINE('',#9312,#9313);
#9312 = CARTESIAN_POINT('',(-16.66247558593,-56.12453125,1.2));
#9313 = VECTOR('',#9314,1.);
#9314 = DIRECTION('',(0.,0.,1.));
#9315 = PCURVE('',#3794,#9316);
#9316 = DEFINITIONAL_REPRESENTATION('',(#9317),#9321);
#9317 = LINE('',#9318,#9319);
#9318 = CARTESIAN_POINT('',(0.,0.));
#9319 = VECTOR('',#9320,1.);
#9320 = DIRECTION('',(0.,-1.));
#9321 = ( GEOMETRIC_REPRESENTATION_CONTEXT(2) 
PARAMETRIC_REPRESENTATION_CONTEXT() REPRESENTATION_CONTEXT('2D SPACE',''
  ) );
#9322 = PCURVE('',#3766,#9323);
#9323 = DEFINITIONAL_REPRESENTATION('',(#9324),#9328);
#9324 = LINE('',#9325,#9326);
#9325 = CARTESIAN_POINT('',(0.98291015625,0.));
#9326 = VECTOR('',#9327,1.);
#9327 = DIRECTION('',(0.,-1.));
#9328 = ( GEOMETRIC_REPRESENTATION_CONTEXT(2) 
PARAMETRIC_REPRESENTATION_CONTEXT() REPRESENTATION_CONTEXT('2D SPACE',''
  ) );
#9329 = ORIENTED_EDGE('',*,*,#3778,.T.);
#9330 = ORIENTED_EDGE('',*,*,#9258,.F.);
#9331 = ORIENTED_EDGE('',*,*,#9332,.F.);
#9332 = EDGE_CURVE('',#9308,#9259,#9333,.T.);
#9333 = SURFACE_CURVE('',#9334,(#9338,#9345),.PCURVE_S1.);
#9334 = LINE('',#9335,#9336);
#9335 = CARTESIAN_POINT('',(-16.66247558593,-56.12453125,1.2));
#9336 = VECTOR('',#9337,1.);
#9337 = DIRECTION('',(0.,-1.,0.));
#9338 = PCURVE('',#3794,#9339);
#9339 = DEFINITIONAL_REPRESENTATION('',(#9340),#9344);
#9340 = LINE('',#9341,#9342);
#9341 = CARTESIAN_POINT('',(0.,0.));
#9342 = VECTOR('',#9343,1.);
#9343 = DIRECTION('',(1.,0.));
#9344 = ( GEOMETRIC_REPRESENTATION_CONTEXT(2) 
PARAMETRIC_REPRESENTATION_CONTEXT() REPRESENTATION_CONTEXT('2D SPACE',''
  ) );
#9345 = PCURVE('',#9194,#9346);
#9346 = DEFINITIONAL_REPRESENTATION('',(#9347),#9351);
#9347 = LINE('',#9348,#9349);
#9348 = CARTESIAN_POINT('',(2.53515625,4.009521484375));
#9349 = VECTOR('',#9350,1.);
#9350 = DIRECTION('',(0.,-1.));
#9351 = ( GEOMETRIC_REPRESENTATION_CONTEXT(2) 
PARAMETRIC_REPRESENTATION_CONTEXT() REPRESENTATION_CONTEXT('2D SPACE',''
  ) );
#9352 = ADVANCED_FACE('',(#9353),#3766,.F.);
#9353 = FACE_BOUND('',#9354,.F.);
#9354 = EDGE_LOOP('',(#9355,#9378,#9379,#9380));
#9355 = ORIENTED_EDGE('',*,*,#9356,.T.);
#9356 = EDGE_CURVE('',#9357,#3723,#9359,.T.);
#9357 = VERTEX_POINT('',#9358);
#9358 = CARTESIAN_POINT('',(-17.64538574218,-56.12453125,1.2));
#9359 = SURFACE_CURVE('',#9360,(#9364,#9371),.PCURVE_S1.);
#9360 = LINE('',#9361,#9362);
#9361 = CARTESIAN_POINT('',(-17.64538574218,-56.12453125,1.2));
#9362 = VECTOR('',#9363,1.);
#9363 = DIRECTION('',(0.,0.,1.));
#9364 = PCURVE('',#3766,#9365);
#9365 = DEFINITIONAL_REPRESENTATION('',(#9366),#9370);
#9366 = LINE('',#9367,#9368);
#9367 = CARTESIAN_POINT('',(0.,0.));
#9368 = VECTOR('',#9369,1.);
#9369 = DIRECTION('',(0.,-1.));
#9370 = ( GEOMETRIC_REPRESENTATION_CONTEXT(2) 
PARAMETRIC_REPRESENTATION_CONTEXT() REPRESENTATION_CONTEXT('2D SPACE',''
  ) );
#9371 = PCURVE('',#3738,#9372);
#9372 = DEFINITIONAL_REPRESENTATION('',(#9373),#9377);
#9373 = LINE('',#9374,#9375);
#9374 = CARTESIAN_POINT('',(0.951733715019,0.));
#9375 = VECTOR('',#9376,1.);
#9376 = DIRECTION('',(0.,-1.));
#9377 = ( GEOMETRIC_REPRESENTATION_CONTEXT(2) 
PARAMETRIC_REPRESENTATION_CONTEXT() REPRESENTATION_CONTEXT('2D SPACE',''
  ) );
#9378 = ORIENTED_EDGE('',*,*,#3750,.T.);
#9379 = ORIENTED_EDGE('',*,*,#9307,.F.);
#9380 = ORIENTED_EDGE('',*,*,#9381,.F.);
#9381 = EDGE_CURVE('',#9357,#9308,#9382,.T.);
#9382 = SURFACE_CURVE('',#9383,(#9387,#9394),.PCURVE_S1.);
#9383 = LINE('',#9384,#9385);
#9384 = CARTESIAN_POINT('',(-17.64538574218,-56.12453125,1.2));
#9385 = VECTOR('',#9386,1.);
#9386 = DIRECTION('',(1.,0.,0.));
#9387 = PCURVE('',#3766,#9388);
#9388 = DEFINITIONAL_REPRESENTATION('',(#9389),#9393);
#9389 = LINE('',#9390,#9391);
#9390 = CARTESIAN_POINT('',(0.,0.));
#9391 = VECTOR('',#9392,1.);
#9392 = DIRECTION('',(1.,0.));
#9393 = ( GEOMETRIC_REPRESENTATION_CONTEXT(2) 
PARAMETRIC_REPRESENTATION_CONTEXT() REPRESENTATION_CONTEXT('2D SPACE',''
  ) );
#9394 = PCURVE('',#9194,#9395);
#9395 = DEFINITIONAL_REPRESENTATION('',(#9396),#9400);
#9396 = LINE('',#9397,#9398);
#9397 = CARTESIAN_POINT('',(1.55224609375,4.009521484375));
#9398 = VECTOR('',#9399,1.);
#9399 = DIRECTION('',(1.,0.));
#9400 = ( GEOMETRIC_REPRESENTATION_CONTEXT(2) 
PARAMETRIC_REPRESENTATION_CONTEXT() REPRESENTATION_CONTEXT('2D SPACE',''
  ) );
#9401 = ADVANCED_FACE('',(#9402),#3738,.F.);
#9402 = FACE_BOUND('',#9403,.F.);
#9403 = EDGE_LOOP('',(#9404,#9427,#9428,#9429));
#9404 = ORIENTED_EDGE('',*,*,#9405,.T.);
#9405 = EDGE_CURVE('',#9406,#3695,#9408,.T.);
#9406 = VERTEX_POINT('',#9407);
#9407 = CARTESIAN_POINT('',(-18.57727050781,-56.317890625,1.2));
#9408 = SURFACE_CURVE('',#9409,(#9413,#9420),.PCURVE_S1.);
#9409 = LINE('',#9410,#9411);
#9410 = CARTESIAN_POINT('',(-18.57727050781,-56.317890625,1.2));
#9411 = VECTOR('',#9412,1.);
#9412 = DIRECTION('',(0.,0.,1.));
#9413 = PCURVE('',#3738,#9414);
#9414 = DEFINITIONAL_REPRESENTATION('',(#9415),#9419);
#9415 = LINE('',#9416,#9417);
#9416 = CARTESIAN_POINT('',(0.,0.));
#9417 = VECTOR('',#9418,1.);
#9418 = DIRECTION('',(0.,-1.));
#9419 = ( GEOMETRIC_REPRESENTATION_CONTEXT(2) 
PARAMETRIC_REPRESENTATION_CONTEXT() REPRESENTATION_CONTEXT('2D SPACE',''
  ) );
#9420 = PCURVE('',#3710,#9421);
#9421 = DEFINITIONAL_REPRESENTATION('',(#9422),#9426);
#9422 = LINE('',#9423,#9424);
#9423 = CARTESIAN_POINT('',(0.70361328125,0.));
#9424 = VECTOR('',#9425,1.);
#9425 = DIRECTION('',(0.,-1.));
#9426 = ( GEOMETRIC_REPRESENTATION_CONTEXT(2) 
PARAMETRIC_REPRESENTATION_CONTEXT() REPRESENTATION_CONTEXT('2D SPACE',''
  ) );
#9427 = ORIENTED_EDGE('',*,*,#3722,.T.);
#9428 = ORIENTED_EDGE('',*,*,#9356,.F.);
#9429 = ORIENTED_EDGE('',*,*,#9430,.F.);
#9430 = EDGE_CURVE('',#9406,#9357,#9431,.T.);
#9431 = SURFACE_CURVE('',#9432,(#9436,#9443),.PCURVE_S1.);
#9432 = LINE('',#9433,#9434);
#9433 = CARTESIAN_POINT('',(-18.57727050781,-56.317890625,1.2));
#9434 = VECTOR('',#9435,1.);
#9435 = DIRECTION('',(0.979144429707,0.203165414809,0.));
#9436 = PCURVE('',#3738,#9437);
#9437 = DEFINITIONAL_REPRESENTATION('',(#9438),#9442);
#9438 = LINE('',#9439,#9440);
#9439 = CARTESIAN_POINT('',(0.,0.));
#9440 = VECTOR('',#9441,1.);
#9441 = DIRECTION('',(1.,0.));
#9442 = ( GEOMETRIC_REPRESENTATION_CONTEXT(2) 
PARAMETRIC_REPRESENTATION_CONTEXT() REPRESENTATION_CONTEXT('2D SPACE',''
  ) );
#9443 = PCURVE('',#9194,#9444);
#9444 = DEFINITIONAL_REPRESENTATION('',(#9445),#9449);
#9445 = LINE('',#9446,#9447);
#9446 = CARTESIAN_POINT('',(0.620361328125,3.816162109375));
#9447 = VECTOR('',#9448,1.);
#9448 = DIRECTION('',(0.979144429707,0.203165414809));
#9449 = ( GEOMETRIC_REPRESENTATION_CONTEXT(2) 
PARAMETRIC_REPRESENTATION_CONTEXT() REPRESENTATION_CONTEXT('2D SPACE',''
  ) );
#9450 = ADVANCED_FACE('',(#9451),#3710,.F.);
#9451 = FACE_BOUND('',#9452,.F.);
#9452 = EDGE_LOOP('',(#9453,#9476,#9477,#9478));
#9453 = ORIENTED_EDGE('',*,*,#9454,.T.);
#9454 = EDGE_CURVE('',#9455,#3667,#9457,.T.);
#9455 = VERTEX_POINT('',#9456);
#9456 = CARTESIAN_POINT('',(-18.57727050781,-57.02150390625,1.2));
#9457 = SURFACE_CURVE('',#9458,(#9462,#9469),.PCURVE_S1.);
#9458 = LINE('',#9459,#9460);
#9459 = CARTESIAN_POINT('',(-18.57727050781,-57.02150390625,1.2));
#9460 = VECTOR('',#9461,1.);
#9461 = DIRECTION('',(0.,0.,1.));
#9462 = PCURVE('',#3710,#9463);
#9463 = DEFINITIONAL_REPRESENTATION('',(#9464),#9468);
#9464 = LINE('',#9465,#9466);
#9465 = CARTESIAN_POINT('',(0.,0.));
#9466 = VECTOR('',#9467,1.);
#9467 = DIRECTION('',(0.,-1.));
#9468 = ( GEOMETRIC_REPRESENTATION_CONTEXT(2) 
PARAMETRIC_REPRESENTATION_CONTEXT() REPRESENTATION_CONTEXT('2D SPACE',''
  ) );
#9469 = PCURVE('',#3682,#9470);
#9470 = DEFINITIONAL_REPRESENTATION('',(#9471),#9475);
#9471 = LINE('',#9472,#9473);
#9472 = CARTESIAN_POINT('',(0.956993413683,0.));
#9473 = VECTOR('',#9474,1.);
#9474 = DIRECTION('',(0.,-1.));
#9475 = ( GEOMETRIC_REPRESENTATION_CONTEXT(2) 
PARAMETRIC_REPRESENTATION_CONTEXT() REPRESENTATION_CONTEXT('2D SPACE',''
  ) );
#9476 = ORIENTED_EDGE('',*,*,#3694,.T.);
#9477 = ORIENTED_EDGE('',*,*,#9405,.F.);
#9478 = ORIENTED_EDGE('',*,*,#9479,.F.);
#9479 = EDGE_CURVE('',#9455,#9406,#9480,.T.);
#9480 = SURFACE_CURVE('',#9481,(#9485,#9492),.PCURVE_S1.);
#9481 = LINE('',#9482,#9483);
#9482 = CARTESIAN_POINT('',(-18.57727050781,-57.02150390625,1.2));
#9483 = VECTOR('',#9484,1.);
#9484 = DIRECTION('',(0.,1.,0.));
#9485 = PCURVE('',#3710,#9486);
#9486 = DEFINITIONAL_REPRESENTATION('',(#9487),#9491);
#9487 = LINE('',#9488,#9489);
#9488 = CARTESIAN_POINT('',(0.,0.));
#9489 = VECTOR('',#9490,1.);
#9490 = DIRECTION('',(1.,0.));
#9491 = ( GEOMETRIC_REPRESENTATION_CONTEXT(2) 
PARAMETRIC_REPRESENTATION_CONTEXT() REPRESENTATION_CONTEXT('2D SPACE',''
  ) );
#9492 = PCURVE('',#9194,#9493);
#9493 = DEFINITIONAL_REPRESENTATION('',(#9494),#9498);
#9494 = LINE('',#9495,#9496);
#9495 = CARTESIAN_POINT('',(0.620361328125,3.112548828125));
#9496 = VECTOR('',#9497,1.);
#9497 = DIRECTION('',(0.,1.));
#9498 = ( GEOMETRIC_REPRESENTATION_CONTEXT(2) 
PARAMETRIC_REPRESENTATION_CONTEXT() REPRESENTATION_CONTEXT('2D SPACE',''
  ) );
#9499 = ADVANCED_FACE('',(#9500),#3682,.F.);
#9500 = FACE_BOUND('',#9501,.F.);
#9501 = EDGE_LOOP('',(#9502,#9525,#9526,#9527));
#9502 = ORIENTED_EDGE('',*,*,#9503,.T.);
#9503 = EDGE_CURVE('',#9504,#3639,#9506,.T.);
#9504 = VERTEX_POINT('',#9505);
#9505 = CARTESIAN_POINT('',(-17.64001464843,-56.82814453125,1.2));
#9506 = SURFACE_CURVE('',#9507,(#9511,#9518),.PCURVE_S1.);
#9507 = LINE('',#9508,#9509);
#9508 = CARTESIAN_POINT('',(-17.64001464843,-56.82814453125,1.2));
#9509 = VECTOR('',#9510,1.);
#9510 = DIRECTION('',(0.,0.,1.));
#9511 = PCURVE('',#3682,#9512);
#9512 = DEFINITIONAL_REPRESENTATION('',(#9513),#9517);
#9513 = LINE('',#9514,#9515);
#9514 = CARTESIAN_POINT('',(0.,0.));
#9515 = VECTOR('',#9516,1.);
#9516 = DIRECTION('',(0.,-1.));
#9517 = ( GEOMETRIC_REPRESENTATION_CONTEXT(2) 
PARAMETRIC_REPRESENTATION_CONTEXT() REPRESENTATION_CONTEXT('2D SPACE',''
  ) );
#9518 = PCURVE('',#3654,#9519);
#9519 = DEFINITIONAL_REPRESENTATION('',(#9520),#9524);
#9520 = LINE('',#9521,#9522);
#9521 = CARTESIAN_POINT('',(2.591552734375,0.));
#9522 = VECTOR('',#9523,1.);
#9523 = DIRECTION('',(0.,-1.));
#9524 = ( GEOMETRIC_REPRESENTATION_CONTEXT(2) 
PARAMETRIC_REPRESENTATION_CONTEXT() REPRESENTATION_CONTEXT('2D SPACE',''
  ) );
#9525 = ORIENTED_EDGE('',*,*,#3666,.T.);
#9526 = ORIENTED_EDGE('',*,*,#9454,.F.);
#9527 = ORIENTED_EDGE('',*,*,#9528,.F.);
#9528 = EDGE_CURVE('',#9504,#9455,#9529,.T.);
#9529 = SURFACE_CURVE('',#9530,(#9534,#9541),.PCURVE_S1.);
#9530 = LINE('',#9531,#9532);
#9531 = CARTESIAN_POINT('',(-17.64001464843,-56.82814453125,1.2));
#9532 = VECTOR('',#9533,1.);
#9533 = DIRECTION('',(-0.979375454391,-0.202048804344,0.));
#9534 = PCURVE('',#3682,#9535);
#9535 = DEFINITIONAL_REPRESENTATION('',(#9536),#9540);
#9536 = LINE('',#9537,#9538);
#9537 = CARTESIAN_POINT('',(0.,0.));
#9538 = VECTOR('',#9539,1.);
#9539 = DIRECTION('',(1.,0.));
#9540 = ( GEOMETRIC_REPRESENTATION_CONTEXT(2) 
PARAMETRIC_REPRESENTATION_CONTEXT() REPRESENTATION_CONTEXT('2D SPACE',''
  ) );
#9541 = PCURVE('',#9194,#9542);
#9542 = DEFINITIONAL_REPRESENTATION('',(#9543),#9547);
#9543 = LINE('',#9544,#9545);
#9544 = CARTESIAN_POINT('',(1.5576171875,3.305908203125));
#9545 = VECTOR('',#9546,1.);
#9546 = DIRECTION('',(-0.979375454391,-0.202048804344));
#9547 = ( GEOMETRIC_REPRESENTATION_CONTEXT(2) 
PARAMETRIC_REPRESENTATION_CONTEXT() REPRESENTATION_CONTEXT('2D SPACE',''
  ) );
#9548 = ADVANCED_FACE('',(#9549),#3654,.F.);
#9549 = FACE_BOUND('',#9550,.F.);
#9550 = EDGE_LOOP('',(#9551,#9574,#9575,#9576));
#9551 = ORIENTED_EDGE('',*,*,#9552,.T.);
#9552 = EDGE_CURVE('',#9553,#3611,#9555,.T.);
#9553 = VERTEX_POINT('',#9554);
#9554 = CARTESIAN_POINT('',(-17.64001464843,-59.41969726562,1.2));
#9555 = SURFACE_CURVE('',#9556,(#9560,#9567),.PCURVE_S1.);
#9556 = LINE('',#9557,#9558);
#9557 = CARTESIAN_POINT('',(-17.64001464843,-59.41969726562,1.2));
#9558 = VECTOR('',#9559,1.);
#9559 = DIRECTION('',(0.,0.,1.));
#9560 = PCURVE('',#3654,#9561);
#9561 = DEFINITIONAL_REPRESENTATION('',(#9562),#9566);
#9562 = LINE('',#9563,#9564);
#9563 = CARTESIAN_POINT('',(0.,0.));
#9564 = VECTOR('',#9565,1.);
#9565 = DIRECTION('',(0.,-1.));
#9566 = ( GEOMETRIC_REPRESENTATION_CONTEXT(2) 
PARAMETRIC_REPRESENTATION_CONTEXT() REPRESENTATION_CONTEXT('2D SPACE',''
  ) );
#9567 = PCURVE('',#3626,#9568);
#9568 = DEFINITIONAL_REPRESENTATION('',(#9569),#9573);
#9569 = LINE('',#9570,#9571);
#9570 = CARTESIAN_POINT('',(0.9130859375,0.));
#9571 = VECTOR('',#9572,1.);
#9572 = DIRECTION('',(0.,-1.));
#9573 = ( GEOMETRIC_REPRESENTATION_CONTEXT(2) 
PARAMETRIC_REPRESENTATION_CONTEXT() REPRESENTATION_CONTEXT('2D SPACE',''
  ) );
#9574 = ORIENTED_EDGE('',*,*,#3638,.T.);
#9575 = ORIENTED_EDGE('',*,*,#9503,.F.);
#9576 = ORIENTED_EDGE('',*,*,#9577,.F.);
#9577 = EDGE_CURVE('',#9553,#9504,#9578,.T.);
#9578 = SURFACE_CURVE('',#9579,(#9583,#9590),.PCURVE_S1.);
#9579 = LINE('',#9580,#9581);
#9580 = CARTESIAN_POINT('',(-17.64001464843,-59.41969726562,1.2));
#9581 = VECTOR('',#9582,1.);
#9582 = DIRECTION('',(0.,1.,0.));
#9583 = PCURVE('',#3654,#9584);
#9584 = DEFINITIONAL_REPRESENTATION('',(#9585),#9589);
#9585 = LINE('',#9586,#9587);
#9586 = CARTESIAN_POINT('',(0.,0.));
#9587 = VECTOR('',#9588,1.);
#9588 = DIRECTION('',(1.,0.));
#9589 = ( GEOMETRIC_REPRESENTATION_CONTEXT(2) 
PARAMETRIC_REPRESENTATION_CONTEXT() REPRESENTATION_CONTEXT('2D SPACE',''
  ) );
#9590 = PCURVE('',#9194,#9591);
#9591 = DEFINITIONAL_REPRESENTATION('',(#9592),#9596);
#9592 = LINE('',#9593,#9594);
#9593 = CARTESIAN_POINT('',(1.5576171875,0.71435546875));
#9594 = VECTOR('',#9595,1.);
#9595 = DIRECTION('',(0.,1.));
#9596 = ( GEOMETRIC_REPRESENTATION_CONTEXT(2) 
PARAMETRIC_REPRESENTATION_CONTEXT() REPRESENTATION_CONTEXT('2D SPACE',''
  ) );
#9597 = ADVANCED_FACE('',(#9598),#3626,.F.);
#9598 = FACE_BOUND('',#9599,.F.);
#9599 = EDGE_LOOP('',(#9600,#9623,#9624,#9625));
#9600 = ORIENTED_EDGE('',*,*,#9601,.T.);
#9601 = EDGE_CURVE('',#9602,#3583,#9604,.T.);
#9602 = VERTEX_POINT('',#9603);
#9603 = CARTESIAN_POINT('',(-18.55310058593,-59.41969726562,1.2));
#9604 = SURFACE_CURVE('',#9605,(#9609,#9616),.PCURVE_S1.);
#9605 = LINE('',#9606,#9607);
#9606 = CARTESIAN_POINT('',(-18.55310058593,-59.41969726562,1.2));
#9607 = VECTOR('',#9608,1.);
#9608 = DIRECTION('',(0.,0.,1.));
#9609 = PCURVE('',#3626,#9610);
#9610 = DEFINITIONAL_REPRESENTATION('',(#9611),#9615);
#9611 = LINE('',#9612,#9613);
#9612 = CARTESIAN_POINT('',(0.,0.));
#9613 = VECTOR('',#9614,1.);
#9614 = DIRECTION('',(0.,-1.));
#9615 = ( GEOMETRIC_REPRESENTATION_CONTEXT(2) 
PARAMETRIC_REPRESENTATION_CONTEXT() REPRESENTATION_CONTEXT('2D SPACE',''
  ) );
#9616 = PCURVE('',#3598,#9617);
#9617 = DEFINITIONAL_REPRESENTATION('',(#9618),#9622);
#9618 = LINE('',#9619,#9620);
#9619 = CARTESIAN_POINT('',(0.71435546875,0.));
#9620 = VECTOR('',#9621,1.);
#9621 = DIRECTION('',(0.,-1.));
#9622 = ( GEOMETRIC_REPRESENTATION_CONTEXT(2) 
PARAMETRIC_REPRESENTATION_CONTEXT() REPRESENTATION_CONTEXT('2D SPACE',''
  ) );
#9623 = ORIENTED_EDGE('',*,*,#3610,.T.);
#9624 = ORIENTED_EDGE('',*,*,#9552,.F.);
#9625 = ORIENTED_EDGE('',*,*,#9626,.F.);
#9626 = EDGE_CURVE('',#9602,#9553,#9627,.T.);
#9627 = SURFACE_CURVE('',#9628,(#9632,#9639),.PCURVE_S1.);
#9628 = LINE('',#9629,#9630);
#9629 = CARTESIAN_POINT('',(-18.55310058593,-59.41969726562,1.2));
#9630 = VECTOR('',#9631,1.);
#9631 = DIRECTION('',(1.,0.,0.));
#9632 = PCURVE('',#3626,#9633);
#9633 = DEFINITIONAL_REPRESENTATION('',(#9634),#9638);
#9634 = LINE('',#9635,#9636);
#9635 = CARTESIAN_POINT('',(0.,0.));
#9636 = VECTOR('',#9637,1.);
#9637 = DIRECTION('',(1.,0.));
#9638 = ( GEOMETRIC_REPRESENTATION_CONTEXT(2) 
PARAMETRIC_REPRESENTATION_CONTEXT() REPRESENTATION_CONTEXT('2D SPACE',''
  ) );
#9639 = PCURVE('',#9194,#9640);
#9640 = DEFINITIONAL_REPRESENTATION('',(#9641),#9645);
#9641 = LINE('',#9642,#9643);
#9642 = CARTESIAN_POINT('',(0.64453125,0.71435546875));
#9643 = VECTOR('',#9644,1.);
#9644 = DIRECTION('',(1.,0.));
#9645 = ( GEOMETRIC_REPRESENTATION_CONTEXT(2) 
PARAMETRIC_REPRESENTATION_CONTEXT() REPRESENTATION_CONTEXT('2D SPACE',''
  ) );
#9646 = ADVANCED_FACE('',(#9647),#3598,.F.);
#9647 = FACE_BOUND('',#9648,.F.);
#9648 = EDGE_LOOP('',(#9649,#9650,#9651,#9652));
#9649 = ORIENTED_EDGE('',*,*,#9157,.T.);
#9650 = ORIENTED_EDGE('',*,*,#3582,.T.);
#9651 = ORIENTED_EDGE('',*,*,#9601,.F.);
#9652 = ORIENTED_EDGE('',*,*,#9653,.F.);
#9653 = EDGE_CURVE('',#9158,#9602,#9654,.T.);
#9654 = SURFACE_CURVE('',#9655,(#9659,#9666),.PCURVE_S1.);
#9655 = LINE('',#9656,#9657);
#9656 = CARTESIAN_POINT('',(-18.55310058593,-60.13405273437,1.2));
#9657 = VECTOR('',#9658,1.);
#9658 = DIRECTION('',(0.,1.,0.));
#9659 = PCURVE('',#3598,#9660);
#9660 = DEFINITIONAL_REPRESENTATION('',(#9661),#9665);
#9661 = LINE('',#9662,#9663);
#9662 = CARTESIAN_POINT('',(0.,0.));
#9663 = VECTOR('',#9664,1.);
#9664 = DIRECTION('',(1.,0.));
#9665 = ( GEOMETRIC_REPRESENTATION_CONTEXT(2) 
PARAMETRIC_REPRESENTATION_CONTEXT() REPRESENTATION_CONTEXT('2D SPACE',''
  ) );
#9666 = PCURVE('',#9194,#9667);
#9667 = DEFINITIONAL_REPRESENTATION('',(#9668),#9672);
#9668 = LINE('',#9669,#9670);
#9669 = CARTESIAN_POINT('',(0.64453125,0.));
#9670 = VECTOR('',#9671,1.);
#9671 = DIRECTION('',(0.,1.));
#9672 = ( GEOMETRIC_REPRESENTATION_CONTEXT(2) 
PARAMETRIC_REPRESENTATION_CONTEXT() REPRESENTATION_CONTEXT('2D SPACE',''
  ) );
#9673 = ADVANCED_FACE('',(#9674),#3880,.F.);
#9674 = FACE_BOUND('',#9675,.F.);
#9675 = EDGE_LOOP('',(#9676,#9699,#9700,#9723));
#9676 = ORIENTED_EDGE('',*,*,#9677,.T.);
#9677 = EDGE_CURVE('',#9678,#3863,#9680,.T.);
#9678 = VERTEX_POINT('',#9679);
#9679 = CARTESIAN_POINT('',(-14.24548339843,-58.20180175781,1.2));
#9680 = SURFACE_CURVE('',#9681,(#9685,#9692),.PCURVE_S1.);
#9681 = LINE('',#9682,#9683);
#9682 = CARTESIAN_POINT('',(-14.24548339843,-58.20180175781,1.2));
#9683 = VECTOR('',#9684,1.);
#9684 = DIRECTION('',(0.,0.,1.));
#9685 = PCURVE('',#3880,#9686);
#9686 = DEFINITIONAL_REPRESENTATION('',(#9687),#9691);
#9687 = LINE('',#9688,#9689);
#9688 = CARTESIAN_POINT('',(0.,0.));
#9689 = VECTOR('',#9690,1.);
#9690 = DIRECTION('',(0.,-1.));
#9691 = ( GEOMETRIC_REPRESENTATION_CONTEXT(2) 
PARAMETRIC_REPRESENTATION_CONTEXT() REPRESENTATION_CONTEXT('2D SPACE',''
  ) );
#9692 = PCURVE('',#4496,#9693);
#9693 = DEFINITIONAL_REPRESENTATION('',(#9694),#9698);
#9694 = LINE('',#9695,#9696);
#9695 = CARTESIAN_POINT('',(1.,0.));
#9696 = VECTOR('',#9697,1.);
#9697 = DIRECTION('',(0.,-1.));
#9698 = ( GEOMETRIC_REPRESENTATION_CONTEXT(2) 
PARAMETRIC_REPRESENTATION_CONTEXT() REPRESENTATION_CONTEXT('2D SPACE',''
  ) );
#9699 = ORIENTED_EDGE('',*,*,#3862,.T.);
#9700 = ORIENTED_EDGE('',*,*,#9701,.F.);
#9701 = EDGE_CURVE('',#9702,#3865,#9704,.T.);
#9702 = VERTEX_POINT('',#9703);
#9703 = CARTESIAN_POINT('',(-14.78796386718,-58.380390625,1.2));
#9704 = SURFACE_CURVE('',#9705,(#9709,#9716),.PCURVE_S1.);
#9705 = LINE('',#9706,#9707);
#9706 = CARTESIAN_POINT('',(-14.78796386718,-58.380390625,1.2));
#9707 = VECTOR('',#9708,1.);
#9708 = DIRECTION('',(0.,0.,1.));
#9709 = PCURVE('',#3880,#9710);
#9710 = DEFINITIONAL_REPRESENTATION('',(#9711),#9715);
#9711 = LINE('',#9712,#9713);
#9712 = CARTESIAN_POINT('',(1.,0.));
#9713 = VECTOR('',#9714,1.);
#9714 = DIRECTION('',(0.,-1.));
#9715 = ( GEOMETRIC_REPRESENTATION_CONTEXT(2) 
PARAMETRIC_REPRESENTATION_CONTEXT() REPRESENTATION_CONTEXT('2D SPACE',''
  ) );
#9716 = PCURVE('',#3910,#9717);
#9717 = DEFINITIONAL_REPRESENTATION('',(#9718),#9722);
#9718 = LINE('',#9719,#9720);
#9719 = CARTESIAN_POINT('',(0.,0.));
#9720 = VECTOR('',#9721,1.);
#9721 = DIRECTION('',(0.,-1.));
#9722 = ( GEOMETRIC_REPRESENTATION_CONTEXT(2) 
PARAMETRIC_REPRESENTATION_CONTEXT() REPRESENTATION_CONTEXT('2D SPACE',''
  ) );
#9723 = ORIENTED_EDGE('',*,*,#9724,.F.);
#9724 = EDGE_CURVE('',#9678,#9702,#9725,.T.);
#9725 = SURFACE_CURVE('',#9726,(#9730,#9737),.PCURVE_S1.);
#9726 = B_SPLINE_CURVE_WITH_KNOTS('',2,(#9727,#9728,#9729),
  .UNSPECIFIED.,.F.,.F.,(3,3),(0.,1.),.PIECEWISE_BEZIER_KNOTS.);
#9727 = CARTESIAN_POINT('',(-14.24548339843,-58.20180175781,1.2));
#9728 = CARTESIAN_POINT('',(-14.49792480468,-58.25954101562,1.2));
#9729 = CARTESIAN_POINT('',(-14.78796386718,-58.380390625,1.2));
#9730 = PCURVE('',#3880,#9731);
#9731 = DEFINITIONAL_REPRESENTATION('',(#9732),#9736);
#9732 = LINE('',#9733,#9734);
#9733 = CARTESIAN_POINT('',(0.,0.));
#9734 = VECTOR('',#9735,1.);
#9735 = DIRECTION('',(1.,0.));
#9736 = ( GEOMETRIC_REPRESENTATION_CONTEXT(2) 
PARAMETRIC_REPRESENTATION_CONTEXT() REPRESENTATION_CONTEXT('2D SPACE',''
  ) );
#9737 = PCURVE('',#9738,#9743);
#9738 = PLANE('',#9739);
#9739 = AXIS2_PLACEMENT_3D('',#9740,#9741,#9742);
#9740 = CARTESIAN_POINT('',(-15.37072753906,-60.13405273437,1.2));
#9741 = DIRECTION('',(0.,0.,1.));
#9742 = DIRECTION('',(1.,0.,0.));
#9743 = DEFINITIONAL_REPRESENTATION('',(#9744),#9748);
#9744 = B_SPLINE_CURVE_WITH_KNOTS('',2,(#9745,#9746,#9747),
  .UNSPECIFIED.,.F.,.F.,(3,3),(0.,1.),.PIECEWISE_BEZIER_KNOTS.);
#9745 = CARTESIAN_POINT('',(1.125244140625,1.932250976562));
#9746 = CARTESIAN_POINT('',(0.872802734375,1.87451171875));
#9747 = CARTESIAN_POINT('',(0.582763671875,1.753662109375));
#9748 = ( GEOMETRIC_REPRESENTATION_CONTEXT(2) 
PARAMETRIC_REPRESENTATION_CONTEXT() REPRESENTATION_CONTEXT('2D SPACE',''
  ) );
#9749 = ADVANCED_FACE('',(#9750),#4496,.F.);
#9750 = FACE_BOUND('',#9751,.F.);
#9751 = EDGE_LOOP('',(#9752,#9775,#9776,#9777));
#9752 = ORIENTED_EDGE('',*,*,#9753,.T.);
#9753 = EDGE_CURVE('',#9754,#4453,#9756,.T.);
#9754 = VERTEX_POINT('',#9755);
#9755 = CARTESIAN_POINT('',(-13.77014160156,-58.1440625,1.2));
#9756 = SURFACE_CURVE('',#9757,(#9761,#9768),.PCURVE_S1.);
#9757 = LINE('',#9758,#9759);
#9758 = CARTESIAN_POINT('',(-13.77014160156,-58.1440625,1.2));
#9759 = VECTOR('',#9760,1.);
#9760 = DIRECTION('',(0.,0.,1.));
#9761 = PCURVE('',#4496,#9762);
#9762 = DEFINITIONAL_REPRESENTATION('',(#9763),#9767);
#9763 = LINE('',#9764,#9765);
#9764 = CARTESIAN_POINT('',(0.,0.));
#9765 = VECTOR('',#9766,1.);
#9766 = DIRECTION('',(0.,-1.));
#9767 = ( GEOMETRIC_REPRESENTATION_CONTEXT(2) 
PARAMETRIC_REPRESENTATION_CONTEXT() REPRESENTATION_CONTEXT('2D SPACE',''
  ) );
#9768 = PCURVE('',#4468,#9769);
#9769 = DEFINITIONAL_REPRESENTATION('',(#9770),#9774);
#9770 = LINE('',#9771,#9772);
#9771 = CARTESIAN_POINT('',(1.,0.));
#9772 = VECTOR('',#9773,1.);
#9773 = DIRECTION('',(0.,-1.));
#9774 = ( GEOMETRIC_REPRESENTATION_CONTEXT(2) 
PARAMETRIC_REPRESENTATION_CONTEXT() REPRESENTATION_CONTEXT('2D SPACE',''
  ) );
#9775 = ORIENTED_EDGE('',*,*,#4482,.T.);
#9776 = ORIENTED_EDGE('',*,*,#9677,.F.);
#9777 = ORIENTED_EDGE('',*,*,#9778,.F.);
#9778 = EDGE_CURVE('',#9754,#9678,#9779,.T.);
#9779 = SURFACE_CURVE('',#9780,(#9784,#9791),.PCURVE_S1.);
#9780 = B_SPLINE_CURVE_WITH_KNOTS('',2,(#9781,#9782,#9783),
  .UNSPECIFIED.,.F.,.F.,(3,3),(0.,1.),.PIECEWISE_BEZIER_KNOTS.);
#9781 = CARTESIAN_POINT('',(-13.77014160156,-58.1440625,1.2));
#9782 = CARTESIAN_POINT('',(-13.99304199218,-58.1440625,1.2));
#9783 = CARTESIAN_POINT('',(-14.24548339843,-58.20180175781,1.2));
#9784 = PCURVE('',#4496,#9785);
#9785 = DEFINITIONAL_REPRESENTATION('',(#9786),#9790);
#9786 = LINE('',#9787,#9788);
#9787 = CARTESIAN_POINT('',(0.,0.));
#9788 = VECTOR('',#9789,1.);
#9789 = DIRECTION('',(1.,0.));
#9790 = ( GEOMETRIC_REPRESENTATION_CONTEXT(2) 
PARAMETRIC_REPRESENTATION_CONTEXT() REPRESENTATION_CONTEXT('2D SPACE',''
  ) );
#9791 = PCURVE('',#9738,#9792);
#9792 = DEFINITIONAL_REPRESENTATION('',(#9793),#9797);
#9793 = B_SPLINE_CURVE_WITH_KNOTS('',2,(#9794,#9795,#9796),
  .UNSPECIFIED.,.F.,.F.,(3,3),(0.,1.),.PIECEWISE_BEZIER_KNOTS.);
#9794 = CARTESIAN_POINT('',(1.6005859375,1.989990234375));
#9795 = CARTESIAN_POINT('',(1.377685546875,1.989990234375));
#9796 = CARTESIAN_POINT('',(1.125244140625,1.932250976562));
#9797 = ( GEOMETRIC_REPRESENTATION_CONTEXT(2) 
PARAMETRIC_REPRESENTATION_CONTEXT() REPRESENTATION_CONTEXT('2D SPACE',''
  ) );
#9798 = ADVANCED_FACE('',(#9799),#4468,.F.);
#9799 = FACE_BOUND('',#9800,.F.);
#9800 = EDGE_LOOP('',(#9801,#9824,#9825,#9826));
#9801 = ORIENTED_EDGE('',*,*,#9802,.T.);
#9802 = EDGE_CURVE('',#9803,#4423,#9805,.T.);
#9803 = VERTEX_POINT('',#9804);
#9804 = CARTESIAN_POINT('',(-13.17797851562,-58.3266796875,1.2));
#9805 = SURFACE_CURVE('',#9806,(#9810,#9817),.PCURVE_S1.);
#9806 = LINE('',#9807,#9808);
#9807 = CARTESIAN_POINT('',(-13.17797851562,-58.3266796875,1.2));
#9808 = VECTOR('',#9809,1.);
#9809 = DIRECTION('',(0.,0.,1.));
#9810 = PCURVE('',#4468,#9811);
#9811 = DEFINITIONAL_REPRESENTATION('',(#9812),#9816);
#9812 = LINE('',#9813,#9814);
#9813 = CARTESIAN_POINT('',(0.,0.));
#9814 = VECTOR('',#9815,1.);
#9815 = DIRECTION('',(0.,-1.));
#9816 = ( GEOMETRIC_REPRESENTATION_CONTEXT(2) 
PARAMETRIC_REPRESENTATION_CONTEXT() REPRESENTATION_CONTEXT('2D SPACE',''
  ) );
#9817 = PCURVE('',#4438,#9818);
#9818 = DEFINITIONAL_REPRESENTATION('',(#9819),#9823);
#9819 = LINE('',#9820,#9821);
#9820 = CARTESIAN_POINT('',(1.,0.));
#9821 = VECTOR('',#9822,1.);
#9822 = DIRECTION('',(0.,-1.));
#9823 = ( GEOMETRIC_REPRESENTATION_CONTEXT(2) 
PARAMETRIC_REPRESENTATION_CONTEXT() REPRESENTATION_CONTEXT('2D SPACE',''
  ) );
#9824 = ORIENTED_EDGE('',*,*,#4452,.T.);
#9825 = ORIENTED_EDGE('',*,*,#9753,.F.);
#9826 = ORIENTED_EDGE('',*,*,#9827,.F.);
#9827 = EDGE_CURVE('',#9803,#9754,#9828,.T.);
#9828 = SURFACE_CURVE('',#9829,(#9833,#9840),.PCURVE_S1.);
#9829 = B_SPLINE_CURVE_WITH_KNOTS('',2,(#9830,#9831,#9832),
  .UNSPECIFIED.,.F.,.F.,(3,3),(0.,1.),.PIECEWISE_BEZIER_KNOTS.);
#9830 = CARTESIAN_POINT('',(-13.17797851562,-58.3266796875,1.2));
#9831 = CARTESIAN_POINT('',(-13.39416503906,-58.1440625,1.2));
#9832 = CARTESIAN_POINT('',(-13.77014160156,-58.1440625,1.2));
#9833 = PCURVE('',#4468,#9834);
#9834 = DEFINITIONAL_REPRESENTATION('',(#9835),#9839);
#9835 = LINE('',#9836,#9837);
#9836 = CARTESIAN_POINT('',(0.,0.));
#9837 = VECTOR('',#9838,1.);
#9838 = DIRECTION('',(1.,0.));
#9839 = ( GEOMETRIC_REPRESENTATION_CONTEXT(2) 
PARAMETRIC_REPRESENTATION_CONTEXT() REPRESENTATION_CONTEXT('2D SPACE',''
  ) );
#9840 = PCURVE('',#9738,#9841);
#9841 = DEFINITIONAL_REPRESENTATION('',(#9842),#9846);
#9842 = B_SPLINE_CURVE_WITH_KNOTS('',2,(#9843,#9844,#9845),
  .UNSPECIFIED.,.F.,.F.,(3,3),(0.,1.),.PIECEWISE_BEZIER_KNOTS.);
#9843 = CARTESIAN_POINT('',(2.192749023438,1.807373046875));
#9844 = CARTESIAN_POINT('',(1.9765625,1.989990234375));
#9845 = CARTESIAN_POINT('',(1.6005859375,1.989990234375));
#9846 = ( GEOMETRIC_REPRESENTATION_CONTEXT(2) 
PARAMETRIC_REPRESENTATION_CONTEXT() REPRESENTATION_CONTEXT('2D SPACE',''
  ) );
#9847 = ADVANCED_FACE('',(#9848),#4438,.F.);
#9848 = FACE_BOUND('',#9849,.F.);
#9849 = EDGE_LOOP('',(#9850,#9873,#9874,#9875));
#9850 = ORIENTED_EDGE('',*,*,#9851,.T.);
#9851 = EDGE_CURVE('',#9852,#4393,#9854,.T.);
#9852 = VERTEX_POINT('',#9853);
#9853 = CARTESIAN_POINT('',(-12.96179199218,-58.82619140625,1.2));
#9854 = SURFACE_CURVE('',#9855,(#9859,#9866),.PCURVE_S1.);
#9855 = LINE('',#9856,#9857);
#9856 = CARTESIAN_POINT('',(-12.96179199218,-58.82619140625,1.2));
#9857 = VECTOR('',#9858,1.);
#9858 = DIRECTION('',(0.,0.,1.));
#9859 = PCURVE('',#4438,#9860);
#9860 = DEFINITIONAL_REPRESENTATION('',(#9861),#9865);
#9861 = LINE('',#9862,#9863);
#9862 = CARTESIAN_POINT('',(0.,0.));
#9863 = VECTOR('',#9864,1.);
#9864 = DIRECTION('',(0.,-1.));
#9865 = ( GEOMETRIC_REPRESENTATION_CONTEXT(2) 
PARAMETRIC_REPRESENTATION_CONTEXT() REPRESENTATION_CONTEXT('2D SPACE',''
  ) );
#9866 = PCURVE('',#4408,#9867);
#9867 = DEFINITIONAL_REPRESENTATION('',(#9868),#9872);
#9868 = LINE('',#9869,#9870);
#9869 = CARTESIAN_POINT('',(1.,0.));
#9870 = VECTOR('',#9871,1.);
#9871 = DIRECTION('',(0.,-1.));
#9872 = ( GEOMETRIC_REPRESENTATION_CONTEXT(2) 
PARAMETRIC_REPRESENTATION_CONTEXT() REPRESENTATION_CONTEXT('2D SPACE',''
  ) );
#9873 = ORIENTED_EDGE('',*,*,#4422,.T.);
#9874 = ORIENTED_EDGE('',*,*,#9802,.F.);
#9875 = ORIENTED_EDGE('',*,*,#9876,.F.);
#9876 = EDGE_CURVE('',#9852,#9803,#9877,.T.);
#9877 = SURFACE_CURVE('',#9878,(#9882,#9889),.PCURVE_S1.);
#9878 = B_SPLINE_CURVE_WITH_KNOTS('',2,(#9879,#9880,#9881),
  .UNSPECIFIED.,.F.,.F.,(3,3),(0.,1.),.PIECEWISE_BEZIER_KNOTS.);
#9879 = CARTESIAN_POINT('',(-12.96179199218,-58.82619140625,1.2));
#9880 = CARTESIAN_POINT('',(-12.96179199218,-58.509296875,1.2));
#9881 = CARTESIAN_POINT('',(-13.17797851562,-58.3266796875,1.2));
#9882 = PCURVE('',#4438,#9883);
#9883 = DEFINITIONAL_REPRESENTATION('',(#9884),#9888);
#9884 = LINE('',#9885,#9886);
#9885 = CARTESIAN_POINT('',(0.,0.));
#9886 = VECTOR('',#9887,1.);
#9887 = DIRECTION('',(1.,0.));
#9888 = ( GEOMETRIC_REPRESENTATION_CONTEXT(2) 
PARAMETRIC_REPRESENTATION_CONTEXT() REPRESENTATION_CONTEXT('2D SPACE',''
  ) );
#9889 = PCURVE('',#9738,#9890);
#9890 = DEFINITIONAL_REPRESENTATION('',(#9891),#9895);
#9891 = B_SPLINE_CURVE_WITH_KNOTS('',2,(#9892,#9893,#9894),
  .UNSPECIFIED.,.F.,.F.,(3,3),(0.,1.),.PIECEWISE_BEZIER_KNOTS.);
#9892 = CARTESIAN_POINT('',(2.408935546875,1.307861328125));
#9893 = CARTESIAN_POINT('',(2.408935546875,1.624755859375));
#9894 = CARTESIAN_POINT('',(2.192749023438,1.807373046875));
#9895 = ( GEOMETRIC_REPRESENTATION_CONTEXT(2) 
PARAMETRIC_REPRESENTATION_CONTEXT() REPRESENTATION_CONTEXT('2D SPACE',''
  ) );
#9896 = ADVANCED_FACE('',(#9897),#4408,.F.);
#9897 = FACE_BOUND('',#9898,.F.);
#9898 = EDGE_LOOP('',(#9899,#9922,#9923,#9924));
#9899 = ORIENTED_EDGE('',*,*,#9900,.T.);
#9900 = EDGE_CURVE('',#9901,#4363,#9903,.T.);
#9901 = VERTEX_POINT('',#9902);
#9902 = CARTESIAN_POINT('',(-13.17797851562,-59.32436035156,1.2));
#9903 = SURFACE_CURVE('',#9904,(#9908,#9915),.PCURVE_S1.);
#9904 = LINE('',#9905,#9906);
#9905 = CARTESIAN_POINT('',(-13.17797851562,-59.32436035156,1.2));
#9906 = VECTOR('',#9907,1.);
#9907 = DIRECTION('',(0.,0.,1.));
#9908 = PCURVE('',#4408,#9909);
#9909 = DEFINITIONAL_REPRESENTATION('',(#9910),#9914);
#9910 = LINE('',#9911,#9912);
#9911 = CARTESIAN_POINT('',(0.,0.));
#9912 = VECTOR('',#9913,1.);
#9913 = DIRECTION('',(0.,-1.));
#9914 = ( GEOMETRIC_REPRESENTATION_CONTEXT(2) 
PARAMETRIC_REPRESENTATION_CONTEXT() REPRESENTATION_CONTEXT('2D SPACE',''
  ) );
#9915 = PCURVE('',#4378,#9916);
#9916 = DEFINITIONAL_REPRESENTATION('',(#9917),#9921);
#9917 = LINE('',#9918,#9919);
#9918 = CARTESIAN_POINT('',(1.,0.));
#9919 = VECTOR('',#9920,1.);
#9920 = DIRECTION('',(0.,-1.));
#9921 = ( GEOMETRIC_REPRESENTATION_CONTEXT(2) 
PARAMETRIC_REPRESENTATION_CONTEXT() REPRESENTATION_CONTEXT('2D SPACE',''
  ) );
#9922 = ORIENTED_EDGE('',*,*,#4392,.T.);
#9923 = ORIENTED_EDGE('',*,*,#9851,.F.);
#9924 = ORIENTED_EDGE('',*,*,#9925,.F.);
#9925 = EDGE_CURVE('',#9901,#9852,#9926,.T.);
#9926 = SURFACE_CURVE('',#9927,(#9931,#9938),.PCURVE_S1.);
#9927 = B_SPLINE_CURVE_WITH_KNOTS('',2,(#9928,#9929,#9930),
  .UNSPECIFIED.,.F.,.F.,(3,3),(0.,1.),.PIECEWISE_BEZIER_KNOTS.);
#9928 = CARTESIAN_POINT('',(-13.17797851562,-59.32436035156,1.2));
#9929 = CARTESIAN_POINT('',(-12.96179199218,-59.14040039062,1.2));
#9930 = CARTESIAN_POINT('',(-12.96179199218,-58.82619140625,1.2));
#9931 = PCURVE('',#4408,#9932);
#9932 = DEFINITIONAL_REPRESENTATION('',(#9933),#9937);
#9933 = LINE('',#9934,#9935);
#9934 = CARTESIAN_POINT('',(0.,0.));
#9935 = VECTOR('',#9936,1.);
#9936 = DIRECTION('',(1.,0.));
#9937 = ( GEOMETRIC_REPRESENTATION_CONTEXT(2) 
PARAMETRIC_REPRESENTATION_CONTEXT() REPRESENTATION_CONTEXT('2D SPACE',''
  ) );
#9938 = PCURVE('',#9738,#9939);
#9939 = DEFINITIONAL_REPRESENTATION('',(#9940),#9944);
#9940 = B_SPLINE_CURVE_WITH_KNOTS('',2,(#9941,#9942,#9943),
  .UNSPECIFIED.,.F.,.F.,(3,3),(0.,1.),.PIECEWISE_BEZIER_KNOTS.);
#9941 = CARTESIAN_POINT('',(2.192749023438,0.809692382812));
#9942 = CARTESIAN_POINT('',(2.408935546875,0.99365234375));
#9943 = CARTESIAN_POINT('',(2.408935546875,1.307861328125));
#9944 = ( GEOMETRIC_REPRESENTATION_CONTEXT(2) 
PARAMETRIC_REPRESENTATION_CONTEXT() REPRESENTATION_CONTEXT('2D SPACE',''
  ) );
#9945 = ADVANCED_FACE('',(#9946),#4378,.F.);
#9946 = FACE_BOUND('',#9947,.F.);
#9947 = EDGE_LOOP('',(#9948,#9971,#9972,#9973));
#9948 = ORIENTED_EDGE('',*,*,#9949,.T.);
#9949 = EDGE_CURVE('',#9950,#4333,#9952,.T.);
#9950 = VERTEX_POINT('',#9951);
#9951 = CARTESIAN_POINT('',(-13.77014160156,-59.5083203125,1.2));
#9952 = SURFACE_CURVE('',#9953,(#9957,#9964),.PCURVE_S1.);
#9953 = LINE('',#9954,#9955);
#9954 = CARTESIAN_POINT('',(-13.77014160156,-59.5083203125,1.2));
#9955 = VECTOR('',#9956,1.);
#9956 = DIRECTION('',(0.,0.,1.));
#9957 = PCURVE('',#4378,#9958);
#9958 = DEFINITIONAL_REPRESENTATION('',(#9959),#9963);
#9959 = LINE('',#9960,#9961);
#9960 = CARTESIAN_POINT('',(0.,0.));
#9961 = VECTOR('',#9962,1.);
#9962 = DIRECTION('',(0.,-1.));
#9963 = ( GEOMETRIC_REPRESENTATION_CONTEXT(2) 
PARAMETRIC_REPRESENTATION_CONTEXT() REPRESENTATION_CONTEXT('2D SPACE',''
  ) );
#9964 = PCURVE('',#4348,#9965);
#9965 = DEFINITIONAL_REPRESENTATION('',(#9966),#9970);
#9966 = LINE('',#9967,#9968);
#9967 = CARTESIAN_POINT('',(1.,0.));
#9968 = VECTOR('',#9969,1.);
#9969 = DIRECTION('',(0.,-1.));
#9970 = ( GEOMETRIC_REPRESENTATION_CONTEXT(2) 
PARAMETRIC_REPRESENTATION_CONTEXT() REPRESENTATION_CONTEXT('2D SPACE',''
  ) );
#9971 = ORIENTED_EDGE('',*,*,#4362,.T.);
#9972 = ORIENTED_EDGE('',*,*,#9900,.F.);
#9973 = ORIENTED_EDGE('',*,*,#9974,.F.);
#9974 = EDGE_CURVE('',#9950,#9901,#9975,.T.);
#9975 = SURFACE_CURVE('',#9976,(#9980,#9987),.PCURVE_S1.);
#9976 = B_SPLINE_CURVE_WITH_KNOTS('',2,(#9977,#9978,#9979),
  .UNSPECIFIED.,.F.,.F.,(3,3),(0.,1.),.PIECEWISE_BEZIER_KNOTS.);
#9977 = CARTESIAN_POINT('',(-13.77014160156,-59.5083203125,1.2));
#9978 = CARTESIAN_POINT('',(-13.39416503906,-59.5083203125,1.2));
#9979 = CARTESIAN_POINT('',(-13.17797851562,-59.32436035156,1.2));
#9980 = PCURVE('',#4378,#9981);
#9981 = DEFINITIONAL_REPRESENTATION('',(#9982),#9986);
#9982 = LINE('',#9983,#9984);
#9983 = CARTESIAN_POINT('',(0.,0.));
#9984 = VECTOR('',#9985,1.);
#9985 = DIRECTION('',(1.,0.));
#9986 = ( GEOMETRIC_REPRESENTATION_CONTEXT(2) 
PARAMETRIC_REPRESENTATION_CONTEXT() REPRESENTATION_CONTEXT('2D SPACE',''
  ) );
#9987 = PCURVE('',#9738,#9988);
#9988 = DEFINITIONAL_REPRESENTATION('',(#9989),#9993);
#9989 = B_SPLINE_CURVE_WITH_KNOTS('',2,(#9990,#9991,#9992),
  .UNSPECIFIED.,.F.,.F.,(3,3),(0.,1.),.PIECEWISE_BEZIER_KNOTS.);
#9990 = CARTESIAN_POINT('',(1.6005859375,0.625732421875));
#9991 = CARTESIAN_POINT('',(1.9765625,0.625732421875));
#9992 = CARTESIAN_POINT('',(2.192749023438,0.809692382812));
#9993 = ( GEOMETRIC_REPRESENTATION_CONTEXT(2) 
PARAMETRIC_REPRESENTATION_CONTEXT() REPRESENTATION_CONTEXT('2D SPACE',''
  ) );
#9994 = ADVANCED_FACE('',(#9995),#4348,.F.);
#9995 = FACE_BOUND('',#9996,.F.);
#9996 = EDGE_LOOP('',(#9997,#10020,#10021,#10022));
#9997 = ORIENTED_EDGE('',*,*,#9998,.T.);
#9998 = EDGE_CURVE('',#9999,#4303,#10001,.T.);
#9999 = VERTEX_POINT('',#10000);
#10000 = CARTESIAN_POINT('',(-14.32470703125,-59.41432617187,1.2));
#10001 = SURFACE_CURVE('',#10002,(#10006,#10013),.PCURVE_S1.);
#10002 = LINE('',#10003,#10004);
#10003 = CARTESIAN_POINT('',(-14.32470703125,-59.41432617187,1.2));
#10004 = VECTOR('',#10005,1.);
#10005 = DIRECTION('',(0.,0.,1.));
#10006 = PCURVE('',#4348,#10007);
#10007 = DEFINITIONAL_REPRESENTATION('',(#10008),#10012);
#10008 = LINE('',#10009,#10010);
#10009 = CARTESIAN_POINT('',(0.,0.));
#10010 = VECTOR('',#10011,1.);
#10011 = DIRECTION('',(0.,-1.));
#10012 = ( GEOMETRIC_REPRESENTATION_CONTEXT(2) 
PARAMETRIC_REPRESENTATION_CONTEXT() REPRESENTATION_CONTEXT('2D SPACE',''
  ) );
#10013 = PCURVE('',#4318,#10014);
#10014 = DEFINITIONAL_REPRESENTATION('',(#10015),#10019);
#10015 = LINE('',#10016,#10017);
#10016 = CARTESIAN_POINT('',(1.,0.));
#10017 = VECTOR('',#10018,1.);
#10018 = DIRECTION('',(0.,-1.));
#10019 = ( GEOMETRIC_REPRESENTATION_CONTEXT(2) 
PARAMETRIC_REPRESENTATION_CONTEXT() REPRESENTATION_CONTEXT('2D SPACE',''
  ) );
#10020 = ORIENTED_EDGE('',*,*,#4332,.T.);
#10021 = ORIENTED_EDGE('',*,*,#9949,.F.);
#10022 = ORIENTED_EDGE('',*,*,#10023,.F.);
#10023 = EDGE_CURVE('',#9999,#9950,#10024,.T.);
#10024 = SURFACE_CURVE('',#10025,(#10029,#10036),.PCURVE_S1.);
#10025 = B_SPLINE_CURVE_WITH_KNOTS('',2,(#10026,#10027,#10028),
  .UNSPECIFIED.,.F.,.F.,(3,3),(0.,1.),.PIECEWISE_BEZIER_KNOTS.);
#10026 = CARTESIAN_POINT('',(-14.32470703125,-59.41432617187,1.2));
#10027 = CARTESIAN_POINT('',(-14.03063964843,-59.5083203125,1.2));
#10028 = CARTESIAN_POINT('',(-13.77014160156,-59.5083203125,1.2));
#10029 = PCURVE('',#4348,#10030);
#10030 = DEFINITIONAL_REPRESENTATION('',(#10031),#10035);
#10031 = LINE('',#10032,#10033);
#10032 = CARTESIAN_POINT('',(0.,0.));
#10033 = VECTOR('',#10034,1.);
#10034 = DIRECTION('',(1.,0.));
#10035 = ( GEOMETRIC_REPRESENTATION_CONTEXT(2) 
PARAMETRIC_REPRESENTATION_CONTEXT() REPRESENTATION_CONTEXT('2D SPACE',''
  ) );
#10036 = PCURVE('',#9738,#10037);
#10037 = DEFINITIONAL_REPRESENTATION('',(#10038),#10042);
#10038 = B_SPLINE_CURVE_WITH_KNOTS('',2,(#10039,#10040,#10041),
  .UNSPECIFIED.,.F.,.F.,(3,3),(0.,1.),.PIECEWISE_BEZIER_KNOTS.);
#10039 = CARTESIAN_POINT('',(1.046020507812,0.7197265625));
#10040 = CARTESIAN_POINT('',(1.340087890625,0.625732421875));
#10041 = CARTESIAN_POINT('',(1.6005859375,0.625732421875));
#10042 = ( GEOMETRIC_REPRESENTATION_CONTEXT(2) 
PARAMETRIC_REPRESENTATION_CONTEXT() REPRESENTATION_CONTEXT('2D SPACE',''
  ) );
#10043 = ADVANCED_FACE('',(#10044),#4318,.F.);
#10044 = FACE_BOUND('',#10045,.F.);
#10045 = EDGE_LOOP('',(#10046,#10069,#10070,#10071));
#10046 = ORIENTED_EDGE('',*,*,#10047,.T.);
#10047 = EDGE_CURVE('',#10048,#4275,#10050,.T.);
#10048 = VERTEX_POINT('',#10049);
#10049 = CARTESIAN_POINT('',(-14.94641113281,-59.13234375,1.2));
#10050 = SURFACE_CURVE('',#10051,(#10055,#10062),.PCURVE_S1.);
#10051 = LINE('',#10052,#10053);
#10052 = CARTESIAN_POINT('',(-14.94641113281,-59.13234375,1.2));
#10053 = VECTOR('',#10054,1.);
#10054 = DIRECTION('',(0.,0.,1.));
#10055 = PCURVE('',#4318,#10056);
#10056 = DEFINITIONAL_REPRESENTATION('',(#10057),#10061);
#10057 = LINE('',#10058,#10059);
#10058 = CARTESIAN_POINT('',(0.,0.));
#10059 = VECTOR('',#10060,1.);
#10060 = DIRECTION('',(0.,-1.));
#10061 = ( GEOMETRIC_REPRESENTATION_CONTEXT(2) 
PARAMETRIC_REPRESENTATION_CONTEXT() REPRESENTATION_CONTEXT('2D SPACE',''
  ) );
#10062 = PCURVE('',#4290,#10063);
#10063 = DEFINITIONAL_REPRESENTATION('',(#10064),#10068);
#10064 = LINE('',#10065,#10066);
#10065 = CARTESIAN_POINT('',(0.813720703125,0.));
#10066 = VECTOR('',#10067,1.);
#10067 = DIRECTION('',(0.,-1.));
#10068 = ( GEOMETRIC_REPRESENTATION_CONTEXT(2) 
PARAMETRIC_REPRESENTATION_CONTEXT() REPRESENTATION_CONTEXT('2D SPACE',''
  ) );
#10069 = ORIENTED_EDGE('',*,*,#4302,.T.);
#10070 = ORIENTED_EDGE('',*,*,#9998,.F.);
#10071 = ORIENTED_EDGE('',*,*,#10072,.F.);
#10072 = EDGE_CURVE('',#10048,#9999,#10073,.T.);
#10073 = SURFACE_CURVE('',#10074,(#10078,#10085),.PCURVE_S1.);
#10074 = B_SPLINE_CURVE_WITH_KNOTS('',2,(#10075,#10076,#10077),
  .UNSPECIFIED.,.F.,.F.,(3,3),(0.,1.),.PIECEWISE_BEZIER_KNOTS.);
#10075 = CARTESIAN_POINT('',(-14.94641113281,-59.13234375,1.2));
#10076 = CARTESIAN_POINT('',(-14.61877441406,-59.32033203125,1.2));
#10077 = CARTESIAN_POINT('',(-14.32470703125,-59.41432617187,1.2));
#10078 = PCURVE('',#4318,#10079);
#10079 = DEFINITIONAL_REPRESENTATION('',(#10080),#10084);
#10080 = LINE('',#10081,#10082);
#10081 = CARTESIAN_POINT('',(0.,0.));
#10082 = VECTOR('',#10083,1.);
#10083 = DIRECTION('',(1.,0.));
#10084 = ( GEOMETRIC_REPRESENTATION_CONTEXT(2) 
PARAMETRIC_REPRESENTATION_CONTEXT() REPRESENTATION_CONTEXT('2D SPACE',''
  ) );
#10085 = PCURVE('',#9738,#10086);
#10086 = DEFINITIONAL_REPRESENTATION('',(#10087),#10091);
#10087 = B_SPLINE_CURVE_WITH_KNOTS('',2,(#10088,#10089,#10090),
  .UNSPECIFIED.,.F.,.F.,(3,3),(0.,1.),.PIECEWISE_BEZIER_KNOTS.);
#10088 = CARTESIAN_POINT('',(0.42431640625,1.001708984375));
#10089 = CARTESIAN_POINT('',(0.751953125,0.813720703125));
#10090 = CARTESIAN_POINT('',(1.046020507812,0.7197265625));
#10091 = ( GEOMETRIC_REPRESENTATION_CONTEXT(2) 
PARAMETRIC_REPRESENTATION_CONTEXT() REPRESENTATION_CONTEXT('2D SPACE',''
  ) );
#10092 = ADVANCED_FACE('',(#10093),#4290,.F.);
#10093 = FACE_BOUND('',#10094,.F.);
#10094 = EDGE_LOOP('',(#10095,#10118,#10119,#10120));
#10095 = ORIENTED_EDGE('',*,*,#10096,.T.);
#10096 = EDGE_CURVE('',#10097,#4245,#10099,.T.);
#10097 = VERTEX_POINT('',#10098);
#10098 = CARTESIAN_POINT('',(-14.94641113281,-59.94606445312,1.2));
#10099 = SURFACE_CURVE('',#10100,(#10104,#10111),.PCURVE_S1.);
#10100 = LINE('',#10101,#10102);
#10101 = CARTESIAN_POINT('',(-14.94641113281,-59.94606445312,1.2));
#10102 = VECTOR('',#10103,1.);
#10103 = DIRECTION('',(0.,0.,1.));
#10104 = PCURVE('',#4290,#10105);
#10105 = DEFINITIONAL_REPRESENTATION('',(#10106),#10110);
#10106 = LINE('',#10107,#10108);
#10107 = CARTESIAN_POINT('',(0.,0.));
#10108 = VECTOR('',#10109,1.);
#10109 = DIRECTION('',(0.,-1.));
#10110 = ( GEOMETRIC_REPRESENTATION_CONTEXT(2) 
PARAMETRIC_REPRESENTATION_CONTEXT() REPRESENTATION_CONTEXT('2D SPACE',''
  ) );
#10111 = PCURVE('',#4260,#10112);
#10112 = DEFINITIONAL_REPRESENTATION('',(#10113),#10117);
#10113 = LINE('',#10114,#10115);
#10114 = CARTESIAN_POINT('',(1.,0.));
#10115 = VECTOR('',#10116,1.);
#10116 = DIRECTION('',(0.,-1.));
#10117 = ( GEOMETRIC_REPRESENTATION_CONTEXT(2) 
PARAMETRIC_REPRESENTATION_CONTEXT() REPRESENTATION_CONTEXT('2D SPACE',''
  ) );
#10118 = ORIENTED_EDGE('',*,*,#4274,.T.);
#10119 = ORIENTED_EDGE('',*,*,#10047,.F.);
#10120 = ORIENTED_EDGE('',*,*,#10121,.F.);
#10121 = EDGE_CURVE('',#10097,#10048,#10122,.T.);
#10122 = SURFACE_CURVE('',#10123,(#10127,#10134),.PCURVE_S1.);
#10123 = LINE('',#10124,#10125);
#10124 = CARTESIAN_POINT('',(-14.94641113281,-59.94606445312,1.2));
#10125 = VECTOR('',#10126,1.);
#10126 = DIRECTION('',(0.,1.,0.));
#10127 = PCURVE('',#4290,#10128);
#10128 = DEFINITIONAL_REPRESENTATION('',(#10129),#10133);
#10129 = LINE('',#10130,#10131);
#10130 = CARTESIAN_POINT('',(0.,0.));
#10131 = VECTOR('',#10132,1.);
#10132 = DIRECTION('',(1.,0.));
#10133 = ( GEOMETRIC_REPRESENTATION_CONTEXT(2) 
PARAMETRIC_REPRESENTATION_CONTEXT() REPRESENTATION_CONTEXT('2D SPACE',''
  ) );
#10134 = PCURVE('',#9738,#10135);
#10135 = DEFINITIONAL_REPRESENTATION('',(#10136),#10140);
#10136 = LINE('',#10137,#10138);
#10137 = CARTESIAN_POINT('',(0.42431640625,0.18798828125));
#10138 = VECTOR('',#10139,1.);
#10139 = DIRECTION('',(0.,1.));
#10140 = ( GEOMETRIC_REPRESENTATION_CONTEXT(2) 
PARAMETRIC_REPRESENTATION_CONTEXT() REPRESENTATION_CONTEXT('2D SPACE',''
  ) );
#10141 = ADVANCED_FACE('',(#10142),#4260,.F.);
#10142 = FACE_BOUND('',#10143,.F.);
#10143 = EDGE_LOOP('',(#10144,#10167,#10168,#10169));
#10144 = ORIENTED_EDGE('',*,*,#10145,.T.);
#10145 = EDGE_CURVE('',#10146,#4215,#10148,.T.);
#10146 = VERTEX_POINT('',#10147);
#10147 = CARTESIAN_POINT('',(-14.28173828125,-60.14613769531,1.2));
#10148 = SURFACE_CURVE('',#10149,(#10153,#10160),.PCURVE_S1.);
#10149 = LINE('',#10150,#10151);
#10150 = CARTESIAN_POINT('',(-14.28173828125,-60.14613769531,1.2));
#10151 = VECTOR('',#10152,1.);
#10152 = DIRECTION('',(0.,0.,1.));
#10153 = PCURVE('',#4260,#10154);
#10154 = DEFINITIONAL_REPRESENTATION('',(#10155),#10159);
#10155 = LINE('',#10156,#10157);
#10156 = CARTESIAN_POINT('',(0.,0.));
#10157 = VECTOR('',#10158,1.);
#10158 = DIRECTION('',(0.,-1.));
#10159 = ( GEOMETRIC_REPRESENTATION_CONTEXT(2) 
PARAMETRIC_REPRESENTATION_CONTEXT() REPRESENTATION_CONTEXT('2D SPACE',''
  ) );
#10160 = PCURVE('',#4230,#10161);
#10161 = DEFINITIONAL_REPRESENTATION('',(#10162),#10166);
#10162 = LINE('',#10163,#10164);
#10163 = CARTESIAN_POINT('',(1.,0.));
#10164 = VECTOR('',#10165,1.);
#10165 = DIRECTION('',(0.,-1.));
#10166 = ( GEOMETRIC_REPRESENTATION_CONTEXT(2) 
PARAMETRIC_REPRESENTATION_CONTEXT() REPRESENTATION_CONTEXT('2D SPACE',''
  ) );
#10167 = ORIENTED_EDGE('',*,*,#4244,.T.);
#10168 = ORIENTED_EDGE('',*,*,#10096,.F.);
#10169 = ORIENTED_EDGE('',*,*,#10170,.F.);
#10170 = EDGE_CURVE('',#10146,#10097,#10171,.T.);
#10171 = SURFACE_CURVE('',#10172,(#10176,#10183),.PCURVE_S1.);
#10172 = B_SPLINE_CURVE_WITH_KNOTS('',2,(#10173,#10174,#10175),
  .UNSPECIFIED.,.F.,.F.,(3,3),(0.,1.),.PIECEWISE_BEZIER_KNOTS.);
#10173 = CARTESIAN_POINT('',(-14.28173828125,-60.14613769531,1.2));
#10174 = CARTESIAN_POINT('',(-14.61608886718,-60.08034179687,1.2));
#10175 = CARTESIAN_POINT('',(-14.94641113281,-59.94606445312,1.2));
#10176 = PCURVE('',#4260,#10177);
#10177 = DEFINITIONAL_REPRESENTATION('',(#10178),#10182);
#10178 = LINE('',#10179,#10180);
#10179 = CARTESIAN_POINT('',(0.,0.));
#10180 = VECTOR('',#10181,1.);
#10181 = DIRECTION('',(1.,0.));
#10182 = ( GEOMETRIC_REPRESENTATION_CONTEXT(2) 
PARAMETRIC_REPRESENTATION_CONTEXT() REPRESENTATION_CONTEXT('2D SPACE',''
  ) );
#10183 = PCURVE('',#9738,#10184);
#10184 = DEFINITIONAL_REPRESENTATION('',(#10185),#10189);
#10185 = B_SPLINE_CURVE_WITH_KNOTS('',2,(#10186,#10187,#10188),
  .UNSPECIFIED.,.F.,.F.,(3,3),(0.,1.),.PIECEWISE_BEZIER_KNOTS.);
#10186 = CARTESIAN_POINT('',(1.088989257812,-1.20849609375E-02));
#10187 = CARTESIAN_POINT('',(0.754638671875,5.37109375E-02));
#10188 = CARTESIAN_POINT('',(0.42431640625,0.18798828125));
#10189 = ( GEOMETRIC_REPRESENTATION_CONTEXT(2) 
PARAMETRIC_REPRESENTATION_CONTEXT() REPRESENTATION_CONTEXT('2D SPACE',''
  ) );
#10190 = ADVANCED_FACE('',(#10191),#4230,.F.);
#10191 = FACE_BOUND('',#10192,.F.);
#10192 = EDGE_LOOP('',(#10193,#10216,#10217,#10218));
#10193 = ORIENTED_EDGE('',*,*,#10194,.T.);
#10194 = EDGE_CURVE('',#10195,#4185,#10197,.T.);
#10195 = VERTEX_POINT('',#10196);
#10196 = CARTESIAN_POINT('',(-13.60632324218,-60.21193359375,1.2));
#10197 = SURFACE_CURVE('',#10198,(#10202,#10209),.PCURVE_S1.);
#10198 = LINE('',#10199,#10200);
#10199 = CARTESIAN_POINT('',(-13.60632324218,-60.21193359375,1.2));
#10200 = VECTOR('',#10201,1.);
#10201 = DIRECTION('',(0.,0.,1.));
#10202 = PCURVE('',#4230,#10203);
#10203 = DEFINITIONAL_REPRESENTATION('',(#10204),#10208);
#10204 = LINE('',#10205,#10206);
#10205 = CARTESIAN_POINT('',(0.,0.));
#10206 = VECTOR('',#10207,1.);
#10207 = DIRECTION('',(0.,-1.));
#10208 = ( GEOMETRIC_REPRESENTATION_CONTEXT(2) 
PARAMETRIC_REPRESENTATION_CONTEXT() REPRESENTATION_CONTEXT('2D SPACE',''
  ) );
#10209 = PCURVE('',#4200,#10210);
#10210 = DEFINITIONAL_REPRESENTATION('',(#10211),#10215);
#10211 = LINE('',#10212,#10213);
#10212 = CARTESIAN_POINT('',(1.,0.));
#10213 = VECTOR('',#10214,1.);
#10214 = DIRECTION('',(0.,-1.));
#10215 = ( GEOMETRIC_REPRESENTATION_CONTEXT(2) 
PARAMETRIC_REPRESENTATION_CONTEXT() REPRESENTATION_CONTEXT('2D SPACE',''
  ) );
#10216 = ORIENTED_EDGE('',*,*,#4214,.T.);
#10217 = ORIENTED_EDGE('',*,*,#10145,.F.);
#10218 = ORIENTED_EDGE('',*,*,#10219,.F.);
#10219 = EDGE_CURVE('',#10195,#10146,#10220,.T.);
#10220 = SURFACE_CURVE('',#10221,(#10225,#10232),.PCURVE_S1.);
#10221 = B_SPLINE_CURVE_WITH_KNOTS('',2,(#10222,#10223,#10224),
  .UNSPECIFIED.,.F.,.F.,(3,3),(0.,1.),.PIECEWISE_BEZIER_KNOTS.);
#10222 = CARTESIAN_POINT('',(-13.60632324218,-60.21193359375,1.2));
#10223 = CARTESIAN_POINT('',(-13.94738769531,-60.21193359375,1.2));
#10224 = CARTESIAN_POINT('',(-14.28173828125,-60.14613769531,1.2));
#10225 = PCURVE('',#4230,#10226);
#10226 = DEFINITIONAL_REPRESENTATION('',(#10227),#10231);
#10227 = LINE('',#10228,#10229);
#10228 = CARTESIAN_POINT('',(0.,0.));
#10229 = VECTOR('',#10230,1.);
#10230 = DIRECTION('',(1.,0.));
#10231 = ( GEOMETRIC_REPRESENTATION_CONTEXT(2) 
PARAMETRIC_REPRESENTATION_CONTEXT() REPRESENTATION_CONTEXT('2D SPACE',''
  ) );
#10232 = PCURVE('',#9738,#10233);
#10233 = DEFINITIONAL_REPRESENTATION('',(#10234),#10238);
#10234 = B_SPLINE_CURVE_WITH_KNOTS('',2,(#10235,#10236,#10237),
  .UNSPECIFIED.,.F.,.F.,(3,3),(0.,1.),.PIECEWISE_BEZIER_KNOTS.);
#10235 = CARTESIAN_POINT('',(1.764404296875,-7.7880859375E-02));
#10236 = CARTESIAN_POINT('',(1.42333984375,-7.7880859375E-02));
#10237 = CARTESIAN_POINT('',(1.088989257812,-1.20849609375E-02));
#10238 = ( GEOMETRIC_REPRESENTATION_CONTEXT(2) 
PARAMETRIC_REPRESENTATION_CONTEXT() REPRESENTATION_CONTEXT('2D SPACE',''
  ) );
#10239 = ADVANCED_FACE('',(#10240),#4200,.F.);
#10240 = FACE_BOUND('',#10241,.F.);
#10241 = EDGE_LOOP('',(#10242,#10265,#10266,#10267));
#10242 = ORIENTED_EDGE('',*,*,#10243,.T.);
#10243 = EDGE_CURVE('',#10244,#4155,#10246,.T.);
#10244 = VERTEX_POINT('',#10245);
#10245 = CARTESIAN_POINT('',(-12.37231445312,-59.84401367187,1.2));
#10246 = SURFACE_CURVE('',#10247,(#10251,#10258),.PCURVE_S1.);
#10247 = LINE('',#10248,#10249);
#10248 = CARTESIAN_POINT('',(-12.37231445312,-59.84401367187,1.2));
#10249 = VECTOR('',#10250,1.);
#10250 = DIRECTION('',(0.,0.,1.));
#10251 = PCURVE('',#4200,#10252);
#10252 = DEFINITIONAL_REPRESENTATION('',(#10253),#10257);
#10253 = LINE('',#10254,#10255);
#10254 = CARTESIAN_POINT('',(0.,0.));
#10255 = VECTOR('',#10256,1.);
#10256 = DIRECTION('',(0.,-1.));
#10257 = ( GEOMETRIC_REPRESENTATION_CONTEXT(2) 
PARAMETRIC_REPRESENTATION_CONTEXT() REPRESENTATION_CONTEXT('2D SPACE',''
  ) );
#10258 = PCURVE('',#4170,#10259);
#10259 = DEFINITIONAL_REPRESENTATION('',(#10260),#10264);
#10260 = LINE('',#10261,#10262);
#10261 = CARTESIAN_POINT('',(1.,0.));
#10262 = VECTOR('',#10263,1.);
#10263 = DIRECTION('',(0.,-1.));
#10264 = ( GEOMETRIC_REPRESENTATION_CONTEXT(2) 
PARAMETRIC_REPRESENTATION_CONTEXT() REPRESENTATION_CONTEXT('2D SPACE',''
  ) );
#10265 = ORIENTED_EDGE('',*,*,#4184,.T.);
#10266 = ORIENTED_EDGE('',*,*,#10194,.F.);
#10267 = ORIENTED_EDGE('',*,*,#10268,.F.);
#10268 = EDGE_CURVE('',#10244,#10195,#10269,.T.);
#10269 = SURFACE_CURVE('',#10270,(#10274,#10281),.PCURVE_S1.);
#10270 = B_SPLINE_CURVE_WITH_KNOTS('',2,(#10271,#10272,#10273),
  .UNSPECIFIED.,.F.,.F.,(3,3),(0.,1.),.PIECEWISE_BEZIER_KNOTS.);
#10271 = CARTESIAN_POINT('',(-12.37231445312,-59.84401367187,1.2));
#10272 = CARTESIAN_POINT('',(-12.81677246093,-60.21193359375,1.2));
#10273 = CARTESIAN_POINT('',(-13.60632324218,-60.21193359375,1.2));
#10274 = PCURVE('',#4200,#10275);
#10275 = DEFINITIONAL_REPRESENTATION('',(#10276),#10280);
#10276 = LINE('',#10277,#10278);
#10277 = CARTESIAN_POINT('',(0.,0.));
#10278 = VECTOR('',#10279,1.);
#10279 = DIRECTION('',(1.,0.));
#10280 = ( GEOMETRIC_REPRESENTATION_CONTEXT(2) 
PARAMETRIC_REPRESENTATION_CONTEXT() REPRESENTATION_CONTEXT('2D SPACE',''
  ) );
#10281 = PCURVE('',#9738,#10282);
#10282 = DEFINITIONAL_REPRESENTATION('',(#10283),#10287);
#10283 = B_SPLINE_CURVE_WITH_KNOTS('',2,(#10284,#10285,#10286),
  .UNSPECIFIED.,.F.,.F.,(3,3),(0.,1.),.PIECEWISE_BEZIER_KNOTS.);
#10284 = CARTESIAN_POINT('',(2.998413085938,0.2900390625));
#10285 = CARTESIAN_POINT('',(2.553955078125,-7.7880859375E-02));
#10286 = CARTESIAN_POINT('',(1.764404296875,-7.7880859375E-02));
#10287 = ( GEOMETRIC_REPRESENTATION_CONTEXT(2) 
PARAMETRIC_REPRESENTATION_CONTEXT() REPRESENTATION_CONTEXT('2D SPACE',''
  ) );
#10288 = ADVANCED_FACE('',(#10289),#4170,.F.);
#10289 = FACE_BOUND('',#10290,.F.);
#10290 = EDGE_LOOP('',(#10291,#10314,#10315,#10316));
#10291 = ORIENTED_EDGE('',*,*,#10292,.T.);
#10292 = EDGE_CURVE('',#10293,#4125,#10295,.T.);
#10293 = VERTEX_POINT('',#10294);
#10294 = CARTESIAN_POINT('',(-11.92785644531,-58.82619140625,1.2));
#10295 = SURFACE_CURVE('',#10296,(#10300,#10307),.PCURVE_S1.);
#10296 = LINE('',#10297,#10298);
#10297 = CARTESIAN_POINT('',(-11.92785644531,-58.82619140625,1.2));
#10298 = VECTOR('',#10299,1.);
#10299 = DIRECTION('',(0.,0.,1.));
#10300 = PCURVE('',#4170,#10301);
#10301 = DEFINITIONAL_REPRESENTATION('',(#10302),#10306);
#10302 = LINE('',#10303,#10304);
#10303 = CARTESIAN_POINT('',(0.,0.));
#10304 = VECTOR('',#10305,1.);
#10305 = DIRECTION('',(0.,-1.));
#10306 = ( GEOMETRIC_REPRESENTATION_CONTEXT(2) 
PARAMETRIC_REPRESENTATION_CONTEXT() REPRESENTATION_CONTEXT('2D SPACE',''
  ) );
#10307 = PCURVE('',#4140,#10308);
#10308 = DEFINITIONAL_REPRESENTATION('',(#10309),#10313);
#10309 = LINE('',#10310,#10311);
#10310 = CARTESIAN_POINT('',(1.,0.));
#10311 = VECTOR('',#10312,1.);
#10312 = DIRECTION('',(0.,-1.));
#10313 = ( GEOMETRIC_REPRESENTATION_CONTEXT(2) 
PARAMETRIC_REPRESENTATION_CONTEXT() REPRESENTATION_CONTEXT('2D SPACE',''
  ) );
#10314 = ORIENTED_EDGE('',*,*,#4154,.T.);
#10315 = ORIENTED_EDGE('',*,*,#10243,.F.);
#10316 = ORIENTED_EDGE('',*,*,#10317,.F.);
#10317 = EDGE_CURVE('',#10293,#10244,#10318,.T.);
#10318 = SURFACE_CURVE('',#10319,(#10323,#10330),.PCURVE_S1.);
#10319 = B_SPLINE_CURVE_WITH_KNOTS('',2,(#10320,#10321,#10322),
  .UNSPECIFIED.,.F.,.F.,(3,3),(0.,1.),.PIECEWISE_BEZIER_KNOTS.);
#10320 = CARTESIAN_POINT('',(-11.92785644531,-58.82619140625,1.2));
#10321 = CARTESIAN_POINT('',(-11.92785644531,-59.47609375,1.2));
#10322 = CARTESIAN_POINT('',(-12.37231445312,-59.84401367187,1.2));
#10323 = PCURVE('',#4170,#10324);
#10324 = DEFINITIONAL_REPRESENTATION('',(#10325),#10329);
#10325 = LINE('',#10326,#10327);
#10326 = CARTESIAN_POINT('',(0.,0.));
#10327 = VECTOR('',#10328,1.);
#10328 = DIRECTION('',(1.,0.));
#10329 = ( GEOMETRIC_REPRESENTATION_CONTEXT(2) 
PARAMETRIC_REPRESENTATION_CONTEXT() REPRESENTATION_CONTEXT('2D SPACE',''
  ) );
#10330 = PCURVE('',#9738,#10331);
#10331 = DEFINITIONAL_REPRESENTATION('',(#10332),#10336);
#10332 = B_SPLINE_CURVE_WITH_KNOTS('',2,(#10333,#10334,#10335),
  .UNSPECIFIED.,.F.,.F.,(3,3),(0.,1.),.PIECEWISE_BEZIER_KNOTS.);
#10333 = CARTESIAN_POINT('',(3.44287109375,1.307861328125));
#10334 = CARTESIAN_POINT('',(3.44287109375,0.657958984375));
#10335 = CARTESIAN_POINT('',(2.998413085938,0.2900390625));
#10336 = ( GEOMETRIC_REPRESENTATION_CONTEXT(2) 
PARAMETRIC_REPRESENTATION_CONTEXT() REPRESENTATION_CONTEXT('2D SPACE',''
  ) );
#10337 = ADVANCED_FACE('',(#10338),#4140,.F.);
#10338 = FACE_BOUND('',#10339,.F.);
#10339 = EDGE_LOOP('',(#10340,#10363,#10364,#10365));
#10340 = ORIENTED_EDGE('',*,*,#10341,.T.);
#10341 = EDGE_CURVE('',#10342,#4095,#10344,.T.);
#10342 = VERTEX_POINT('',#10343);
#10343 = CARTESIAN_POINT('',(-12.33605957031,-57.80434082031,1.2));
#10344 = SURFACE_CURVE('',#10345,(#10349,#10356),.PCURVE_S1.);
#10345 = LINE('',#10346,#10347);
#10346 = CARTESIAN_POINT('',(-12.33605957031,-57.80434082031,1.2));
#10347 = VECTOR('',#10348,1.);
#10348 = DIRECTION('',(0.,0.,1.));
#10349 = PCURVE('',#4140,#10350);
#10350 = DEFINITIONAL_REPRESENTATION('',(#10351),#10355);
#10351 = LINE('',#10352,#10353);
#10352 = CARTESIAN_POINT('',(0.,0.));
#10353 = VECTOR('',#10354,1.);
#10354 = DIRECTION('',(0.,-1.));
#10355 = ( GEOMETRIC_REPRESENTATION_CONTEXT(2) 
PARAMETRIC_REPRESENTATION_CONTEXT() REPRESENTATION_CONTEXT('2D SPACE',''
  ) );
#10356 = PCURVE('',#4110,#10357);
#10357 = DEFINITIONAL_REPRESENTATION('',(#10358),#10362);
#10358 = LINE('',#10359,#10360);
#10359 = CARTESIAN_POINT('',(1.,0.));
#10360 = VECTOR('',#10361,1.);
#10361 = DIRECTION('',(0.,-1.));
#10362 = ( GEOMETRIC_REPRESENTATION_CONTEXT(2) 
PARAMETRIC_REPRESENTATION_CONTEXT() REPRESENTATION_CONTEXT('2D SPACE',''
  ) );
#10363 = ORIENTED_EDGE('',*,*,#4124,.T.);
#10364 = ORIENTED_EDGE('',*,*,#10292,.F.);
#10365 = ORIENTED_EDGE('',*,*,#10366,.F.);
#10366 = EDGE_CURVE('',#10342,#10293,#10367,.T.);
#10367 = SURFACE_CURVE('',#10368,(#10372,#10379),.PCURVE_S1.);
#10368 = B_SPLINE_CURVE_WITH_KNOTS('',2,(#10369,#10370,#10371),
  .UNSPECIFIED.,.F.,.F.,(3,3),(0.,1.),.PIECEWISE_BEZIER_KNOTS.);
#10369 = CARTESIAN_POINT('',(-12.33605957031,-57.80434082031,1.2));
#10370 = CARTESIAN_POINT('',(-11.92785644531,-58.17091796875,1.2));
#10371 = CARTESIAN_POINT('',(-11.92785644531,-58.82619140625,1.2));
#10372 = PCURVE('',#4140,#10373);
#10373 = DEFINITIONAL_REPRESENTATION('',(#10374),#10378);
#10374 = LINE('',#10375,#10376);
#10375 = CARTESIAN_POINT('',(0.,0.));
#10376 = VECTOR('',#10377,1.);
#10377 = DIRECTION('',(1.,0.));
#10378 = ( GEOMETRIC_REPRESENTATION_CONTEXT(2) 
PARAMETRIC_REPRESENTATION_CONTEXT() REPRESENTATION_CONTEXT('2D SPACE',''
  ) );
#10379 = PCURVE('',#9738,#10380);
#10380 = DEFINITIONAL_REPRESENTATION('',(#10381),#10385);
#10381 = B_SPLINE_CURVE_WITH_KNOTS('',2,(#10382,#10383,#10384),
  .UNSPECIFIED.,.F.,.F.,(3,3),(0.,1.),.PIECEWISE_BEZIER_KNOTS.);
#10382 = CARTESIAN_POINT('',(3.03466796875,2.329711914062));
#10383 = CARTESIAN_POINT('',(3.44287109375,1.963134765625));
#10384 = CARTESIAN_POINT('',(3.44287109375,1.307861328125));
#10385 = ( GEOMETRIC_REPRESENTATION_CONTEXT(2) 
PARAMETRIC_REPRESENTATION_CONTEXT() REPRESENTATION_CONTEXT('2D SPACE',''
  ) );
#10386 = ADVANCED_FACE('',(#10387),#4110,.F.);
#10387 = FACE_BOUND('',#10388,.F.);
#10388 = EDGE_LOOP('',(#10389,#10412,#10413,#10414));
#10389 = ORIENTED_EDGE('',*,*,#10390,.T.);
#10390 = EDGE_CURVE('',#10391,#4065,#10393,.T.);
#10391 = VERTEX_POINT('',#10392);
#10392 = CARTESIAN_POINT('',(-13.47741699218,-57.43776367187,1.2));
#10393 = SURFACE_CURVE('',#10394,(#10398,#10405),.PCURVE_S1.);
#10394 = LINE('',#10395,#10396);
#10395 = CARTESIAN_POINT('',(-13.47741699218,-57.43776367187,1.2));
#10396 = VECTOR('',#10397,1.);
#10397 = DIRECTION('',(0.,0.,1.));
#10398 = PCURVE('',#4110,#10399);
#10399 = DEFINITIONAL_REPRESENTATION('',(#10400),#10404);
#10400 = LINE('',#10401,#10402);
#10401 = CARTESIAN_POINT('',(0.,0.));
#10402 = VECTOR('',#10403,1.);
#10403 = DIRECTION('',(0.,-1.));
#10404 = ( GEOMETRIC_REPRESENTATION_CONTEXT(2) 
PARAMETRIC_REPRESENTATION_CONTEXT() REPRESENTATION_CONTEXT('2D SPACE',''
  ) );
#10405 = PCURVE('',#4080,#10406);
#10406 = DEFINITIONAL_REPRESENTATION('',(#10407),#10411);
#10407 = LINE('',#10408,#10409);
#10408 = CARTESIAN_POINT('',(1.,0.));
#10409 = VECTOR('',#10410,1.);
#10410 = DIRECTION('',(0.,-1.));
#10411 = ( GEOMETRIC_REPRESENTATION_CONTEXT(2) 
PARAMETRIC_REPRESENTATION_CONTEXT() REPRESENTATION_CONTEXT('2D SPACE',''
  ) );
#10412 = ORIENTED_EDGE('',*,*,#4094,.T.);
#10413 = ORIENTED_EDGE('',*,*,#10341,.F.);
#10414 = ORIENTED_EDGE('',*,*,#10415,.F.);
#10415 = EDGE_CURVE('',#10391,#10342,#10416,.T.);
#10416 = SURFACE_CURVE('',#10417,(#10421,#10428),.PCURVE_S1.);
#10417 = B_SPLINE_CURVE_WITH_KNOTS('',2,(#10418,#10419,#10420),
  .UNSPECIFIED.,.F.,.F.,(3,3),(0.,1.),.PIECEWISE_BEZIER_KNOTS.);
#10418 = CARTESIAN_POINT('',(-13.47741699218,-57.43776367187,1.2));
#10419 = CARTESIAN_POINT('',(-12.74426269531,-57.43776367187,1.2));
#10420 = CARTESIAN_POINT('',(-12.33605957031,-57.80434082031,1.2));
#10421 = PCURVE('',#4110,#10422);
#10422 = DEFINITIONAL_REPRESENTATION('',(#10423),#10427);
#10423 = LINE('',#10424,#10425);
#10424 = CARTESIAN_POINT('',(0.,0.));
#10425 = VECTOR('',#10426,1.);
#10426 = DIRECTION('',(1.,0.));
#10427 = ( GEOMETRIC_REPRESENTATION_CONTEXT(2) 
PARAMETRIC_REPRESENTATION_CONTEXT() REPRESENTATION_CONTEXT('2D SPACE',''
  ) );
#10428 = PCURVE('',#9738,#10429);
#10429 = DEFINITIONAL_REPRESENTATION('',(#10430),#10434);
#10430 = B_SPLINE_CURVE_WITH_KNOTS('',2,(#10431,#10432,#10433),
  .UNSPECIFIED.,.F.,.F.,(3,3),(0.,1.),.PIECEWISE_BEZIER_KNOTS.);
#10431 = CARTESIAN_POINT('',(1.893310546875,2.6962890625));
#10432 = CARTESIAN_POINT('',(2.62646484375,2.6962890625));
#10433 = CARTESIAN_POINT('',(3.03466796875,2.329711914062));
#10434 = ( GEOMETRIC_REPRESENTATION_CONTEXT(2) 
PARAMETRIC_REPRESENTATION_CONTEXT() REPRESENTATION_CONTEXT('2D SPACE',''
  ) );
#10435 = ADVANCED_FACE('',(#10436),#4080,.F.);
#10436 = FACE_BOUND('',#10437,.F.);
#10437 = EDGE_LOOP('',(#10438,#10461,#10462,#10463));
#10438 = ORIENTED_EDGE('',*,*,#10439,.T.);
#10439 = EDGE_CURVE('',#10440,#4035,#10442,.T.);
#10440 = VERTEX_POINT('',#10441);
#10441 = CARTESIAN_POINT('',(-13.72583007812,-57.45521972656,1.2));
#10442 = SURFACE_CURVE('',#10443,(#10447,#10454),.PCURVE_S1.);
#10443 = LINE('',#10444,#10445);
#10444 = CARTESIAN_POINT('',(-13.72583007812,-57.45521972656,1.2));
#10445 = VECTOR('',#10446,1.);
#10446 = DIRECTION('',(0.,0.,1.));
#10447 = PCURVE('',#4080,#10448);
#10448 = DEFINITIONAL_REPRESENTATION('',(#10449),#10453);
#10449 = LINE('',#10450,#10451);
#10450 = CARTESIAN_POINT('',(0.,0.));
#10451 = VECTOR('',#10452,1.);
#10452 = DIRECTION('',(0.,-1.));
#10453 = ( GEOMETRIC_REPRESENTATION_CONTEXT(2) 
PARAMETRIC_REPRESENTATION_CONTEXT() REPRESENTATION_CONTEXT('2D SPACE',''
  ) );
#10454 = PCURVE('',#4050,#10455);
#10455 = DEFINITIONAL_REPRESENTATION('',(#10456),#10460);
#10456 = LINE('',#10457,#10458);
#10457 = CARTESIAN_POINT('',(1.,0.));
#10458 = VECTOR('',#10459,1.);
#10459 = DIRECTION('',(0.,-1.));
#10460 = ( GEOMETRIC_REPRESENTATION_CONTEXT(2) 
PARAMETRIC_REPRESENTATION_CONTEXT() REPRESENTATION_CONTEXT('2D SPACE',''
  ) );
#10461 = ORIENTED_EDGE('',*,*,#4064,.T.);
#10462 = ORIENTED_EDGE('',*,*,#10390,.F.);
#10463 = ORIENTED_EDGE('',*,*,#10464,.F.);
#10464 = EDGE_CURVE('',#10440,#10391,#10465,.T.);
#10465 = SURFACE_CURVE('',#10466,(#10470,#10477),.PCURVE_S1.);
#10466 = B_SPLINE_CURVE_WITH_KNOTS('',2,(#10467,#10468,#10469),
  .UNSPECIFIED.,.F.,.F.,(3,3),(0.,1.),.PIECEWISE_BEZIER_KNOTS.);
#10467 = CARTESIAN_POINT('',(-13.72583007812,-57.45521972656,1.2));
#10468 = CARTESIAN_POINT('',(-13.60632324218,-57.43776367187,1.2));
#10469 = CARTESIAN_POINT('',(-13.47741699218,-57.43776367187,1.2));
#10470 = PCURVE('',#4080,#10471);
#10471 = DEFINITIONAL_REPRESENTATION('',(#10472),#10476);
#10472 = LINE('',#10473,#10474);
#10473 = CARTESIAN_POINT('',(0.,0.));
#10474 = VECTOR('',#10475,1.);
#10475 = DIRECTION('',(1.,0.));
#10476 = ( GEOMETRIC_REPRESENTATION_CONTEXT(2) 
PARAMETRIC_REPRESENTATION_CONTEXT() REPRESENTATION_CONTEXT('2D SPACE',''
  ) );
#10477 = PCURVE('',#9738,#10478);
#10478 = DEFINITIONAL_REPRESENTATION('',(#10479),#10483);
#10479 = B_SPLINE_CURVE_WITH_KNOTS('',2,(#10480,#10481,#10482),
  .UNSPECIFIED.,.F.,.F.,(3,3),(0.,1.),.PIECEWISE_BEZIER_KNOTS.);
#10480 = CARTESIAN_POINT('',(1.644897460938,2.678833007812));
#10481 = CARTESIAN_POINT('',(1.764404296875,2.6962890625));
#10482 = CARTESIAN_POINT('',(1.893310546875,2.6962890625));
#10483 = ( GEOMETRIC_REPRESENTATION_CONTEXT(2) 
PARAMETRIC_REPRESENTATION_CONTEXT() REPRESENTATION_CONTEXT('2D SPACE',''
  ) );
#10484 = ADVANCED_FACE('',(#10485),#4050,.F.);
#10485 = FACE_BOUND('',#10486,.F.);
#10486 = EDGE_LOOP('',(#10487,#10510,#10511,#10512));
#10487 = ORIENTED_EDGE('',*,*,#10488,.T.);
#10488 = EDGE_CURVE('',#10489,#4007,#10491,.T.);
#10489 = VERTEX_POINT('',#10490);
#10490 = CARTESIAN_POINT('',(-13.96350097656,-57.50490234375,1.2));
#10491 = SURFACE_CURVE('',#10492,(#10496,#10503),.PCURVE_S1.);
#10492 = LINE('',#10493,#10494);
#10493 = CARTESIAN_POINT('',(-13.96350097656,-57.50490234375,1.2));
#10494 = VECTOR('',#10495,1.);
#10495 = DIRECTION('',(0.,0.,1.));
#10496 = PCURVE('',#4050,#10497);
#10497 = DEFINITIONAL_REPRESENTATION('',(#10498),#10502);
#10498 = LINE('',#10499,#10500);
#10499 = CARTESIAN_POINT('',(0.,0.));
#10500 = VECTOR('',#10501,1.);
#10501 = DIRECTION('',(0.,-1.));
#10502 = ( GEOMETRIC_REPRESENTATION_CONTEXT(2) 
PARAMETRIC_REPRESENTATION_CONTEXT() REPRESENTATION_CONTEXT('2D SPACE',''
  ) );
#10503 = PCURVE('',#4022,#10504);
#10504 = DEFINITIONAL_REPRESENTATION('',(#10505),#10509);
#10505 = LINE('',#10506,#10507);
#10506 = CARTESIAN_POINT('',(0.620361328125,0.));
#10507 = VECTOR('',#10508,1.);
#10508 = DIRECTION('',(0.,-1.));
#10509 = ( GEOMETRIC_REPRESENTATION_CONTEXT(2) 
PARAMETRIC_REPRESENTATION_CONTEXT() REPRESENTATION_CONTEXT('2D SPACE',''
  ) );
#10510 = ORIENTED_EDGE('',*,*,#4034,.T.);
#10511 = ORIENTED_EDGE('',*,*,#10439,.F.);
#10512 = ORIENTED_EDGE('',*,*,#10513,.F.);
#10513 = EDGE_CURVE('',#10489,#10440,#10514,.T.);
#10514 = SURFACE_CURVE('',#10515,(#10519,#10526),.PCURVE_S1.);
#10515 = B_SPLINE_CURVE_WITH_KNOTS('',2,(#10516,#10517,#10518),
  .UNSPECIFIED.,.F.,.F.,(3,3),(0.,1.),.PIECEWISE_BEZIER_KNOTS.);
#10516 = CARTESIAN_POINT('',(-13.96350097656,-57.50490234375,1.2));
#10517 = CARTESIAN_POINT('',(-13.84533691406,-57.47267578125,1.2));
#10518 = CARTESIAN_POINT('',(-13.72583007812,-57.45521972656,1.2));
#10519 = PCURVE('',#4050,#10520);
#10520 = DEFINITIONAL_REPRESENTATION('',(#10521),#10525);
#10521 = LINE('',#10522,#10523);
#10522 = CARTESIAN_POINT('',(0.,0.));
#10523 = VECTOR('',#10524,1.);
#10524 = DIRECTION('',(1.,0.));
#10525 = ( GEOMETRIC_REPRESENTATION_CONTEXT(2) 
PARAMETRIC_REPRESENTATION_CONTEXT() REPRESENTATION_CONTEXT('2D SPACE',''
  ) );
#10526 = PCURVE('',#9738,#10527);
#10527 = DEFINITIONAL_REPRESENTATION('',(#10528),#10532);
#10528 = B_SPLINE_CURVE_WITH_KNOTS('',2,(#10529,#10530,#10531),
  .UNSPECIFIED.,.F.,.F.,(3,3),(0.,1.),.PIECEWISE_BEZIER_KNOTS.);
#10529 = CARTESIAN_POINT('',(1.4072265625,2.629150390625));
#10530 = CARTESIAN_POINT('',(1.525390625,2.661376953125));
#10531 = CARTESIAN_POINT('',(1.644897460938,2.678833007812));
#10532 = ( GEOMETRIC_REPRESENTATION_CONTEXT(2) 
PARAMETRIC_REPRESENTATION_CONTEXT() REPRESENTATION_CONTEXT('2D SPACE',''
  ) );
#10533 = ADVANCED_FACE('',(#10534),#4022,.F.);
#10534 = FACE_BOUND('',#10535,.F.);
#10535 = EDGE_LOOP('',(#10536,#10559,#10560,#10561));
#10536 = ORIENTED_EDGE('',*,*,#10537,.T.);
#10537 = EDGE_CURVE('',#10538,#3979,#10540,.T.);
#10538 = VERTEX_POINT('',#10539);
#10539 = CARTESIAN_POINT('',(-13.96350097656,-56.88454101562,1.2));
#10540 = SURFACE_CURVE('',#10541,(#10545,#10552),.PCURVE_S1.);
#10541 = LINE('',#10542,#10543);
#10542 = CARTESIAN_POINT('',(-13.96350097656,-56.88454101562,1.2));
#10543 = VECTOR('',#10544,1.);
#10544 = DIRECTION('',(0.,0.,1.));
#10545 = PCURVE('',#4022,#10546);
#10546 = DEFINITIONAL_REPRESENTATION('',(#10547),#10551);
#10547 = LINE('',#10548,#10549);
#10548 = CARTESIAN_POINT('',(0.,0.));
#10549 = VECTOR('',#10550,1.);
#10550 = DIRECTION('',(0.,-1.));
#10551 = ( GEOMETRIC_REPRESENTATION_CONTEXT(2) 
PARAMETRIC_REPRESENTATION_CONTEXT() REPRESENTATION_CONTEXT('2D SPACE',''
  ) );
#10552 = PCURVE('',#3994,#10553);
#10553 = DEFINITIONAL_REPRESENTATION('',(#10554),#10558);
#10554 = LINE('',#10555,#10556);
#10555 = CARTESIAN_POINT('',(1.74560546875,0.));
#10556 = VECTOR('',#10557,1.);
#10557 = DIRECTION('',(0.,-1.));
#10558 = ( GEOMETRIC_REPRESENTATION_CONTEXT(2) 
PARAMETRIC_REPRESENTATION_CONTEXT() REPRESENTATION_CONTEXT('2D SPACE',''
  ) );
#10559 = ORIENTED_EDGE('',*,*,#4006,.T.);
#10560 = ORIENTED_EDGE('',*,*,#10488,.F.);
#10561 = ORIENTED_EDGE('',*,*,#10562,.F.);
#10562 = EDGE_CURVE('',#10538,#10489,#10563,.T.);
#10563 = SURFACE_CURVE('',#10564,(#10568,#10575),.PCURVE_S1.);
#10564 = LINE('',#10565,#10566);
#10565 = CARTESIAN_POINT('',(-13.96350097656,-56.88454101562,1.2));
#10566 = VECTOR('',#10567,1.);
#10567 = DIRECTION('',(0.,-1.,0.));
#10568 = PCURVE('',#4022,#10569);
#10569 = DEFINITIONAL_REPRESENTATION('',(#10570),#10574);
#10570 = LINE('',#10571,#10572);
#10571 = CARTESIAN_POINT('',(0.,0.));
#10572 = VECTOR('',#10573,1.);
#10573 = DIRECTION('',(1.,0.));
#10574 = ( GEOMETRIC_REPRESENTATION_CONTEXT(2) 
PARAMETRIC_REPRESENTATION_CONTEXT() REPRESENTATION_CONTEXT('2D SPACE',''
  ) );
#10575 = PCURVE('',#9738,#10576);
#10576 = DEFINITIONAL_REPRESENTATION('',(#10577),#10581);
#10577 = LINE('',#10578,#10579);
#10578 = CARTESIAN_POINT('',(1.4072265625,3.24951171875));
#10579 = VECTOR('',#10580,1.);
#10580 = DIRECTION('',(0.,-1.));
#10581 = ( GEOMETRIC_REPRESENTATION_CONTEXT(2) 
PARAMETRIC_REPRESENTATION_CONTEXT() REPRESENTATION_CONTEXT('2D SPACE',''
  ) );
#10582 = ADVANCED_FACE('',(#10583),#3994,.F.);
#10583 = FACE_BOUND('',#10584,.F.);
#10584 = EDGE_LOOP('',(#10585,#10608,#10609,#10610));
#10585 = ORIENTED_EDGE('',*,*,#10586,.T.);
#10586 = EDGE_CURVE('',#10587,#3951,#10589,.T.);
#10587 = VERTEX_POINT('',#10588);
#10588 = CARTESIAN_POINT('',(-12.21789550781,-56.88454101562,1.2));
#10589 = SURFACE_CURVE('',#10590,(#10594,#10601),.PCURVE_S1.);
#10590 = LINE('',#10591,#10592);
#10591 = CARTESIAN_POINT('',(-12.21789550781,-56.88454101562,1.2));
#10592 = VECTOR('',#10593,1.);
#10593 = DIRECTION('',(0.,0.,1.));
#10594 = PCURVE('',#3994,#10595);
#10595 = DEFINITIONAL_REPRESENTATION('',(#10596),#10600);
#10596 = LINE('',#10597,#10598);
#10597 = CARTESIAN_POINT('',(0.,-0.));
#10598 = VECTOR('',#10599,1.);
#10599 = DIRECTION('',(0.,-1.));
#10600 = ( GEOMETRIC_REPRESENTATION_CONTEXT(2) 
PARAMETRIC_REPRESENTATION_CONTEXT() REPRESENTATION_CONTEXT('2D SPACE',''
  ) );
#10601 = PCURVE('',#3966,#10602);
#10602 = DEFINITIONAL_REPRESENTATION('',(#10603),#10607);
#10603 = LINE('',#10604,#10605);
#10604 = CARTESIAN_POINT('',(0.760009765625,0.));
#10605 = VECTOR('',#10606,1.);
#10606 = DIRECTION('',(0.,-1.));
#10607 = ( GEOMETRIC_REPRESENTATION_CONTEXT(2) 
PARAMETRIC_REPRESENTATION_CONTEXT() REPRESENTATION_CONTEXT('2D SPACE',''
  ) );
#10608 = ORIENTED_EDGE('',*,*,#3978,.T.);
#10609 = ORIENTED_EDGE('',*,*,#10537,.F.);
#10610 = ORIENTED_EDGE('',*,*,#10611,.F.);
#10611 = EDGE_CURVE('',#10587,#10538,#10612,.T.);
#10612 = SURFACE_CURVE('',#10613,(#10617,#10624),.PCURVE_S1.);
#10613 = LINE('',#10614,#10615);
#10614 = CARTESIAN_POINT('',(-12.21789550781,-56.88454101562,1.2));
#10615 = VECTOR('',#10616,1.);
#10616 = DIRECTION('',(-1.,0.,0.));
#10617 = PCURVE('',#3994,#10618);
#10618 = DEFINITIONAL_REPRESENTATION('',(#10619),#10623);
#10619 = LINE('',#10620,#10621);
#10620 = CARTESIAN_POINT('',(0.,-0.));
#10621 = VECTOR('',#10622,1.);
#10622 = DIRECTION('',(1.,0.));
#10623 = ( GEOMETRIC_REPRESENTATION_CONTEXT(2) 
PARAMETRIC_REPRESENTATION_CONTEXT() REPRESENTATION_CONTEXT('2D SPACE',''
  ) );
#10624 = PCURVE('',#9738,#10625);
#10625 = DEFINITIONAL_REPRESENTATION('',(#10626),#10630);
#10626 = LINE('',#10627,#10628);
#10627 = CARTESIAN_POINT('',(3.15283203125,3.24951171875));
#10628 = VECTOR('',#10629,1.);
#10629 = DIRECTION('',(-1.,0.));
#10630 = ( GEOMETRIC_REPRESENTATION_CONTEXT(2) 
PARAMETRIC_REPRESENTATION_CONTEXT() REPRESENTATION_CONTEXT('2D SPACE',''
  ) );
#10631 = ADVANCED_FACE('',(#10632),#3966,.F.);
#10632 = FACE_BOUND('',#10633,.F.);
#10633 = EDGE_LOOP('',(#10634,#10657,#10658,#10659));
#10634 = ORIENTED_EDGE('',*,*,#10635,.T.);
#10635 = EDGE_CURVE('',#10636,#3923,#10638,.T.);
#10636 = VERTEX_POINT('',#10637);
#10637 = CARTESIAN_POINT('',(-12.21789550781,-56.12453125,1.2));
#10638 = SURFACE_CURVE('',#10639,(#10643,#10650),.PCURVE_S1.);
#10639 = LINE('',#10640,#10641);
#10640 = CARTESIAN_POINT('',(-12.21789550781,-56.12453125,1.2));
#10641 = VECTOR('',#10642,1.);
#10642 = DIRECTION('',(0.,0.,1.));
#10643 = PCURVE('',#3966,#10644);
#10644 = DEFINITIONAL_REPRESENTATION('',(#10645),#10649);
#10645 = LINE('',#10646,#10647);
#10646 = CARTESIAN_POINT('',(0.,0.));
#10647 = VECTOR('',#10648,1.);
#10648 = DIRECTION('',(0.,-1.));
#10649 = ( GEOMETRIC_REPRESENTATION_CONTEXT(2) 
PARAMETRIC_REPRESENTATION_CONTEXT() REPRESENTATION_CONTEXT('2D SPACE',''
  ) );
#10650 = PCURVE('',#3938,#10651);
#10651 = DEFINITIONAL_REPRESENTATION('',(#10652),#10656);
#10652 = LINE('',#10653,#10654);
#10653 = CARTESIAN_POINT('',(2.570068359375,0.));
#10654 = VECTOR('',#10655,1.);
#10655 = DIRECTION('',(0.,-1.));
#10656 = ( GEOMETRIC_REPRESENTATION_CONTEXT(2) 
PARAMETRIC_REPRESENTATION_CONTEXT() REPRESENTATION_CONTEXT('2D SPACE',''
  ) );
#10657 = ORIENTED_EDGE('',*,*,#3950,.T.);
#10658 = ORIENTED_EDGE('',*,*,#10586,.F.);
#10659 = ORIENTED_EDGE('',*,*,#10660,.F.);
#10660 = EDGE_CURVE('',#10636,#10587,#10661,.T.);
#10661 = SURFACE_CURVE('',#10662,(#10666,#10673),.PCURVE_S1.);
#10662 = LINE('',#10663,#10664);
#10663 = CARTESIAN_POINT('',(-12.21789550781,-56.12453125,1.2));
#10664 = VECTOR('',#10665,1.);
#10665 = DIRECTION('',(0.,-1.,0.));
#10666 = PCURVE('',#3966,#10667);
#10667 = DEFINITIONAL_REPRESENTATION('',(#10668),#10672);
#10668 = LINE('',#10669,#10670);
#10669 = CARTESIAN_POINT('',(0.,0.));
#10670 = VECTOR('',#10671,1.);
#10671 = DIRECTION('',(1.,0.));
#10672 = ( GEOMETRIC_REPRESENTATION_CONTEXT(2) 
PARAMETRIC_REPRESENTATION_CONTEXT() REPRESENTATION_CONTEXT('2D SPACE',''
  ) );
#10673 = PCURVE('',#9738,#10674);
#10674 = DEFINITIONAL_REPRESENTATION('',(#10675),#10679);
#10675 = LINE('',#10676,#10677);
#10676 = CARTESIAN_POINT('',(3.15283203125,4.009521484375));
#10677 = VECTOR('',#10678,1.);
#10678 = DIRECTION('',(0.,-1.));
#10679 = ( GEOMETRIC_REPRESENTATION_CONTEXT(2) 
PARAMETRIC_REPRESENTATION_CONTEXT() REPRESENTATION_CONTEXT('2D SPACE',''
  ) );
#10680 = ADVANCED_FACE('',(#10681),#3938,.F.);
#10681 = FACE_BOUND('',#10682,.F.);
#10682 = EDGE_LOOP('',(#10683,#10706,#10707,#10708));
#10683 = ORIENTED_EDGE('',*,*,#10684,.T.);
#10684 = EDGE_CURVE('',#10685,#3895,#10687,.T.);
#10685 = VERTEX_POINT('',#10686);
#10686 = CARTESIAN_POINT('',(-14.78796386718,-56.12453125,1.2));
#10687 = SURFACE_CURVE('',#10688,(#10692,#10699),.PCURVE_S1.);
#10688 = LINE('',#10689,#10690);
#10689 = CARTESIAN_POINT('',(-14.78796386718,-56.12453125,1.2));
#10690 = VECTOR('',#10691,1.);
#10691 = DIRECTION('',(0.,0.,1.));
#10692 = PCURVE('',#3938,#10693);
#10693 = DEFINITIONAL_REPRESENTATION('',(#10694),#10698);
#10694 = LINE('',#10695,#10696);
#10695 = CARTESIAN_POINT('',(0.,0.));
#10696 = VECTOR('',#10697,1.);
#10697 = DIRECTION('',(0.,-1.));
#10698 = ( GEOMETRIC_REPRESENTATION_CONTEXT(2) 
PARAMETRIC_REPRESENTATION_CONTEXT() REPRESENTATION_CONTEXT('2D SPACE',''
  ) );
#10699 = PCURVE('',#3910,#10700);
#10700 = DEFINITIONAL_REPRESENTATION('',(#10701),#10705);
#10701 = LINE('',#10702,#10703);
#10702 = CARTESIAN_POINT('',(2.255859375,0.));
#10703 = VECTOR('',#10704,1.);
#10704 = DIRECTION('',(0.,-1.));
#10705 = ( GEOMETRIC_REPRESENTATION_CONTEXT(2) 
PARAMETRIC_REPRESENTATION_CONTEXT() REPRESENTATION_CONTEXT('2D SPACE',''
  ) );
#10706 = ORIENTED_EDGE('',*,*,#3922,.T.);
#10707 = ORIENTED_EDGE('',*,*,#10635,.F.);
#10708 = ORIENTED_EDGE('',*,*,#10709,.F.);
#10709 = EDGE_CURVE('',#10685,#10636,#10710,.T.);
#10710 = SURFACE_CURVE('',#10711,(#10715,#10722),.PCURVE_S1.);
#10711 = LINE('',#10712,#10713);
#10712 = CARTESIAN_POINT('',(-14.78796386718,-56.12453125,1.2));
#10713 = VECTOR('',#10714,1.);
#10714 = DIRECTION('',(1.,0.,0.));
#10715 = PCURVE('',#3938,#10716);
#10716 = DEFINITIONAL_REPRESENTATION('',(#10717),#10721);
#10717 = LINE('',#10718,#10719);
#10718 = CARTESIAN_POINT('',(0.,0.));
#10719 = VECTOR('',#10720,1.);
#10720 = DIRECTION('',(1.,0.));
#10721 = ( GEOMETRIC_REPRESENTATION_CONTEXT(2) 
PARAMETRIC_REPRESENTATION_CONTEXT() REPRESENTATION_CONTEXT('2D SPACE',''
  ) );
#10722 = PCURVE('',#9738,#10723);
#10723 = DEFINITIONAL_REPRESENTATION('',(#10724),#10728);
#10724 = LINE('',#10725,#10726);
#10725 = CARTESIAN_POINT('',(0.582763671875,4.009521484375));
#10726 = VECTOR('',#10727,1.);
#10727 = DIRECTION('',(1.,0.));
#10728 = ( GEOMETRIC_REPRESENTATION_CONTEXT(2) 
PARAMETRIC_REPRESENTATION_CONTEXT() REPRESENTATION_CONTEXT('2D SPACE',''
  ) );
#10729 = ADVANCED_FACE('',(#10730),#3910,.F.);
#10730 = FACE_BOUND('',#10731,.F.);
#10731 = EDGE_LOOP('',(#10732,#10733,#10734,#10735));
#10732 = ORIENTED_EDGE('',*,*,#9701,.T.);
#10733 = ORIENTED_EDGE('',*,*,#3894,.T.);
#10734 = ORIENTED_EDGE('',*,*,#10684,.F.);
#10735 = ORIENTED_EDGE('',*,*,#10736,.F.);
#10736 = EDGE_CURVE('',#9702,#10685,#10737,.T.);
#10737 = SURFACE_CURVE('',#10738,(#10742,#10749),.PCURVE_S1.);
#10738 = LINE('',#10739,#10740);
#10739 = CARTESIAN_POINT('',(-14.78796386718,-58.380390625,1.2));
#10740 = VECTOR('',#10741,1.);
#10741 = DIRECTION('',(0.,1.,0.));
#10742 = PCURVE('',#3910,#10743);
#10743 = DEFINITIONAL_REPRESENTATION('',(#10744),#10748);
#10744 = LINE('',#10745,#10746);
#10745 = CARTESIAN_POINT('',(0.,0.));
#10746 = VECTOR('',#10747,1.);
#10747 = DIRECTION('',(1.,0.));
#10748 = ( GEOMETRIC_REPRESENTATION_CONTEXT(2) 
PARAMETRIC_REPRESENTATION_CONTEXT() REPRESENTATION_CONTEXT('2D SPACE',''
  ) );
#10749 = PCURVE('',#9738,#10750);
#10750 = DEFINITIONAL_REPRESENTATION('',(#10751),#10755);
#10751 = LINE('',#10752,#10753);
#10752 = CARTESIAN_POINT('',(0.582763671875,1.753662109375));
#10753 = VECTOR('',#10754,1.);
#10754 = DIRECTION('',(0.,1.));
#10755 = ( GEOMETRIC_REPRESENTATION_CONTEXT(2) 
PARAMETRIC_REPRESENTATION_CONTEXT() REPRESENTATION_CONTEXT('2D SPACE',''
  ) );
#10756 = ADVANCED_FACE('',(#10757),#4530,.F.);
#10757 = FACE_BOUND('',#10758,.F.);
#10758 = EDGE_LOOP('',(#10759,#10782,#10783,#10806));
#10759 = ORIENTED_EDGE('',*,*,#10760,.T.);
#10760 = EDGE_CURVE('',#10761,#4513,#10763,.T.);
#10761 = VERTEX_POINT('',#10762);
#10762 = CARTESIAN_POINT('',(-8.090209960938,-60.13405273437,1.2));
#10763 = SURFACE_CURVE('',#10764,(#10768,#10775),.PCURVE_S1.);
#10764 = LINE('',#10765,#10766);
#10765 = CARTESIAN_POINT('',(-8.090209960938,-60.13405273437,1.2));
#10766 = VECTOR('',#10767,1.);
#10767 = DIRECTION('',(0.,0.,1.));
#10768 = PCURVE('',#4530,#10769);
#10769 = DEFINITIONAL_REPRESENTATION('',(#10770),#10774);
#10770 = LINE('',#10771,#10772);
#10771 = CARTESIAN_POINT('',(0.,-0.));
#10772 = VECTOR('',#10773,1.);
#10773 = DIRECTION('',(0.,-1.));
#10774 = ( GEOMETRIC_REPRESENTATION_CONTEXT(2) 
PARAMETRIC_REPRESENTATION_CONTEXT() REPRESENTATION_CONTEXT('2D SPACE',''
  ) );
#10775 = PCURVE('',#4760,#10776);
#10776 = DEFINITIONAL_REPRESENTATION('',(#10777),#10781);
#10777 = LINE('',#10778,#10779);
#10778 = CARTESIAN_POINT('',(1.39111328125,0.));
#10779 = VECTOR('',#10780,1.);
#10780 = DIRECTION('',(0.,-1.));
#10781 = ( GEOMETRIC_REPRESENTATION_CONTEXT(2) 
PARAMETRIC_REPRESENTATION_CONTEXT() REPRESENTATION_CONTEXT('2D SPACE',''
  ) );
#10782 = ORIENTED_EDGE('',*,*,#4512,.T.);
#10783 = ORIENTED_EDGE('',*,*,#10784,.F.);
#10784 = EDGE_CURVE('',#10785,#4515,#10787,.T.);
#10785 = VERTEX_POINT('',#10786);
#10786 = CARTESIAN_POINT('',(-9.124145507812,-60.13405273437,1.2));
#10787 = SURFACE_CURVE('',#10788,(#10792,#10799),.PCURVE_S1.);
#10788 = LINE('',#10789,#10790);
#10789 = CARTESIAN_POINT('',(-9.124145507812,-60.13405273437,1.2));
#10790 = VECTOR('',#10791,1.);
#10791 = DIRECTION('',(0.,0.,1.));
#10792 = PCURVE('',#4530,#10793);
#10793 = DEFINITIONAL_REPRESENTATION('',(#10794),#10798);
#10794 = LINE('',#10795,#10796);
#10795 = CARTESIAN_POINT('',(1.033935546875,0.));
#10796 = VECTOR('',#10797,1.);
#10797 = DIRECTION('',(0.,-1.));
#10798 = ( GEOMETRIC_REPRESENTATION_CONTEXT(2) 
PARAMETRIC_REPRESENTATION_CONTEXT() REPRESENTATION_CONTEXT('2D SPACE',''
  ) );
#10799 = PCURVE('',#4558,#10800);
#10800 = DEFINITIONAL_REPRESENTATION('',(#10801),#10805);
#10801 = LINE('',#10802,#10803);
#10802 = CARTESIAN_POINT('',(0.,0.));
#10803 = VECTOR('',#10804,1.);
#10804 = DIRECTION('',(0.,-1.));
#10805 = ( GEOMETRIC_REPRESENTATION_CONTEXT(2) 
PARAMETRIC_REPRESENTATION_CONTEXT() REPRESENTATION_CONTEXT('2D SPACE',''
  ) );
#10806 = ORIENTED_EDGE('',*,*,#10807,.F.);
#10807 = EDGE_CURVE('',#10761,#10785,#10808,.T.);
#10808 = SURFACE_CURVE('',#10809,(#10813,#10820),.PCURVE_S1.);
#10809 = LINE('',#10810,#10811);
#10810 = CARTESIAN_POINT('',(-8.090209960938,-60.13405273437,1.2));
#10811 = VECTOR('',#10812,1.);
#10812 = DIRECTION('',(-1.,0.,0.));
#10813 = PCURVE('',#4530,#10814);
#10814 = DEFINITIONAL_REPRESENTATION('',(#10815),#10819);
#10815 = LINE('',#10816,#10817);
#10816 = CARTESIAN_POINT('',(0.,-0.));
#10817 = VECTOR('',#10818,1.);
#10818 = DIRECTION('',(1.,0.));
#10819 = ( GEOMETRIC_REPRESENTATION_CONTEXT(2) 
PARAMETRIC_REPRESENTATION_CONTEXT() REPRESENTATION_CONTEXT('2D SPACE',''
  ) );
#10820 = PCURVE('',#10821,#10826);
#10821 = PLANE('',#10822);
#10822 = AXIS2_PLACEMENT_3D('',#10823,#10824,#10825);
#10823 = CARTESIAN_POINT('',(-9.629028320312,-60.13405273437,1.2));
#10824 = DIRECTION('',(0.,0.,1.));
#10825 = DIRECTION('',(1.,0.,0.));
#10826 = DEFINITIONAL_REPRESENTATION('',(#10827),#10831);
#10827 = LINE('',#10828,#10829);
#10828 = CARTESIAN_POINT('',(1.538818359375,0.));
#10829 = VECTOR('',#10830,1.);
#10830 = DIRECTION('',(-1.,0.));
#10831 = ( GEOMETRIC_REPRESENTATION_CONTEXT(2) 
PARAMETRIC_REPRESENTATION_CONTEXT() REPRESENTATION_CONTEXT('2D SPACE',''
  ) );
#10832 = ADVANCED_FACE('',(#10833),#4760,.F.);
#10833 = FACE_BOUND('',#10834,.F.);
#10834 = EDGE_LOOP('',(#10835,#10858,#10859,#10860));
#10835 = ORIENTED_EDGE('',*,*,#10836,.T.);
#10836 = EDGE_CURVE('',#10837,#4719,#10839,.T.);
#10837 = VERTEX_POINT('',#10838);
#10838 = CARTESIAN_POINT('',(-8.090209960938,-58.74293945312,1.2));
#10839 = SURFACE_CURVE('',#10840,(#10844,#10851),.PCURVE_S1.);
#10840 = LINE('',#10841,#10842);
#10841 = CARTESIAN_POINT('',(-8.090209960938,-58.74293945312,1.2));
#10842 = VECTOR('',#10843,1.);
#10843 = DIRECTION('',(0.,0.,1.));
#10844 = PCURVE('',#4760,#10845);
#10845 = DEFINITIONAL_REPRESENTATION('',(#10846),#10850);
#10846 = LINE('',#10847,#10848);
#10847 = CARTESIAN_POINT('',(0.,0.));
#10848 = VECTOR('',#10849,1.);
#10849 = DIRECTION('',(0.,-1.));
#10850 = ( GEOMETRIC_REPRESENTATION_CONTEXT(2) 
PARAMETRIC_REPRESENTATION_CONTEXT() REPRESENTATION_CONTEXT('2D SPACE',''
  ) );
#10851 = PCURVE('',#4734,#10852);
#10852 = DEFINITIONAL_REPRESENTATION('',(#10853),#10857);
#10853 = LINE('',#10854,#10855);
#10854 = CARTESIAN_POINT('',(0.68212890625,0.));
#10855 = VECTOR('',#10856,1.);
#10856 = DIRECTION('',(0.,-1.));
#10857 = ( GEOMETRIC_REPRESENTATION_CONTEXT(2) 
PARAMETRIC_REPRESENTATION_CONTEXT() REPRESENTATION_CONTEXT('2D SPACE',''
  ) );
#10858 = ORIENTED_EDGE('',*,*,#4746,.T.);
#10859 = ORIENTED_EDGE('',*,*,#10760,.F.);
#10860 = ORIENTED_EDGE('',*,*,#10861,.F.);
#10861 = EDGE_CURVE('',#10837,#10761,#10862,.T.);
#10862 = SURFACE_CURVE('',#10863,(#10867,#10874),.PCURVE_S1.);
#10863 = LINE('',#10864,#10865);
#10864 = CARTESIAN_POINT('',(-8.090209960938,-58.74293945312,1.2));
#10865 = VECTOR('',#10866,1.);
#10866 = DIRECTION('',(0.,-1.,0.));
#10867 = PCURVE('',#4760,#10868);
#10868 = DEFINITIONAL_REPRESENTATION('',(#10869),#10873);
#10869 = LINE('',#10870,#10871);
#10870 = CARTESIAN_POINT('',(0.,0.));
#10871 = VECTOR('',#10872,1.);
#10872 = DIRECTION('',(1.,0.));
#10873 = ( GEOMETRIC_REPRESENTATION_CONTEXT(2) 
PARAMETRIC_REPRESENTATION_CONTEXT() REPRESENTATION_CONTEXT('2D SPACE',''
  ) );
#10874 = PCURVE('',#10821,#10875);
#10875 = DEFINITIONAL_REPRESENTATION('',(#10876),#10880);
#10876 = LINE('',#10877,#10878);
#10877 = CARTESIAN_POINT('',(1.538818359375,1.39111328125));
#10878 = VECTOR('',#10879,1.);
#10879 = DIRECTION('',(0.,-1.));
#10880 = ( GEOMETRIC_REPRESENTATION_CONTEXT(2) 
PARAMETRIC_REPRESENTATION_CONTEXT() REPRESENTATION_CONTEXT('2D SPACE',''
  ) );
#10881 = ADVANCED_FACE('',(#10882),#4734,.F.);
#10882 = FACE_BOUND('',#10883,.F.);
#10883 = EDGE_LOOP('',(#10884,#10907,#10908,#10909));
#10884 = ORIENTED_EDGE('',*,*,#10885,.T.);
#10885 = EDGE_CURVE('',#10886,#4689,#10888,.T.);
#10886 = VERTEX_POINT('',#10887);
#10887 = CARTESIAN_POINT('',(-7.408081054688,-58.74293945312,1.2));
#10888 = SURFACE_CURVE('',#10889,(#10893,#10900),.PCURVE_S1.);
#10889 = LINE('',#10890,#10891);
#10890 = CARTESIAN_POINT('',(-7.408081054688,-58.74293945312,1.2));
#10891 = VECTOR('',#10892,1.);
#10892 = DIRECTION('',(0.,0.,1.));
#10893 = PCURVE('',#4734,#10894);
#10894 = DEFINITIONAL_REPRESENTATION('',(#10895),#10899);
#10895 = LINE('',#10896,#10897);
#10896 = CARTESIAN_POINT('',(0.,-0.));
#10897 = VECTOR('',#10898,1.);
#10898 = DIRECTION('',(0.,-1.));
#10899 = ( GEOMETRIC_REPRESENTATION_CONTEXT(2) 
PARAMETRIC_REPRESENTATION_CONTEXT() REPRESENTATION_CONTEXT('2D SPACE',''
  ) );
#10900 = PCURVE('',#4704,#10901);
#10901 = DEFINITIONAL_REPRESENTATION('',(#10902),#10906);
#10902 = LINE('',#10903,#10904);
#10903 = CARTESIAN_POINT('',(1.,0.));
#10904 = VECTOR('',#10905,1.);
#10905 = DIRECTION('',(0.,-1.));
#10906 = ( GEOMETRIC_REPRESENTATION_CONTEXT(2) 
PARAMETRIC_REPRESENTATION_CONTEXT() REPRESENTATION_CONTEXT('2D SPACE',''
  ) );
#10907 = ORIENTED_EDGE('',*,*,#4718,.T.);
#10908 = ORIENTED_EDGE('',*,*,#10836,.F.);
#10909 = ORIENTED_EDGE('',*,*,#10910,.F.);
#10910 = EDGE_CURVE('',#10886,#10837,#10911,.T.);
#10911 = SURFACE_CURVE('',#10912,(#10916,#10923),.PCURVE_S1.);
#10912 = LINE('',#10913,#10914);
#10913 = CARTESIAN_POINT('',(-7.408081054688,-58.74293945312,1.2));
#10914 = VECTOR('',#10915,1.);
#10915 = DIRECTION('',(-1.,0.,0.));
#10916 = PCURVE('',#4734,#10917);
#10917 = DEFINITIONAL_REPRESENTATION('',(#10918),#10922);
#10918 = LINE('',#10919,#10920);
#10919 = CARTESIAN_POINT('',(0.,-0.));
#10920 = VECTOR('',#10921,1.);
#10921 = DIRECTION('',(1.,0.));
#10922 = ( GEOMETRIC_REPRESENTATION_CONTEXT(2) 
PARAMETRIC_REPRESENTATION_CONTEXT() REPRESENTATION_CONTEXT('2D SPACE',''
  ) );
#10923 = PCURVE('',#10821,#10924);
#10924 = DEFINITIONAL_REPRESENTATION('',(#10925),#10929);
#10925 = LINE('',#10926,#10927);
#10926 = CARTESIAN_POINT('',(2.220947265625,1.39111328125));
#10927 = VECTOR('',#10928,1.);
#10928 = DIRECTION('',(-1.,0.));
#10929 = ( GEOMETRIC_REPRESENTATION_CONTEXT(2) 
PARAMETRIC_REPRESENTATION_CONTEXT() REPRESENTATION_CONTEXT('2D SPACE',''
  ) );
#10930 = ADVANCED_FACE('',(#10931),#4704,.F.);
#10931 = FACE_BOUND('',#10932,.F.);
#10932 = EDGE_LOOP('',(#10933,#10956,#10957,#10958));
#10933 = ORIENTED_EDGE('',*,*,#10934,.T.);
#10934 = EDGE_CURVE('',#10935,#4659,#10937,.T.);
#10935 = VERTEX_POINT('',#10936);
#10936 = CARTESIAN_POINT('',(-6.233154296875,-58.40321777343,1.2));
#10937 = SURFACE_CURVE('',#10938,(#10942,#10949),.PCURVE_S1.);
#10938 = LINE('',#10939,#10940);
#10939 = CARTESIAN_POINT('',(-6.233154296875,-58.40321777343,1.2));
#10940 = VECTOR('',#10941,1.);
#10941 = DIRECTION('',(0.,0.,1.));
#10942 = PCURVE('',#4704,#10943);
#10943 = DEFINITIONAL_REPRESENTATION('',(#10944),#10948);
#10944 = LINE('',#10945,#10946);
#10945 = CARTESIAN_POINT('',(0.,0.));
#10946 = VECTOR('',#10947,1.);
#10947 = DIRECTION('',(0.,-1.));
#10948 = ( GEOMETRIC_REPRESENTATION_CONTEXT(2) 
PARAMETRIC_REPRESENTATION_CONTEXT() REPRESENTATION_CONTEXT('2D SPACE',''
  ) );
#10949 = PCURVE('',#4674,#10950);
#10950 = DEFINITIONAL_REPRESENTATION('',(#10951),#10955);
#10951 = LINE('',#10952,#10953);
#10952 = CARTESIAN_POINT('',(1.,0.));
#10953 = VECTOR('',#10954,1.);
#10954 = DIRECTION('',(0.,-1.));
#10955 = ( GEOMETRIC_REPRESENTATION_CONTEXT(2) 
PARAMETRIC_REPRESENTATION_CONTEXT() REPRESENTATION_CONTEXT('2D SPACE',''
  ) );
#10956 = ORIENTED_EDGE('',*,*,#4688,.T.);
#10957 = ORIENTED_EDGE('',*,*,#10885,.F.);
#10958 = ORIENTED_EDGE('',*,*,#10959,.F.);
#10959 = EDGE_CURVE('',#10935,#10886,#10960,.T.);
#10960 = SURFACE_CURVE('',#10961,(#10965,#10972),.PCURVE_S1.);
#10961 = B_SPLINE_CURVE_WITH_KNOTS('',2,(#10962,#10963,#10964),
  .UNSPECIFIED.,.F.,.F.,(3,3),(0.,1.),.PIECEWISE_BEZIER_KNOTS.);
#10962 = CARTESIAN_POINT('',(-6.233154296875,-58.40321777343,1.2));
#10963 = CARTESIAN_POINT('',(-6.642700195312,-58.74293945312,1.2));
#10964 = CARTESIAN_POINT('',(-7.408081054688,-58.74293945312,1.2));
#10965 = PCURVE('',#4704,#10966);
#10966 = DEFINITIONAL_REPRESENTATION('',(#10967),#10971);
#10967 = LINE('',#10968,#10969);
#10968 = CARTESIAN_POINT('',(0.,0.));
#10969 = VECTOR('',#10970,1.);
#10970 = DIRECTION('',(1.,0.));
#10971 = ( GEOMETRIC_REPRESENTATION_CONTEXT(2) 
PARAMETRIC_REPRESENTATION_CONTEXT() REPRESENTATION_CONTEXT('2D SPACE',''
  ) );
#10972 = PCURVE('',#10821,#10973);
#10973 = DEFINITIONAL_REPRESENTATION('',(#10974),#10978);
#10974 = B_SPLINE_CURVE_WITH_KNOTS('',2,(#10975,#10976,#10977),
  .UNSPECIFIED.,.F.,.F.,(3,3),(0.,1.),.PIECEWISE_BEZIER_KNOTS.);
#10975 = CARTESIAN_POINT('',(3.395874023438,1.730834960938));
#10976 = CARTESIAN_POINT('',(2.986328125,1.39111328125));
#10977 = CARTESIAN_POINT('',(2.220947265625,1.39111328125));
#10978 = ( GEOMETRIC_REPRESENTATION_CONTEXT(2) 
PARAMETRIC_REPRESENTATION_CONTEXT() REPRESENTATION_CONTEXT('2D SPACE',''
  ) );
#10979 = ADVANCED_FACE('',(#10980),#4674,.F.);
#10980 = FACE_BOUND('',#10981,.F.);
#10981 = EDGE_LOOP('',(#10982,#11005,#11006,#11007));
#10982 = ORIENTED_EDGE('',*,*,#10983,.T.);
#10983 = EDGE_CURVE('',#10984,#4629,#10986,.T.);
#10984 = VERTEX_POINT('',#10985);
#10985 = CARTESIAN_POINT('',(-5.823608398438,-57.43239257812,1.2));
#10986 = SURFACE_CURVE('',#10987,(#10991,#10998),.PCURVE_S1.);
#10987 = LINE('',#10988,#10989);
#10988 = CARTESIAN_POINT('',(-5.823608398438,-57.43239257812,1.2));
#10989 = VECTOR('',#10990,1.);
#10990 = DIRECTION('',(0.,0.,1.));
#10991 = PCURVE('',#4674,#10992);
#10992 = DEFINITIONAL_REPRESENTATION('',(#10993),#10997);
#10993 = LINE('',#10994,#10995);
#10994 = CARTESIAN_POINT('',(0.,0.));
#10995 = VECTOR('',#10996,1.);
#10996 = DIRECTION('',(0.,-1.));
#10997 = ( GEOMETRIC_REPRESENTATION_CONTEXT(2) 
PARAMETRIC_REPRESENTATION_CONTEXT() REPRESENTATION_CONTEXT('2D SPACE',''
  ) );
#10998 = PCURVE('',#4644,#10999);
#10999 = DEFINITIONAL_REPRESENTATION('',(#11000),#11004);
#11000 = LINE('',#11001,#11002);
#11001 = CARTESIAN_POINT('',(1.,0.));
#11002 = VECTOR('',#11003,1.);
#11003 = DIRECTION('',(0.,-1.));
#11004 = ( GEOMETRIC_REPRESENTATION_CONTEXT(2) 
PARAMETRIC_REPRESENTATION_CONTEXT() REPRESENTATION_CONTEXT('2D SPACE',''
  ) );
#11005 = ORIENTED_EDGE('',*,*,#4658,.T.);
#11006 = ORIENTED_EDGE('',*,*,#10934,.F.);
#11007 = ORIENTED_EDGE('',*,*,#11008,.F.);
#11008 = EDGE_CURVE('',#10984,#10935,#11009,.T.);
#11009 = SURFACE_CURVE('',#11010,(#11014,#11021),.PCURVE_S1.);
#11010 = B_SPLINE_CURVE_WITH_KNOTS('',2,(#11011,#11012,#11013),
  .UNSPECIFIED.,.F.,.F.,(3,3),(0.,1.),.PIECEWISE_BEZIER_KNOTS.);
#11011 = CARTESIAN_POINT('',(-5.823608398438,-57.43239257812,1.2));
#11012 = CARTESIAN_POINT('',(-5.823608398438,-58.06349609375,1.2));
#11013 = CARTESIAN_POINT('',(-6.233154296875,-58.40321777343,1.2));
#11014 = PCURVE('',#4674,#11015);
#11015 = DEFINITIONAL_REPRESENTATION('',(#11016),#11020);
#11016 = LINE('',#11017,#11018);
#11017 = CARTESIAN_POINT('',(0.,0.));
#11018 = VECTOR('',#11019,1.);
#11019 = DIRECTION('',(1.,0.));
#11020 = ( GEOMETRIC_REPRESENTATION_CONTEXT(2) 
PARAMETRIC_REPRESENTATION_CONTEXT() REPRESENTATION_CONTEXT('2D SPACE',''
  ) );
#11021 = PCURVE('',#10821,#11022);
#11022 = DEFINITIONAL_REPRESENTATION('',(#11023),#11027);
#11023 = B_SPLINE_CURVE_WITH_KNOTS('',2,(#11024,#11025,#11026),
  .UNSPECIFIED.,.F.,.F.,(3,3),(0.,1.),.PIECEWISE_BEZIER_KNOTS.);
#11024 = CARTESIAN_POINT('',(3.805419921875,2.70166015625));
#11025 = CARTESIAN_POINT('',(3.805419921875,2.070556640625));
#11026 = CARTESIAN_POINT('',(3.395874023438,1.730834960938));
#11027 = ( GEOMETRIC_REPRESENTATION_CONTEXT(2) 
PARAMETRIC_REPRESENTATION_CONTEXT() REPRESENTATION_CONTEXT('2D SPACE',''
  ) );
#11028 = ADVANCED_FACE('',(#11029),#4644,.F.);
#11029 = FACE_BOUND('',#11030,.F.);
#11030 = EDGE_LOOP('',(#11031,#11054,#11055,#11056));
#11031 = ORIENTED_EDGE('',*,*,#11032,.T.);
#11032 = EDGE_CURVE('',#11033,#4599,#11035,.T.);
#11033 = VERTEX_POINT('',#11034);
#11034 = CARTESIAN_POINT('',(-6.233154296875,-56.46425292968,1.2));
#11035 = SURFACE_CURVE('',#11036,(#11040,#11047),.PCURVE_S1.);
#11036 = LINE('',#11037,#11038);
#11037 = CARTESIAN_POINT('',(-6.233154296875,-56.46425292968,1.2));
#11038 = VECTOR('',#11039,1.);
#11039 = DIRECTION('',(0.,0.,1.));
#11040 = PCURVE('',#4644,#11041);
#11041 = DEFINITIONAL_REPRESENTATION('',(#11042),#11046);
#11042 = LINE('',#11043,#11044);
#11043 = CARTESIAN_POINT('',(0.,0.));
#11044 = VECTOR('',#11045,1.);
#11045 = DIRECTION('',(0.,-1.));
#11046 = ( GEOMETRIC_REPRESENTATION_CONTEXT(2) 
PARAMETRIC_REPRESENTATION_CONTEXT() REPRESENTATION_CONTEXT('2D SPACE',''
  ) );
#11047 = PCURVE('',#4614,#11048);
#11048 = DEFINITIONAL_REPRESENTATION('',(#11049),#11053);
#11049 = LINE('',#11050,#11051);
#11050 = CARTESIAN_POINT('',(1.,0.));
#11051 = VECTOR('',#11052,1.);
#11052 = DIRECTION('',(0.,-1.));
#11053 = ( GEOMETRIC_REPRESENTATION_CONTEXT(2) 
PARAMETRIC_REPRESENTATION_CONTEXT() REPRESENTATION_CONTEXT('2D SPACE',''
  ) );
#11054 = ORIENTED_EDGE('',*,*,#4628,.T.);
#11055 = ORIENTED_EDGE('',*,*,#10983,.F.);
#11056 = ORIENTED_EDGE('',*,*,#11057,.F.);
#11057 = EDGE_CURVE('',#11033,#10984,#11058,.T.);
#11058 = SURFACE_CURVE('',#11059,(#11063,#11070),.PCURVE_S1.);
#11059 = B_SPLINE_CURVE_WITH_KNOTS('',2,(#11060,#11061,#11062),
  .UNSPECIFIED.,.F.,.F.,(3,3),(0.,1.),.PIECEWISE_BEZIER_KNOTS.);
#11060 = CARTESIAN_POINT('',(-6.233154296875,-56.46425292968,1.2));
#11061 = CARTESIAN_POINT('',(-5.823608398438,-56.80397460937,1.2));
#11062 = CARTESIAN_POINT('',(-5.823608398438,-57.43239257812,1.2));
#11063 = PCURVE('',#4644,#11064);
#11064 = DEFINITIONAL_REPRESENTATION('',(#11065),#11069);
#11065 = LINE('',#11066,#11067);
#11066 = CARTESIAN_POINT('',(0.,0.));
#11067 = VECTOR('',#11068,1.);
#11068 = DIRECTION('',(1.,0.));
#11069 = ( GEOMETRIC_REPRESENTATION_CONTEXT(2) 
PARAMETRIC_REPRESENTATION_CONTEXT() REPRESENTATION_CONTEXT('2D SPACE',''
  ) );
#11070 = PCURVE('',#10821,#11071);
#11071 = DEFINITIONAL_REPRESENTATION('',(#11072),#11076);
#11072 = B_SPLINE_CURVE_WITH_KNOTS('',2,(#11073,#11074,#11075),
  .UNSPECIFIED.,.F.,.F.,(3,3),(0.,1.),.PIECEWISE_BEZIER_KNOTS.);
#11073 = CARTESIAN_POINT('',(3.395874023438,3.669799804688));
#11074 = CARTESIAN_POINT('',(3.805419921875,3.330078125));
#11075 = CARTESIAN_POINT('',(3.805419921875,2.70166015625));
#11076 = ( GEOMETRIC_REPRESENTATION_CONTEXT(2) 
PARAMETRIC_REPRESENTATION_CONTEXT() REPRESENTATION_CONTEXT('2D SPACE',''
  ) );
#11077 = ADVANCED_FACE('',(#11078),#4614,.F.);
#11078 = FACE_BOUND('',#11079,.F.);
#11079 = EDGE_LOOP('',(#11080,#11103,#11104,#11105));
#11080 = ORIENTED_EDGE('',*,*,#11081,.T.);
#11081 = EDGE_CURVE('',#11082,#4571,#11084,.T.);
#11082 = VERTEX_POINT('',#11083);
#11083 = CARTESIAN_POINT('',(-7.408081054688,-56.12453125,1.2));
#11084 = SURFACE_CURVE('',#11085,(#11089,#11096),.PCURVE_S1.);
#11085 = LINE('',#11086,#11087);
#11086 = CARTESIAN_POINT('',(-7.408081054688,-56.12453125,1.2));
#11087 = VECTOR('',#11088,1.);
#11088 = DIRECTION('',(0.,0.,1.));
#11089 = PCURVE('',#4614,#11090);
#11090 = DEFINITIONAL_REPRESENTATION('',(#11091),#11095);
#11091 = LINE('',#11092,#11093);
#11092 = CARTESIAN_POINT('',(0.,0.));
#11093 = VECTOR('',#11094,1.);
#11094 = DIRECTION('',(0.,-1.));
#11095 = ( GEOMETRIC_REPRESENTATION_CONTEXT(2) 
PARAMETRIC_REPRESENTATION_CONTEXT() REPRESENTATION_CONTEXT('2D SPACE',''
  ) );
#11096 = PCURVE('',#4586,#11097);
#11097 = DEFINITIONAL_REPRESENTATION('',(#11098),#11102);
#11098 = LINE('',#11099,#11100);
#11099 = CARTESIAN_POINT('',(1.716064453125,0.));
#11100 = VECTOR('',#11101,1.);
#11101 = DIRECTION('',(0.,-1.));
#11102 = ( GEOMETRIC_REPRESENTATION_CONTEXT(2) 
PARAMETRIC_REPRESENTATION_CONTEXT() REPRESENTATION_CONTEXT('2D SPACE',''
  ) );
#11103 = ORIENTED_EDGE('',*,*,#4598,.T.);
#11104 = ORIENTED_EDGE('',*,*,#11032,.F.);
#11105 = ORIENTED_EDGE('',*,*,#11106,.F.);
#11106 = EDGE_CURVE('',#11082,#11033,#11107,.T.);
#11107 = SURFACE_CURVE('',#11108,(#11112,#11119),.PCURVE_S1.);
#11108 = B_SPLINE_CURVE_WITH_KNOTS('',2,(#11109,#11110,#11111),
  .UNSPECIFIED.,.F.,.F.,(3,3),(0.,1.),.PIECEWISE_BEZIER_KNOTS.);
#11109 = CARTESIAN_POINT('',(-7.408081054688,-56.12453125,1.2));
#11110 = CARTESIAN_POINT('',(-6.642700195312,-56.12453125,1.2));
#11111 = CARTESIAN_POINT('',(-6.233154296875,-56.46425292968,1.2));
#11112 = PCURVE('',#4614,#11113);
#11113 = DEFINITIONAL_REPRESENTATION('',(#11114),#11118);
#11114 = LINE('',#11115,#11116);
#11115 = CARTESIAN_POINT('',(0.,0.));
#11116 = VECTOR('',#11117,1.);
#11117 = DIRECTION('',(1.,0.));
#11118 = ( GEOMETRIC_REPRESENTATION_CONTEXT(2) 
PARAMETRIC_REPRESENTATION_CONTEXT() REPRESENTATION_CONTEXT('2D SPACE',''
  ) );
#11119 = PCURVE('',#10821,#11120);
#11120 = DEFINITIONAL_REPRESENTATION('',(#11121),#11125);
#11121 = B_SPLINE_CURVE_WITH_KNOTS('',2,(#11122,#11123,#11124),
  .UNSPECIFIED.,.F.,.F.,(3,3),(0.,1.),.PIECEWISE_BEZIER_KNOTS.);
#11122 = CARTESIAN_POINT('',(2.220947265625,4.009521484375));
#11123 = CARTESIAN_POINT('',(2.986328125,4.009521484375));
#11124 = CARTESIAN_POINT('',(3.395874023438,3.669799804688));
#11125 = ( GEOMETRIC_REPRESENTATION_CONTEXT(2) 
PARAMETRIC_REPRESENTATION_CONTEXT() REPRESENTATION_CONTEXT('2D SPACE',''
  ) );
#11126 = ADVANCED_FACE('',(#11127),#4586,.F.);
#11127 = FACE_BOUND('',#11128,.F.);
#11128 = EDGE_LOOP('',(#11129,#11152,#11153,#11154));
#11129 = ORIENTED_EDGE('',*,*,#11130,.T.);
#11130 = EDGE_CURVE('',#11131,#4543,#11133,.T.);
#11131 = VERTEX_POINT('',#11132);
#11132 = CARTESIAN_POINT('',(-9.124145507812,-56.12453125,1.2));
#11133 = SURFACE_CURVE('',#11134,(#11138,#11145),.PCURVE_S1.);
#11134 = LINE('',#11135,#11136);
#11135 = CARTESIAN_POINT('',(-9.124145507812,-56.12453125,1.2));
#11136 = VECTOR('',#11137,1.);
#11137 = DIRECTION('',(0.,0.,1.));
#11138 = PCURVE('',#4586,#11139);
#11139 = DEFINITIONAL_REPRESENTATION('',(#11140),#11144);
#11140 = LINE('',#11141,#11142);
#11141 = CARTESIAN_POINT('',(0.,0.));
#11142 = VECTOR('',#11143,1.);
#11143 = DIRECTION('',(0.,-1.));
#11144 = ( GEOMETRIC_REPRESENTATION_CONTEXT(2) 
PARAMETRIC_REPRESENTATION_CONTEXT() REPRESENTATION_CONTEXT('2D SPACE',''
  ) );
#11145 = PCURVE('',#4558,#11146);
#11146 = DEFINITIONAL_REPRESENTATION('',(#11147),#11151);
#11147 = LINE('',#11148,#11149);
#11148 = CARTESIAN_POINT('',(4.009521484375,0.));
#11149 = VECTOR('',#11150,1.);
#11150 = DIRECTION('',(0.,-1.));
#11151 = ( GEOMETRIC_REPRESENTATION_CONTEXT(2) 
PARAMETRIC_REPRESENTATION_CONTEXT() REPRESENTATION_CONTEXT('2D SPACE',''
  ) );
#11152 = ORIENTED_EDGE('',*,*,#4570,.T.);
#11153 = ORIENTED_EDGE('',*,*,#11081,.F.);
#11154 = ORIENTED_EDGE('',*,*,#11155,.F.);
#11155 = EDGE_CURVE('',#11131,#11082,#11156,.T.);
#11156 = SURFACE_CURVE('',#11157,(#11161,#11168),.PCURVE_S1.);
#11157 = LINE('',#11158,#11159);
#11158 = CARTESIAN_POINT('',(-9.124145507812,-56.12453125,1.2));
#11159 = VECTOR('',#11160,1.);
#11160 = DIRECTION('',(1.,0.,0.));
#11161 = PCURVE('',#4586,#11162);
#11162 = DEFINITIONAL_REPRESENTATION('',(#11163),#11167);
#11163 = LINE('',#11164,#11165);
#11164 = CARTESIAN_POINT('',(0.,0.));
#11165 = VECTOR('',#11166,1.);
#11166 = DIRECTION('',(1.,0.));
#11167 = ( GEOMETRIC_REPRESENTATION_CONTEXT(2) 
PARAMETRIC_REPRESENTATION_CONTEXT() REPRESENTATION_CONTEXT('2D SPACE',''
  ) );
#11168 = PCURVE('',#10821,#11169);
#11169 = DEFINITIONAL_REPRESENTATION('',(#11170),#11174);
#11170 = LINE('',#11171,#11172);
#11171 = CARTESIAN_POINT('',(0.5048828125,4.009521484375));
#11172 = VECTOR('',#11173,1.);
#11173 = DIRECTION('',(1.,0.));
#11174 = ( GEOMETRIC_REPRESENTATION_CONTEXT(2) 
PARAMETRIC_REPRESENTATION_CONTEXT() REPRESENTATION_CONTEXT('2D SPACE',''
  ) );
#11175 = ADVANCED_FACE('',(#11176),#4558,.F.);
#11176 = FACE_BOUND('',#11177,.F.);
#11177 = EDGE_LOOP('',(#11178,#11179,#11180,#11181));
#11178 = ORIENTED_EDGE('',*,*,#10784,.T.);
#11179 = ORIENTED_EDGE('',*,*,#4542,.T.);
#11180 = ORIENTED_EDGE('',*,*,#11130,.F.);
#11181 = ORIENTED_EDGE('',*,*,#11182,.F.);
#11182 = EDGE_CURVE('',#10785,#11131,#11183,.T.);
#11183 = SURFACE_CURVE('',#11184,(#11188,#11195),.PCURVE_S1.);
#11184 = LINE('',#11185,#11186);
#11185 = CARTESIAN_POINT('',(-9.124145507812,-60.13405273437,1.2));
#11186 = VECTOR('',#11187,1.);
#11187 = DIRECTION('',(0.,1.,0.));
#11188 = PCURVE('',#4558,#11189);
#11189 = DEFINITIONAL_REPRESENTATION('',(#11190),#11194);
#11190 = LINE('',#11191,#11192);
#11191 = CARTESIAN_POINT('',(0.,0.));
#11192 = VECTOR('',#11193,1.);
#11193 = DIRECTION('',(1.,0.));
#11194 = ( GEOMETRIC_REPRESENTATION_CONTEXT(2) 
PARAMETRIC_REPRESENTATION_CONTEXT() REPRESENTATION_CONTEXT('2D SPACE',''
  ) );
#11195 = PCURVE('',#10821,#11196);
#11196 = DEFINITIONAL_REPRESENTATION('',(#11197),#11201);
#11197 = LINE('',#11198,#11199);
#11198 = CARTESIAN_POINT('',(0.5048828125,0.));
#11199 = VECTOR('',#11200,1.);
#11200 = DIRECTION('',(0.,1.));
#11201 = ( GEOMETRIC_REPRESENTATION_CONTEXT(2) 
PARAMETRIC_REPRESENTATION_CONTEXT() REPRESENTATION_CONTEXT('2D SPACE',''
  ) );
#11202 = ADVANCED_FACE('',(#11203),#4792,.F.);
#11203 = FACE_BOUND('',#11204,.F.);
#11204 = EDGE_LOOP('',(#11205,#11228,#11229,#11252));
#11205 = ORIENTED_EDGE('',*,*,#11206,.T.);
#11206 = EDGE_CURVE('',#11207,#4775,#11209,.T.);
#11207 = VERTEX_POINT('',#11208);
#11208 = CARTESIAN_POINT('',(-3.3623046875,-58.72682617187,1.2));
#11209 = SURFACE_CURVE('',#11210,(#11214,#11221),.PCURVE_S1.);
#11210 = LINE('',#11211,#11212);
#11211 = CARTESIAN_POINT('',(-3.3623046875,-58.72682617187,1.2));
#11212 = VECTOR('',#11213,1.);
#11213 = DIRECTION('',(0.,0.,1.));
#11214 = PCURVE('',#4792,#11215);
#11215 = DEFINITIONAL_REPRESENTATION('',(#11216),#11220);
#11216 = LINE('',#11217,#11218);
#11217 = CARTESIAN_POINT('',(0.,0.));
#11218 = VECTOR('',#11219,1.);
#11219 = DIRECTION('',(0.,-1.));
#11220 = ( GEOMETRIC_REPRESENTATION_CONTEXT(2) 
PARAMETRIC_REPRESENTATION_CONTEXT() REPRESENTATION_CONTEXT('2D SPACE',''
  ) );
#11221 = PCURVE('',#5224,#11222);
#11222 = DEFINITIONAL_REPRESENTATION('',(#11223),#11227);
#11223 = LINE('',#11224,#11225);
#11224 = CARTESIAN_POINT('',(1.,0.));
#11225 = VECTOR('',#11226,1.);
#11226 = DIRECTION('',(0.,-1.));
#11227 = ( GEOMETRIC_REPRESENTATION_CONTEXT(2) 
PARAMETRIC_REPRESENTATION_CONTEXT() REPRESENTATION_CONTEXT('2D SPACE',''
  ) );
#11228 = ORIENTED_EDGE('',*,*,#4774,.T.);
#11229 = ORIENTED_EDGE('',*,*,#11230,.F.);
#11230 = EDGE_CURVE('',#11231,#4777,#11233,.T.);
#11231 = VERTEX_POINT('',#11232);
#11232 = CARTESIAN_POINT('',(-3.766479492188,-58.61671875,1.2));
#11233 = SURFACE_CURVE('',#11234,(#11238,#11245),.PCURVE_S1.);
#11234 = LINE('',#11235,#11236);
#11235 = CARTESIAN_POINT('',(-3.766479492188,-58.61671875,1.2));
#11236 = VECTOR('',#11237,1.);
#11237 = DIRECTION('',(0.,0.,1.));
#11238 = PCURVE('',#4792,#11239);
#11239 = DEFINITIONAL_REPRESENTATION('',(#11240),#11244);
#11240 = LINE('',#11241,#11242);
#11241 = CARTESIAN_POINT('',(1.,0.));
#11242 = VECTOR('',#11243,1.);
#11243 = DIRECTION('',(0.,-1.));
#11244 = ( GEOMETRIC_REPRESENTATION_CONTEXT(2) 
PARAMETRIC_REPRESENTATION_CONTEXT() REPRESENTATION_CONTEXT('2D SPACE',''
  ) );
#11245 = PCURVE('',#4822,#11246);
#11246 = DEFINITIONAL_REPRESENTATION('',(#11247),#11251);
#11247 = LINE('',#11248,#11249);
#11248 = CARTESIAN_POINT('',(0.,-0.));
#11249 = VECTOR('',#11250,1.);
#11250 = DIRECTION('',(0.,-1.));
#11251 = ( GEOMETRIC_REPRESENTATION_CONTEXT(2) 
PARAMETRIC_REPRESENTATION_CONTEXT() REPRESENTATION_CONTEXT('2D SPACE',''
  ) );
#11252 = ORIENTED_EDGE('',*,*,#11253,.F.);
#11253 = EDGE_CURVE('',#11207,#11231,#11254,.T.);
#11254 = SURFACE_CURVE('',#11255,(#11259,#11266),.PCURVE_S1.);
#11255 = B_SPLINE_CURVE_WITH_KNOTS('',2,(#11256,#11257,#11258),
  .UNSPECIFIED.,.F.,.F.,(3,3),(0.,1.),.PIECEWISE_BEZIER_KNOTS.);
#11256 = CARTESIAN_POINT('',(-3.3623046875,-58.72682617187,1.2));
#11257 = CARTESIAN_POINT('',(-3.514038085938,-58.61671875,1.2));
#11258 = CARTESIAN_POINT('',(-3.766479492188,-58.61671875,1.2));
#11259 = PCURVE('',#4792,#11260);
#11260 = DEFINITIONAL_REPRESENTATION('',(#11261),#11265);
#11261 = LINE('',#11262,#11263);
#11262 = CARTESIAN_POINT('',(0.,0.));
#11263 = VECTOR('',#11264,1.);
#11264 = DIRECTION('',(1.,0.));
#11265 = ( GEOMETRIC_REPRESENTATION_CONTEXT(2) 
PARAMETRIC_REPRESENTATION_CONTEXT() REPRESENTATION_CONTEXT('2D SPACE',''
  ) );
#11266 = PCURVE('',#11267,#11272);
#11267 = PLANE('',#11268);
#11268 = AXIS2_PLACEMENT_3D('',#11269,#11270,#11271);
#11269 = CARTESIAN_POINT('',(-5.598022460938,-60.13405273437,1.2));
#11270 = DIRECTION('',(0.,0.,1.));
#11271 = DIRECTION('',(1.,0.,0.));
#11272 = DEFINITIONAL_REPRESENTATION('',(#11273),#11277);
#11273 = B_SPLINE_CURVE_WITH_KNOTS('',2,(#11274,#11275,#11276),
  .UNSPECIFIED.,.F.,.F.,(3,3),(0.,1.),.PIECEWISE_BEZIER_KNOTS.);
#11274 = CARTESIAN_POINT('',(2.235717773438,1.4072265625));
#11275 = CARTESIAN_POINT('',(2.083984375,1.517333984375));
#11276 = CARTESIAN_POINT('',(1.83154296875,1.517333984375));
#11277 = ( GEOMETRIC_REPRESENTATION_CONTEXT(2) 
PARAMETRIC_REPRESENTATION_CONTEXT() REPRESENTATION_CONTEXT('2D SPACE',''
  ) );
#11278 = ADVANCED_FACE('',(#11279),#5224,.F.);
#11279 = FACE_BOUND('',#11280,.F.);
#11280 = EDGE_LOOP('',(#11281,#11304,#11305,#11306));
#11281 = ORIENTED_EDGE('',*,*,#11282,.T.);
#11282 = EDGE_CURVE('',#11283,#5183,#11285,.T.);
#11283 = VERTEX_POINT('',#11284);
#11284 = CARTESIAN_POINT('',(-3.062866210938,-59.13771484375,1.2));
#11285 = SURFACE_CURVE('',#11286,(#11290,#11297),.PCURVE_S1.);
#11286 = LINE('',#11287,#11288);
#11287 = CARTESIAN_POINT('',(-3.062866210938,-59.13771484375,1.2));
#11288 = VECTOR('',#11289,1.);
#11289 = DIRECTION('',(0.,0.,1.));
#11290 = PCURVE('',#5224,#11291);
#11291 = DEFINITIONAL_REPRESENTATION('',(#11292),#11296);
#11292 = LINE('',#11293,#11294);
#11293 = CARTESIAN_POINT('',(0.,0.));
#11294 = VECTOR('',#11295,1.);
#11295 = DIRECTION('',(0.,-1.));
#11296 = ( GEOMETRIC_REPRESENTATION_CONTEXT(2) 
PARAMETRIC_REPRESENTATION_CONTEXT() REPRESENTATION_CONTEXT('2D SPACE',''
  ) );
#11297 = PCURVE('',#5198,#11298);
#11298 = DEFINITIONAL_REPRESENTATION('',(#11299),#11303);
#11299 = LINE('',#11300,#11301);
#11300 = CARTESIAN_POINT('',(1.109767924826,0.));
#11301 = VECTOR('',#11302,1.);
#11302 = DIRECTION('',(0.,-1.));
#11303 = ( GEOMETRIC_REPRESENTATION_CONTEXT(2) 
PARAMETRIC_REPRESENTATION_CONTEXT() REPRESENTATION_CONTEXT('2D SPACE',''
  ) );
#11304 = ORIENTED_EDGE('',*,*,#5210,.T.);
#11305 = ORIENTED_EDGE('',*,*,#11206,.F.);
#11306 = ORIENTED_EDGE('',*,*,#11307,.F.);
#11307 = EDGE_CURVE('',#11283,#11207,#11308,.T.);
#11308 = SURFACE_CURVE('',#11309,(#11313,#11320),.PCURVE_S1.);
#11309 = B_SPLINE_CURVE_WITH_KNOTS('',2,(#11310,#11311,#11312),
  .UNSPECIFIED.,.F.,.F.,(3,3),(0.,1.),.PIECEWISE_BEZIER_KNOTS.);
#11310 = CARTESIAN_POINT('',(-3.062866210938,-59.13771484375,1.2));
#11311 = CARTESIAN_POINT('',(-3.210571289062,-58.83693359375,1.2));
#11312 = CARTESIAN_POINT('',(-3.3623046875,-58.72682617187,1.2));
#11313 = PCURVE('',#5224,#11314);
#11314 = DEFINITIONAL_REPRESENTATION('',(#11315),#11319);
#11315 = LINE('',#11316,#11317);
#11316 = CARTESIAN_POINT('',(0.,0.));
#11317 = VECTOR('',#11318,1.);
#11318 = DIRECTION('',(1.,0.));
#11319 = ( GEOMETRIC_REPRESENTATION_CONTEXT(2) 
PARAMETRIC_REPRESENTATION_CONTEXT() REPRESENTATION_CONTEXT('2D SPACE',''
  ) );
#11320 = PCURVE('',#11267,#11321);
#11321 = DEFINITIONAL_REPRESENTATION('',(#11322),#11326);
#11322 = B_SPLINE_CURVE_WITH_KNOTS('',2,(#11323,#11324,#11325),
  .UNSPECIFIED.,.F.,.F.,(3,3),(0.,1.),.PIECEWISE_BEZIER_KNOTS.);
#11323 = CARTESIAN_POINT('',(2.53515625,0.996337890625));
#11324 = CARTESIAN_POINT('',(2.387451171875,1.297119140625));
#11325 = CARTESIAN_POINT('',(2.235717773438,1.4072265625));
#11326 = ( GEOMETRIC_REPRESENTATION_CONTEXT(2) 
PARAMETRIC_REPRESENTATION_CONTEXT() REPRESENTATION_CONTEXT('2D SPACE',''
  ) );
#11327 = ADVANCED_FACE('',(#11328),#5198,.F.);
#11328 = FACE_BOUND('',#11329,.F.);
#11329 = EDGE_LOOP('',(#11330,#11353,#11354,#11355));
#11330 = ORIENTED_EDGE('',*,*,#11331,.T.);
#11331 = EDGE_CURVE('',#11332,#5155,#11334,.T.);
#11332 = VERTEX_POINT('',#11333);
#11333 = CARTESIAN_POINT('',(-2.574096679688,-60.13405273437,1.2));
#11334 = SURFACE_CURVE('',#11335,(#11339,#11346),.PCURVE_S1.);
#11335 = LINE('',#11336,#11337);
#11336 = CARTESIAN_POINT('',(-2.574096679688,-60.13405273437,1.2));
#11337 = VECTOR('',#11338,1.);
#11338 = DIRECTION('',(0.,0.,1.));
#11339 = PCURVE('',#5198,#11340);
#11340 = DEFINITIONAL_REPRESENTATION('',(#11341),#11345);
#11341 = LINE('',#11342,#11343);
#11342 = CARTESIAN_POINT('',(0.,0.));
#11343 = VECTOR('',#11344,1.);
#11344 = DIRECTION('',(0.,-1.));
#11345 = ( GEOMETRIC_REPRESENTATION_CONTEXT(2) 
PARAMETRIC_REPRESENTATION_CONTEXT() REPRESENTATION_CONTEXT('2D SPACE',''
  ) );
#11346 = PCURVE('',#5170,#11347);
#11347 = DEFINITIONAL_REPRESENTATION('',(#11348),#11352);
#11348 = LINE('',#11349,#11350);
#11349 = CARTESIAN_POINT('',(1.10107421875,0.));
#11350 = VECTOR('',#11351,1.);
#11351 = DIRECTION('',(0.,-1.));
#11352 = ( GEOMETRIC_REPRESENTATION_CONTEXT(2) 
PARAMETRIC_REPRESENTATION_CONTEXT() REPRESENTATION_CONTEXT('2D SPACE',''
  ) );
#11353 = ORIENTED_EDGE('',*,*,#5182,.T.);
#11354 = ORIENTED_EDGE('',*,*,#11282,.F.);
#11355 = ORIENTED_EDGE('',*,*,#11356,.F.);
#11356 = EDGE_CURVE('',#11332,#11283,#11357,.T.);
#11357 = SURFACE_CURVE('',#11358,(#11362,#11369),.PCURVE_S1.);
#11358 = LINE('',#11359,#11360);
#11359 = CARTESIAN_POINT('',(-2.574096679688,-60.13405273437,1.2));
#11360 = VECTOR('',#11361,1.);
#11361 = DIRECTION('',(-0.440424993655,0.897789410143,0.));
#11362 = PCURVE('',#5198,#11363);
#11363 = DEFINITIONAL_REPRESENTATION('',(#11364),#11368);
#11364 = LINE('',#11365,#11366);
#11365 = CARTESIAN_POINT('',(0.,0.));
#11366 = VECTOR('',#11367,1.);
#11367 = DIRECTION('',(1.,0.));
#11368 = ( GEOMETRIC_REPRESENTATION_CONTEXT(2) 
PARAMETRIC_REPRESENTATION_CONTEXT() REPRESENTATION_CONTEXT('2D SPACE',''
  ) );
#11369 = PCURVE('',#11267,#11370);
#11370 = DEFINITIONAL_REPRESENTATION('',(#11371),#11375);
#11371 = LINE('',#11372,#11373);
#11372 = CARTESIAN_POINT('',(3.02392578125,0.));
#11373 = VECTOR('',#11374,1.);
#11374 = DIRECTION('',(-0.440424993655,0.897789410143));
#11375 = ( GEOMETRIC_REPRESENTATION_CONTEXT(2) 
PARAMETRIC_REPRESENTATION_CONTEXT() REPRESENTATION_CONTEXT('2D SPACE',''
  ) );
#11376 = ADVANCED_FACE('',(#11377),#5170,.F.);
#11377 = FACE_BOUND('',#11378,.F.);
#11378 = EDGE_LOOP('',(#11379,#11402,#11403,#11404));
#11379 = ORIENTED_EDGE('',*,*,#11380,.T.);
#11380 = EDGE_CURVE('',#11381,#5127,#11383,.T.);
#11381 = VERTEX_POINT('',#11382);
#11382 = CARTESIAN_POINT('',(-1.473022460938,-60.13405273437,1.2));
#11383 = SURFACE_CURVE('',#11384,(#11388,#11395),.PCURVE_S1.);
#11384 = LINE('',#11385,#11386);
#11385 = CARTESIAN_POINT('',(-1.473022460938,-60.13405273437,1.2));
#11386 = VECTOR('',#11387,1.);
#11387 = DIRECTION('',(0.,0.,1.));
#11388 = PCURVE('',#5170,#11389);
#11389 = DEFINITIONAL_REPRESENTATION('',(#11390),#11394);
#11390 = LINE('',#11391,#11392);
#11391 = CARTESIAN_POINT('',(0.,-0.));
#11392 = VECTOR('',#11393,1.);
#11393 = DIRECTION('',(0.,-1.));
#11394 = ( GEOMETRIC_REPRESENTATION_CONTEXT(2) 
PARAMETRIC_REPRESENTATION_CONTEXT() REPRESENTATION_CONTEXT('2D SPACE',''
  ) );
#11395 = PCURVE('',#5142,#11396);
#11396 = DEFINITIONAL_REPRESENTATION('',(#11397),#11401);
#11397 = LINE('',#11398,#11399);
#11398 = CARTESIAN_POINT('',(1.269491271343,0.));
#11399 = VECTOR('',#11400,1.);
#11400 = DIRECTION('',(0.,-1.));
#11401 = ( GEOMETRIC_REPRESENTATION_CONTEXT(2) 
PARAMETRIC_REPRESENTATION_CONTEXT() REPRESENTATION_CONTEXT('2D SPACE',''
  ) );
#11402 = ORIENTED_EDGE('',*,*,#5154,.T.);
#11403 = ORIENTED_EDGE('',*,*,#11331,.F.);
#11404 = ORIENTED_EDGE('',*,*,#11405,.F.);
#11405 = EDGE_CURVE('',#11381,#11332,#11406,.T.);
#11406 = SURFACE_CURVE('',#11407,(#11411,#11418),.PCURVE_S1.);
#11407 = LINE('',#11408,#11409);
#11408 = CARTESIAN_POINT('',(-1.473022460938,-60.13405273437,1.2));
#11409 = VECTOR('',#11410,1.);
#11410 = DIRECTION('',(-1.,0.,0.));
#11411 = PCURVE('',#5170,#11412);
#11412 = DEFINITIONAL_REPRESENTATION('',(#11413),#11417);
#11413 = LINE('',#11414,#11415);
#11414 = CARTESIAN_POINT('',(0.,-0.));
#11415 = VECTOR('',#11416,1.);
#11416 = DIRECTION('',(1.,0.));
#11417 = ( GEOMETRIC_REPRESENTATION_CONTEXT(2) 
PARAMETRIC_REPRESENTATION_CONTEXT() REPRESENTATION_CONTEXT('2D SPACE',''
  ) );
#11418 = PCURVE('',#11267,#11419);
#11419 = DEFINITIONAL_REPRESENTATION('',(#11420),#11424);
#11420 = LINE('',#11421,#11422);
#11421 = CARTESIAN_POINT('',(4.125,0.));
#11422 = VECTOR('',#11423,1.);
#11423 = DIRECTION('',(-1.,0.));
#11424 = ( GEOMETRIC_REPRESENTATION_CONTEXT(2) 
PARAMETRIC_REPRESENTATION_CONTEXT() REPRESENTATION_CONTEXT('2D SPACE',''
  ) );
#11425 = ADVANCED_FACE('',(#11426),#5142,.F.);
#11426 = FACE_BOUND('',#11427,.F.);
#11427 = EDGE_LOOP('',(#11428,#11451,#11452,#11453));
#11428 = ORIENTED_EDGE('',*,*,#11429,.T.);
#11429 = EDGE_CURVE('',#11430,#5097,#11432,.T.);
#11430 = VERTEX_POINT('',#11431);
#11431 = CARTESIAN_POINT('',(-2.034301757812,-58.99538085937,1.2));
#11432 = SURFACE_CURVE('',#11433,(#11437,#11444),.PCURVE_S1.);
#11433 = LINE('',#11434,#11435);
#11434 = CARTESIAN_POINT('',(-2.034301757812,-58.99538085937,1.2));
#11435 = VECTOR('',#11436,1.);
#11436 = DIRECTION('',(0.,0.,1.));
#11437 = PCURVE('',#5142,#11438);
#11438 = DEFINITIONAL_REPRESENTATION('',(#11439),#11443);
#11439 = LINE('',#11440,#11441);
#11440 = CARTESIAN_POINT('',(0.,0.));
#11441 = VECTOR('',#11442,1.);
#11442 = DIRECTION('',(0.,-1.));
#11443 = ( GEOMETRIC_REPRESENTATION_CONTEXT(2) 
PARAMETRIC_REPRESENTATION_CONTEXT() REPRESENTATION_CONTEXT('2D SPACE',''
  ) );
#11444 = PCURVE('',#5112,#11445);
#11445 = DEFINITIONAL_REPRESENTATION('',(#11446),#11450);
#11446 = LINE('',#11447,#11448);
#11447 = CARTESIAN_POINT('',(1.,0.));
#11448 = VECTOR('',#11449,1.);
#11449 = DIRECTION('',(0.,-1.));
#11450 = ( GEOMETRIC_REPRESENTATION_CONTEXT(2) 
PARAMETRIC_REPRESENTATION_CONTEXT() REPRESENTATION_CONTEXT('2D SPACE',''
  ) );
#11451 = ORIENTED_EDGE('',*,*,#5126,.T.);
#11452 = ORIENTED_EDGE('',*,*,#11380,.F.);
#11453 = ORIENTED_EDGE('',*,*,#11454,.F.);
#11454 = EDGE_CURVE('',#11430,#11381,#11455,.T.);
#11455 = SURFACE_CURVE('',#11456,(#11460,#11467),.PCURVE_S1.);
#11456 = LINE('',#11457,#11458);
#11457 = CARTESIAN_POINT('',(-2.034301757812,-58.99538085937,1.2));
#11458 = VECTOR('',#11459,1.);
#11459 = DIRECTION('',(0.442129307657,-0.89695132271,0.));
#11460 = PCURVE('',#5142,#11461);
#11461 = DEFINITIONAL_REPRESENTATION('',(#11462),#11466);
#11462 = LINE('',#11463,#11464);
#11463 = CARTESIAN_POINT('',(0.,0.));
#11464 = VECTOR('',#11465,1.);
#11465 = DIRECTION('',(1.,0.));
#11466 = ( GEOMETRIC_REPRESENTATION_CONTEXT(2) 
PARAMETRIC_REPRESENTATION_CONTEXT() REPRESENTATION_CONTEXT('2D SPACE',''
  ) );
#11467 = PCURVE('',#11267,#11468);
#11468 = DEFINITIONAL_REPRESENTATION('',(#11469),#11473);
#11469 = LINE('',#11470,#11471);
#11470 = CARTESIAN_POINT('',(3.563720703125,1.138671875));
#11471 = VECTOR('',#11472,1.);
#11472 = DIRECTION('',(0.442129307657,-0.89695132271));
#11473 = ( GEOMETRIC_REPRESENTATION_CONTEXT(2) 
PARAMETRIC_REPRESENTATION_CONTEXT() REPRESENTATION_CONTEXT('2D SPACE',''
  ) );
#11474 = ADVANCED_FACE('',(#11475),#5112,.F.);
#11475 = FACE_BOUND('',#11476,.F.);
#11476 = EDGE_LOOP('',(#11477,#11500,#11501,#11502));
#11477 = ORIENTED_EDGE('',*,*,#11478,.T.);
#11478 = EDGE_CURVE('',#11479,#5067,#11481,.T.);
#11479 = VERTEX_POINT('',#11480);
#11480 = CARTESIAN_POINT('',(-2.3740234375,-58.47841308593,1.2));
#11481 = SURFACE_CURVE('',#11482,(#11486,#11493),.PCURVE_S1.);
#11482 = LINE('',#11483,#11484);
#11483 = CARTESIAN_POINT('',(-2.3740234375,-58.47841308593,1.2));
#11484 = VECTOR('',#11485,1.);
#11485 = DIRECTION('',(0.,0.,1.));
#11486 = PCURVE('',#5112,#11487);
#11487 = DEFINITIONAL_REPRESENTATION('',(#11488),#11492);
#11488 = LINE('',#11489,#11490);
#11489 = CARTESIAN_POINT('',(0.,0.));
#11490 = VECTOR('',#11491,1.);
#11491 = DIRECTION('',(0.,-1.));
#11492 = ( GEOMETRIC_REPRESENTATION_CONTEXT(2) 
PARAMETRIC_REPRESENTATION_CONTEXT() REPRESENTATION_CONTEXT('2D SPACE',''
  ) );
#11493 = PCURVE('',#5082,#11494);
#11494 = DEFINITIONAL_REPRESENTATION('',(#11495),#11499);
#11495 = LINE('',#11496,#11497);
#11496 = CARTESIAN_POINT('',(1.,0.));
#11497 = VECTOR('',#11498,1.);
#11498 = DIRECTION('',(0.,-1.));
#11499 = ( GEOMETRIC_REPRESENTATION_CONTEXT(2) 
PARAMETRIC_REPRESENTATION_CONTEXT() REPRESENTATION_CONTEXT('2D SPACE',''
  ) );
#11500 = ORIENTED_EDGE('',*,*,#5096,.T.);
#11501 = ORIENTED_EDGE('',*,*,#11429,.F.);
#11502 = ORIENTED_EDGE('',*,*,#11503,.F.);
#11503 = EDGE_CURVE('',#11479,#11430,#11504,.T.);
#11504 = SURFACE_CURVE('',#11505,(#11509,#11516),.PCURVE_S1.);
#11505 = B_SPLINE_CURVE_WITH_KNOTS('',2,(#11506,#11507,#11508),
  .UNSPECIFIED.,.F.,.F.,(3,3),(0.,1.),.PIECEWISE_BEZIER_KNOTS.);
#11506 = CARTESIAN_POINT('',(-2.3740234375,-58.47841308593,1.2));
#11507 = CARTESIAN_POINT('',(-2.206176757812,-58.6489453125,1.2));
#11508 = CARTESIAN_POINT('',(-2.034301757812,-58.99538085937,1.2));
#11509 = PCURVE('',#5112,#11510);
#11510 = DEFINITIONAL_REPRESENTATION('',(#11511),#11515);
#11511 = LINE('',#11512,#11513);
#11512 = CARTESIAN_POINT('',(0.,0.));
#11513 = VECTOR('',#11514,1.);
#11514 = DIRECTION('',(1.,0.));
#11515 = ( GEOMETRIC_REPRESENTATION_CONTEXT(2) 
PARAMETRIC_REPRESENTATION_CONTEXT() REPRESENTATION_CONTEXT('2D SPACE',''
  ) );
#11516 = PCURVE('',#11267,#11517);
#11517 = DEFINITIONAL_REPRESENTATION('',(#11518),#11522);
#11518 = B_SPLINE_CURVE_WITH_KNOTS('',2,(#11519,#11520,#11521),
  .UNSPECIFIED.,.F.,.F.,(3,3),(0.,1.),.PIECEWISE_BEZIER_KNOTS.);
#11519 = CARTESIAN_POINT('',(3.223999023438,1.655639648438));
#11520 = CARTESIAN_POINT('',(3.391845703125,1.485107421875));
#11521 = CARTESIAN_POINT('',(3.563720703125,1.138671875));
#11522 = ( GEOMETRIC_REPRESENTATION_CONTEXT(2) 
PARAMETRIC_REPRESENTATION_CONTEXT() REPRESENTATION_CONTEXT('2D SPACE',''
  ) );
#11523 = ADVANCED_FACE('',(#11524),#5082,.F.);
#11524 = FACE_BOUND('',#11525,.F.);
#11525 = EDGE_LOOP('',(#11526,#11549,#11550,#11551));
#11526 = ORIENTED_EDGE('',*,*,#11527,.T.);
#11527 = EDGE_CURVE('',#11528,#5037,#11530,.T.);
#11528 = VERTEX_POINT('',#11529);
#11529 = CARTESIAN_POINT('',(-2.754028320312,-58.25954101562,1.2));
#11530 = SURFACE_CURVE('',#11531,(#11535,#11542),.PCURVE_S1.);
#11531 = LINE('',#11532,#11533);
#11532 = CARTESIAN_POINT('',(-2.754028320312,-58.25954101562,1.2));
#11533 = VECTOR('',#11534,1.);
#11534 = DIRECTION('',(0.,0.,1.));
#11535 = PCURVE('',#5082,#11536);
#11536 = DEFINITIONAL_REPRESENTATION('',(#11537),#11541);
#11537 = LINE('',#11538,#11539);
#11538 = CARTESIAN_POINT('',(0.,0.));
#11539 = VECTOR('',#11540,1.);
#11540 = DIRECTION('',(0.,-1.));
#11541 = ( GEOMETRIC_REPRESENTATION_CONTEXT(2) 
PARAMETRIC_REPRESENTATION_CONTEXT() REPRESENTATION_CONTEXT('2D SPACE',''
  ) );
#11542 = PCURVE('',#5052,#11543);
#11543 = DEFINITIONAL_REPRESENTATION('',(#11544),#11548);
#11544 = LINE('',#11545,#11546);
#11545 = CARTESIAN_POINT('',(1.,0.));
#11546 = VECTOR('',#11547,1.);
#11547 = DIRECTION('',(0.,-1.));
#11548 = ( GEOMETRIC_REPRESENTATION_CONTEXT(2) 
PARAMETRIC_REPRESENTATION_CONTEXT() REPRESENTATION_CONTEXT('2D SPACE',''
  ) );
#11549 = ORIENTED_EDGE('',*,*,#5066,.T.);
#11550 = ORIENTED_EDGE('',*,*,#11478,.F.);
#11551 = ORIENTED_EDGE('',*,*,#11552,.F.);
#11552 = EDGE_CURVE('',#11528,#11479,#11553,.T.);
#11553 = SURFACE_CURVE('',#11554,(#11558,#11565),.PCURVE_S1.);
#11554 = B_SPLINE_CURVE_WITH_KNOTS('',2,(#11555,#11556,#11557),
  .UNSPECIFIED.,.F.,.F.,(3,3),(0.,1.),.PIECEWISE_BEZIER_KNOTS.);
#11555 = CARTESIAN_POINT('',(-2.754028320312,-58.25954101562,1.2));
#11556 = CARTESIAN_POINT('',(-2.541870117188,-58.30788085937,1.2));
#11557 = CARTESIAN_POINT('',(-2.3740234375,-58.47841308593,1.2));
#11558 = PCURVE('',#5082,#11559);
#11559 = DEFINITIONAL_REPRESENTATION('',(#11560),#11564);
#11560 = LINE('',#11561,#11562);
#11561 = CARTESIAN_POINT('',(0.,0.));
#11562 = VECTOR('',#11563,1.);
#11563 = DIRECTION('',(1.,0.));
#11564 = ( GEOMETRIC_REPRESENTATION_CONTEXT(2) 
PARAMETRIC_REPRESENTATION_CONTEXT() REPRESENTATION_CONTEXT('2D SPACE',''
  ) );
#11565 = PCURVE('',#11267,#11566);
#11566 = DEFINITIONAL_REPRESENTATION('',(#11567),#11571);
#11567 = B_SPLINE_CURVE_WITH_KNOTS('',2,(#11568,#11569,#11570),
  .UNSPECIFIED.,.F.,.F.,(3,3),(0.,1.),.PIECEWISE_BEZIER_KNOTS.);
#11568 = CARTESIAN_POINT('',(2.843994140625,1.87451171875));
#11569 = CARTESIAN_POINT('',(3.05615234375,1.826171875));
#11570 = CARTESIAN_POINT('',(3.223999023438,1.655639648438));
#11571 = ( GEOMETRIC_REPRESENTATION_CONTEXT(2) 
PARAMETRIC_REPRESENTATION_CONTEXT() REPRESENTATION_CONTEXT('2D SPACE',''
  ) );
#11572 = ADVANCED_FACE('',(#11573),#5052,.F.);
#11573 = FACE_BOUND('',#11574,.F.);
#11574 = EDGE_LOOP('',(#11575,#11598,#11599,#11600));
#11575 = ORIENTED_EDGE('',*,*,#11576,.T.);
#11576 = EDGE_CURVE('',#11577,#5007,#11579,.T.);
#11577 = VERTEX_POINT('',#11578);
#11578 = CARTESIAN_POINT('',(-2.17529296875,-57.88356445312,1.2));
#11579 = SURFACE_CURVE('',#11580,(#11584,#11591),.PCURVE_S1.);
#11580 = LINE('',#11581,#11582);
#11581 = CARTESIAN_POINT('',(-2.17529296875,-57.88356445312,1.2));
#11582 = VECTOR('',#11583,1.);
#11583 = DIRECTION('',(0.,0.,1.));
#11584 = PCURVE('',#5052,#11585);
#11585 = DEFINITIONAL_REPRESENTATION('',(#11586),#11590);
#11586 = LINE('',#11587,#11588);
#11587 = CARTESIAN_POINT('',(0.,0.));
#11588 = VECTOR('',#11589,1.);
#11589 = DIRECTION('',(0.,-1.));
#11590 = ( GEOMETRIC_REPRESENTATION_CONTEXT(2) 
PARAMETRIC_REPRESENTATION_CONTEXT() REPRESENTATION_CONTEXT('2D SPACE',''
  ) );
#11591 = PCURVE('',#5022,#11592);
#11592 = DEFINITIONAL_REPRESENTATION('',(#11593),#11597);
#11593 = LINE('',#11594,#11595);
#11594 = CARTESIAN_POINT('',(1.,0.));
#11595 = VECTOR('',#11596,1.);
#11596 = DIRECTION('',(0.,-1.));
#11597 = ( GEOMETRIC_REPRESENTATION_CONTEXT(2) 
PARAMETRIC_REPRESENTATION_CONTEXT() REPRESENTATION_CONTEXT('2D SPACE',''
  ) );
#11598 = ORIENTED_EDGE('',*,*,#5036,.T.);
#11599 = ORIENTED_EDGE('',*,*,#11527,.F.);
#11600 = ORIENTED_EDGE('',*,*,#11601,.F.);
#11601 = EDGE_CURVE('',#11577,#11528,#11602,.T.);
#11602 = SURFACE_CURVE('',#11603,(#11607,#11614),.PCURVE_S1.);
#11603 = B_SPLINE_CURVE_WITH_KNOTS('',2,(#11604,#11605,#11606),
  .UNSPECIFIED.,.F.,.F.,(3,3),(0.,1.),.PIECEWISE_BEZIER_KNOTS.);
#11604 = CARTESIAN_POINT('',(-2.17529296875,-57.88356445312,1.2));
#11605 = CARTESIAN_POINT('',(-2.367309570312,-58.13869140625,1.2));
#11606 = CARTESIAN_POINT('',(-2.754028320312,-58.25954101562,1.2));
#11607 = PCURVE('',#5052,#11608);
#11608 = DEFINITIONAL_REPRESENTATION('',(#11609),#11613);
#11609 = LINE('',#11610,#11611);
#11610 = CARTESIAN_POINT('',(0.,0.));
#11611 = VECTOR('',#11612,1.);
#11612 = DIRECTION('',(1.,0.));
#11613 = ( GEOMETRIC_REPRESENTATION_CONTEXT(2) 
PARAMETRIC_REPRESENTATION_CONTEXT() REPRESENTATION_CONTEXT('2D SPACE',''
  ) );
#11614 = PCURVE('',#11267,#11615);
#11615 = DEFINITIONAL_REPRESENTATION('',(#11616),#11620);
#11616 = B_SPLINE_CURVE_WITH_KNOTS('',2,(#11617,#11618,#11619),
  .UNSPECIFIED.,.F.,.F.,(3,3),(0.,1.),.PIECEWISE_BEZIER_KNOTS.);
#11617 = CARTESIAN_POINT('',(3.422729492188,2.25048828125));
#11618 = CARTESIAN_POINT('',(3.230712890625,1.995361328125));
#11619 = CARTESIAN_POINT('',(2.843994140625,1.87451171875));
#11620 = ( GEOMETRIC_REPRESENTATION_CONTEXT(2) 
PARAMETRIC_REPRESENTATION_CONTEXT() REPRESENTATION_CONTEXT('2D SPACE',''
  ) );
#11621 = ADVANCED_FACE('',(#11622),#5022,.F.);
#11622 = FACE_BOUND('',#11623,.F.);
#11623 = EDGE_LOOP('',(#11624,#11647,#11648,#11649));
#11624 = ORIENTED_EDGE('',*,*,#11625,.T.);
#11625 = EDGE_CURVE('',#11626,#4977,#11628,.T.);
#11626 = VERTEX_POINT('',#11627);
#11627 = CARTESIAN_POINT('',(-1.983276367188,-57.2309765625,1.2));
#11628 = SURFACE_CURVE('',#11629,(#11633,#11640),.PCURVE_S1.);
#11629 = LINE('',#11630,#11631);
#11630 = CARTESIAN_POINT('',(-1.983276367188,-57.2309765625,1.2));
#11631 = VECTOR('',#11632,1.);
#11632 = DIRECTION('',(0.,0.,1.));
#11633 = PCURVE('',#5022,#11634);
#11634 = DEFINITIONAL_REPRESENTATION('',(#11635),#11639);
#11635 = LINE('',#11636,#11637);
#11636 = CARTESIAN_POINT('',(0.,0.));
#11637 = VECTOR('',#11638,1.);
#11638 = DIRECTION('',(0.,-1.));
#11639 = ( GEOMETRIC_REPRESENTATION_CONTEXT(2) 
PARAMETRIC_REPRESENTATION_CONTEXT() REPRESENTATION_CONTEXT('2D SPACE',''
  ) );
#11640 = PCURVE('',#4992,#11641);
#11641 = DEFINITIONAL_REPRESENTATION('',(#11642),#11646);
#11642 = LINE('',#11643,#11644);
#11643 = CARTESIAN_POINT('',(1.,0.));
#11644 = VECTOR('',#11645,1.);
#11645 = DIRECTION('',(0.,-1.));
#11646 = ( GEOMETRIC_REPRESENTATION_CONTEXT(2) 
PARAMETRIC_REPRESENTATION_CONTEXT() REPRESENTATION_CONTEXT('2D SPACE',''
  ) );
#11647 = ORIENTED_EDGE('',*,*,#5006,.T.);
#11648 = ORIENTED_EDGE('',*,*,#11576,.F.);
#11649 = ORIENTED_EDGE('',*,*,#11650,.F.);
#11650 = EDGE_CURVE('',#11626,#11577,#11651,.T.);
#11651 = SURFACE_CURVE('',#11652,(#11656,#11663),.PCURVE_S1.);
#11652 = B_SPLINE_CURVE_WITH_KNOTS('',2,(#11653,#11654,#11655),
  .UNSPECIFIED.,.F.,.F.,(3,3),(0.,1.),.PIECEWISE_BEZIER_KNOTS.);
#11653 = CARTESIAN_POINT('',(-1.983276367188,-57.2309765625,1.2));
#11654 = CARTESIAN_POINT('',(-1.983276367188,-57.6284375,1.2));
#11655 = CARTESIAN_POINT('',(-2.17529296875,-57.88356445312,1.2));
#11656 = PCURVE('',#5022,#11657);
#11657 = DEFINITIONAL_REPRESENTATION('',(#11658),#11662);
#11658 = LINE('',#11659,#11660);
#11659 = CARTESIAN_POINT('',(0.,0.));
#11660 = VECTOR('',#11661,1.);
#11661 = DIRECTION('',(1.,0.));
#11662 = ( GEOMETRIC_REPRESENTATION_CONTEXT(2) 
PARAMETRIC_REPRESENTATION_CONTEXT() REPRESENTATION_CONTEXT('2D SPACE',''
  ) );
#11663 = PCURVE('',#11267,#11664);
#11664 = DEFINITIONAL_REPRESENTATION('',(#11665),#11669);
#11665 = B_SPLINE_CURVE_WITH_KNOTS('',2,(#11666,#11667,#11668),
  .UNSPECIFIED.,.F.,.F.,(3,3),(0.,1.),.PIECEWISE_BEZIER_KNOTS.);
#11666 = CARTESIAN_POINT('',(3.61474609375,2.903076171875));
#11667 = CARTESIAN_POINT('',(3.61474609375,2.505615234375));
#11668 = CARTESIAN_POINT('',(3.422729492188,2.25048828125));
#11669 = ( GEOMETRIC_REPRESENTATION_CONTEXT(2) 
PARAMETRIC_REPRESENTATION_CONTEXT() REPRESENTATION_CONTEXT('2D SPACE',''
  ) );
#11670 = ADVANCED_FACE('',(#11671),#4992,.F.);
#11671 = FACE_BOUND('',#11672,.F.);
#11672 = EDGE_LOOP('',(#11673,#11696,#11697,#11698));
#11673 = ORIENTED_EDGE('',*,*,#11674,.T.);
#11674 = EDGE_CURVE('',#11675,#4947,#11677,.T.);
#11675 = VERTEX_POINT('',#11676);
#11676 = CARTESIAN_POINT('',(-2.3525390625,-56.39040039062,1.2));
#11677 = SURFACE_CURVE('',#11678,(#11682,#11689),.PCURVE_S1.);
#11678 = LINE('',#11679,#11680);
#11679 = CARTESIAN_POINT('',(-2.3525390625,-56.39040039062,1.2));
#11680 = VECTOR('',#11681,1.);
#11681 = DIRECTION('',(0.,0.,1.));
#11682 = PCURVE('',#4992,#11683);
#11683 = DEFINITIONAL_REPRESENTATION('',(#11684),#11688);
#11684 = LINE('',#11685,#11686);
#11685 = CARTESIAN_POINT('',(0.,0.));
#11686 = VECTOR('',#11687,1.);
#11687 = DIRECTION('',(0.,-1.));
#11688 = ( GEOMETRIC_REPRESENTATION_CONTEXT(2) 
PARAMETRIC_REPRESENTATION_CONTEXT() REPRESENTATION_CONTEXT('2D SPACE',''
  ) );
#11689 = PCURVE('',#4962,#11690);
#11690 = DEFINITIONAL_REPRESENTATION('',(#11691),#11695);
#11691 = LINE('',#11692,#11693);
#11692 = CARTESIAN_POINT('',(1.,0.));
#11693 = VECTOR('',#11694,1.);
#11694 = DIRECTION('',(0.,-1.));
#11695 = ( GEOMETRIC_REPRESENTATION_CONTEXT(2) 
PARAMETRIC_REPRESENTATION_CONTEXT() REPRESENTATION_CONTEXT('2D SPACE',''
  ) );
#11696 = ORIENTED_EDGE('',*,*,#4976,.T.);
#11697 = ORIENTED_EDGE('',*,*,#11625,.F.);
#11698 = ORIENTED_EDGE('',*,*,#11699,.F.);
#11699 = EDGE_CURVE('',#11675,#11626,#11700,.T.);
#11700 = SURFACE_CURVE('',#11701,(#11705,#11712),.PCURVE_S1.);
#11701 = B_SPLINE_CURVE_WITH_KNOTS('',2,(#11702,#11703,#11704),
  .UNSPECIFIED.,.F.,.F.,(3,3),(0.,1.),.PIECEWISE_BEZIER_KNOTS.);
#11702 = CARTESIAN_POINT('',(-2.3525390625,-56.39040039062,1.2));
#11703 = CARTESIAN_POINT('',(-1.983276367188,-56.65626953125,1.2));
#11704 = CARTESIAN_POINT('',(-1.983276367188,-57.2309765625,1.2));
#11705 = PCURVE('',#4992,#11706);
#11706 = DEFINITIONAL_REPRESENTATION('',(#11707),#11711);
#11707 = LINE('',#11708,#11709);
#11708 = CARTESIAN_POINT('',(0.,0.));
#11709 = VECTOR('',#11710,1.);
#11710 = DIRECTION('',(1.,0.));
#11711 = ( GEOMETRIC_REPRESENTATION_CONTEXT(2) 
PARAMETRIC_REPRESENTATION_CONTEXT() REPRESENTATION_CONTEXT('2D SPACE',''
  ) );
#11712 = PCURVE('',#11267,#11713);
#11713 = DEFINITIONAL_REPRESENTATION('',(#11714),#11718);
#11714 = B_SPLINE_CURVE_WITH_KNOTS('',2,(#11715,#11716,#11717),
  .UNSPECIFIED.,.F.,.F.,(3,3),(0.,1.),.PIECEWISE_BEZIER_KNOTS.);
#11715 = CARTESIAN_POINT('',(3.245483398438,3.74365234375));
#11716 = CARTESIAN_POINT('',(3.61474609375,3.477783203125));
#11717 = CARTESIAN_POINT('',(3.61474609375,2.903076171875));
#11718 = ( GEOMETRIC_REPRESENTATION_CONTEXT(2) 
PARAMETRIC_REPRESENTATION_CONTEXT() REPRESENTATION_CONTEXT('2D SPACE',''
  ) );
#11719 = ADVANCED_FACE('',(#11720),#4962,.F.);
#11720 = FACE_BOUND('',#11721,.F.);
#11721 = EDGE_LOOP('',(#11722,#11745,#11746,#11747));
#11722 = ORIENTED_EDGE('',*,*,#11723,.T.);
#11723 = EDGE_CURVE('',#11724,#4919,#11726,.T.);
#11724 = VERTEX_POINT('',#11725);
#11725 = CARTESIAN_POINT('',(-3.514038085938,-56.12453125,1.2));
#11726 = SURFACE_CURVE('',#11727,(#11731,#11738),.PCURVE_S1.);
#11727 = LINE('',#11728,#11729);
#11728 = CARTESIAN_POINT('',(-3.514038085938,-56.12453125,1.2));
#11729 = VECTOR('',#11730,1.);
#11730 = DIRECTION('',(0.,0.,1.));
#11731 = PCURVE('',#4962,#11732);
#11732 = DEFINITIONAL_REPRESENTATION('',(#11733),#11737);
#11733 = LINE('',#11734,#11735);
#11734 = CARTESIAN_POINT('',(0.,0.));
#11735 = VECTOR('',#11736,1.);
#11736 = DIRECTION('',(0.,-1.));
#11737 = ( GEOMETRIC_REPRESENTATION_CONTEXT(2) 
PARAMETRIC_REPRESENTATION_CONTEXT() REPRESENTATION_CONTEXT('2D SPACE',''
  ) );
#11738 = PCURVE('',#4934,#11739);
#11739 = DEFINITIONAL_REPRESENTATION('',(#11740),#11744);
#11740 = LINE('',#11741,#11742);
#11741 = CARTESIAN_POINT('',(1.5791015625,0.));
#11742 = VECTOR('',#11743,1.);
#11743 = DIRECTION('',(0.,-1.));
#11744 = ( GEOMETRIC_REPRESENTATION_CONTEXT(2) 
PARAMETRIC_REPRESENTATION_CONTEXT() REPRESENTATION_CONTEXT('2D SPACE',''
  ) );
#11745 = ORIENTED_EDGE('',*,*,#4946,.T.);
#11746 = ORIENTED_EDGE('',*,*,#11674,.F.);
#11747 = ORIENTED_EDGE('',*,*,#11748,.F.);
#11748 = EDGE_CURVE('',#11724,#11675,#11749,.T.);
#11749 = SURFACE_CURVE('',#11750,(#11754,#11761),.PCURVE_S1.);
#11750 = B_SPLINE_CURVE_WITH_KNOTS('',2,(#11751,#11752,#11753),
  .UNSPECIFIED.,.F.,.F.,(3,3),(0.,1.),.PIECEWISE_BEZIER_KNOTS.);
#11751 = CARTESIAN_POINT('',(-3.514038085938,-56.12453125,1.2));
#11752 = CARTESIAN_POINT('',(-2.721801757812,-56.12453125,1.2));
#11753 = CARTESIAN_POINT('',(-2.3525390625,-56.39040039062,1.2));
#11754 = PCURVE('',#4962,#11755);
#11755 = DEFINITIONAL_REPRESENTATION('',(#11756),#11760);
#11756 = LINE('',#11757,#11758);
#11757 = CARTESIAN_POINT('',(0.,0.));
#11758 = VECTOR('',#11759,1.);
#11759 = DIRECTION('',(1.,0.));
#11760 = ( GEOMETRIC_REPRESENTATION_CONTEXT(2) 
PARAMETRIC_REPRESENTATION_CONTEXT() REPRESENTATION_CONTEXT('2D SPACE',''
  ) );
#11761 = PCURVE('',#11267,#11762);
#11762 = DEFINITIONAL_REPRESENTATION('',(#11763),#11767);
#11763 = B_SPLINE_CURVE_WITH_KNOTS('',2,(#11764,#11765,#11766),
  .UNSPECIFIED.,.F.,.F.,(3,3),(0.,1.),.PIECEWISE_BEZIER_KNOTS.);
#11764 = CARTESIAN_POINT('',(2.083984375,4.009521484375));
#11765 = CARTESIAN_POINT('',(2.876220703125,4.009521484375));
#11766 = CARTESIAN_POINT('',(3.245483398438,3.74365234375));
#11767 = ( GEOMETRIC_REPRESENTATION_CONTEXT(2) 
PARAMETRIC_REPRESENTATION_CONTEXT() REPRESENTATION_CONTEXT('2D SPACE',''
  ) );
#11768 = ADVANCED_FACE('',(#11769),#4934,.F.);
#11769 = FACE_BOUND('',#11770,.F.);
#11770 = EDGE_LOOP('',(#11771,#11794,#11795,#11796));
#11771 = ORIENTED_EDGE('',*,*,#11772,.T.);
#11772 = EDGE_CURVE('',#11773,#4891,#11775,.T.);
#11773 = VERTEX_POINT('',#11774);
#11774 = CARTESIAN_POINT('',(-5.093139648438,-56.12453125,1.2));
#11775 = SURFACE_CURVE('',#11776,(#11780,#11787),.PCURVE_S1.);
#11776 = LINE('',#11777,#11778);
#11777 = CARTESIAN_POINT('',(-5.093139648438,-56.12453125,1.2));
#11778 = VECTOR('',#11779,1.);
#11779 = DIRECTION('',(0.,0.,1.));
#11780 = PCURVE('',#4934,#11781);
#11781 = DEFINITIONAL_REPRESENTATION('',(#11782),#11786);
#11782 = LINE('',#11783,#11784);
#11783 = CARTESIAN_POINT('',(0.,0.));
#11784 = VECTOR('',#11785,1.);
#11785 = DIRECTION('',(0.,-1.));
#11786 = ( GEOMETRIC_REPRESENTATION_CONTEXT(2) 
PARAMETRIC_REPRESENTATION_CONTEXT() REPRESENTATION_CONTEXT('2D SPACE',''
  ) );
#11787 = PCURVE('',#4906,#11788);
#11788 = DEFINITIONAL_REPRESENTATION('',(#11789),#11793);
#11789 = LINE('',#11790,#11791);
#11790 = CARTESIAN_POINT('',(4.009521484375,0.));
#11791 = VECTOR('',#11792,1.);
#11792 = DIRECTION('',(0.,-1.));
#11793 = ( GEOMETRIC_REPRESENTATION_CONTEXT(2) 
PARAMETRIC_REPRESENTATION_CONTEXT() REPRESENTATION_CONTEXT('2D SPACE',''
  ) );
#11794 = ORIENTED_EDGE('',*,*,#4918,.T.);
#11795 = ORIENTED_EDGE('',*,*,#11723,.F.);
#11796 = ORIENTED_EDGE('',*,*,#11797,.F.);
#11797 = EDGE_CURVE('',#11773,#11724,#11798,.T.);
#11798 = SURFACE_CURVE('',#11799,(#11803,#11810),.PCURVE_S1.);
#11799 = LINE('',#11800,#11801);
#11800 = CARTESIAN_POINT('',(-5.093139648438,-56.12453125,1.2));
#11801 = VECTOR('',#11802,1.);
#11802 = DIRECTION('',(1.,0.,0.));
#11803 = PCURVE('',#4934,#11804);
#11804 = DEFINITIONAL_REPRESENTATION('',(#11805),#11809);
#11805 = LINE('',#11806,#11807);
#11806 = CARTESIAN_POINT('',(0.,0.));
#11807 = VECTOR('',#11808,1.);
#11808 = DIRECTION('',(1.,0.));
#11809 = ( GEOMETRIC_REPRESENTATION_CONTEXT(2) 
PARAMETRIC_REPRESENTATION_CONTEXT() REPRESENTATION_CONTEXT('2D SPACE',''
  ) );
#11810 = PCURVE('',#11267,#11811);
#11811 = DEFINITIONAL_REPRESENTATION('',(#11812),#11816);
#11812 = LINE('',#11813,#11814);
#11813 = CARTESIAN_POINT('',(0.5048828125,4.009521484375));
#11814 = VECTOR('',#11815,1.);
#11815 = DIRECTION('',(1.,0.));
#11816 = ( GEOMETRIC_REPRESENTATION_CONTEXT(2) 
PARAMETRIC_REPRESENTATION_CONTEXT() REPRESENTATION_CONTEXT('2D SPACE',''
  ) );
#11817 = ADVANCED_FACE('',(#11818),#4906,.F.);
#11818 = FACE_BOUND('',#11819,.F.);
#11819 = EDGE_LOOP('',(#11820,#11843,#11844,#11845));
#11820 = ORIENTED_EDGE('',*,*,#11821,.T.);
#11821 = EDGE_CURVE('',#11822,#4863,#11824,.T.);
#11822 = VERTEX_POINT('',#11823);
#11823 = CARTESIAN_POINT('',(-5.093139648438,-60.13405273437,1.2));
#11824 = SURFACE_CURVE('',#11825,(#11829,#11836),.PCURVE_S1.);
#11825 = LINE('',#11826,#11827);
#11826 = CARTESIAN_POINT('',(-5.093139648438,-60.13405273437,1.2));
#11827 = VECTOR('',#11828,1.);
#11828 = DIRECTION('',(0.,0.,1.));
#11829 = PCURVE('',#4906,#11830);
#11830 = DEFINITIONAL_REPRESENTATION('',(#11831),#11835);
#11831 = LINE('',#11832,#11833);
#11832 = CARTESIAN_POINT('',(0.,0.));
#11833 = VECTOR('',#11834,1.);
#11834 = DIRECTION('',(0.,-1.));
#11835 = ( GEOMETRIC_REPRESENTATION_CONTEXT(2) 
PARAMETRIC_REPRESENTATION_CONTEXT() REPRESENTATION_CONTEXT('2D SPACE',''
  ) );
#11836 = PCURVE('',#4878,#11837);
#11837 = DEFINITIONAL_REPRESENTATION('',(#11838),#11842);
#11838 = LINE('',#11839,#11840);
#11839 = CARTESIAN_POINT('',(1.033935546875,0.));
#11840 = VECTOR('',#11841,1.);
#11841 = DIRECTION('',(0.,-1.));
#11842 = ( GEOMETRIC_REPRESENTATION_CONTEXT(2) 
PARAMETRIC_REPRESENTATION_CONTEXT() REPRESENTATION_CONTEXT('2D SPACE',''
  ) );
#11843 = ORIENTED_EDGE('',*,*,#4890,.T.);
#11844 = ORIENTED_EDGE('',*,*,#11772,.F.);
#11845 = ORIENTED_EDGE('',*,*,#11846,.F.);
#11846 = EDGE_CURVE('',#11822,#11773,#11847,.T.);
#11847 = SURFACE_CURVE('',#11848,(#11852,#11859),.PCURVE_S1.);
#11848 = LINE('',#11849,#11850);
#11849 = CARTESIAN_POINT('',(-5.093139648438,-60.13405273437,1.2));
#11850 = VECTOR('',#11851,1.);
#11851 = DIRECTION('',(0.,1.,0.));
#11852 = PCURVE('',#4906,#11853);
#11853 = DEFINITIONAL_REPRESENTATION('',(#11854),#11858);
#11854 = LINE('',#11855,#11856);
#11855 = CARTESIAN_POINT('',(0.,0.));
#11856 = VECTOR('',#11857,1.);
#11857 = DIRECTION('',(1.,0.));
#11858 = ( GEOMETRIC_REPRESENTATION_CONTEXT(2) 
PARAMETRIC_REPRESENTATION_CONTEXT() REPRESENTATION_CONTEXT('2D SPACE',''
  ) );
#11859 = PCURVE('',#11267,#11860);
#11860 = DEFINITIONAL_REPRESENTATION('',(#11861),#11865);
#11861 = LINE('',#11862,#11863);
#11862 = CARTESIAN_POINT('',(0.5048828125,0.));
#11863 = VECTOR('',#11864,1.);
#11864 = DIRECTION('',(0.,1.));
#11865 = ( GEOMETRIC_REPRESENTATION_CONTEXT(2) 
PARAMETRIC_REPRESENTATION_CONTEXT() REPRESENTATION_CONTEXT('2D SPACE',''
  ) );
#11866 = ADVANCED_FACE('',(#11867),#4878,.F.);
#11867 = FACE_BOUND('',#11868,.F.);
#11868 = EDGE_LOOP('',(#11869,#11892,#11893,#11894));
#11869 = ORIENTED_EDGE('',*,*,#11870,.T.);
#11870 = EDGE_CURVE('',#11871,#4835,#11873,.T.);
#11871 = VERTEX_POINT('',#11872);
#11872 = CARTESIAN_POINT('',(-4.059204101562,-60.13405273437,1.2));
#11873 = SURFACE_CURVE('',#11874,(#11878,#11885),.PCURVE_S1.);
#11874 = LINE('',#11875,#11876);
#11875 = CARTESIAN_POINT('',(-4.059204101562,-60.13405273437,1.2));
#11876 = VECTOR('',#11877,1.);
#11877 = DIRECTION('',(0.,0.,1.));
#11878 = PCURVE('',#4878,#11879);
#11879 = DEFINITIONAL_REPRESENTATION('',(#11880),#11884);
#11880 = LINE('',#11881,#11882);
#11881 = CARTESIAN_POINT('',(0.,-0.));
#11882 = VECTOR('',#11883,1.);
#11883 = DIRECTION('',(0.,-1.));
#11884 = ( GEOMETRIC_REPRESENTATION_CONTEXT(2) 
PARAMETRIC_REPRESENTATION_CONTEXT() REPRESENTATION_CONTEXT('2D SPACE',''
  ) );
#11885 = PCURVE('',#4850,#11886);
#11886 = DEFINITIONAL_REPRESENTATION('',(#11887),#11891);
#11887 = LINE('',#11888,#11889);
#11888 = CARTESIAN_POINT('',(1.517333984375,0.));
#11889 = VECTOR('',#11890,1.);
#11890 = DIRECTION('',(0.,-1.));
#11891 = ( GEOMETRIC_REPRESENTATION_CONTEXT(2) 
PARAMETRIC_REPRESENTATION_CONTEXT() REPRESENTATION_CONTEXT('2D SPACE',''
  ) );
#11892 = ORIENTED_EDGE('',*,*,#4862,.T.);
#11893 = ORIENTED_EDGE('',*,*,#11821,.F.);
#11894 = ORIENTED_EDGE('',*,*,#11895,.F.);
#11895 = EDGE_CURVE('',#11871,#11822,#11896,.T.);
#11896 = SURFACE_CURVE('',#11897,(#11901,#11908),.PCURVE_S1.);
#11897 = LINE('',#11898,#11899);
#11898 = CARTESIAN_POINT('',(-4.059204101562,-60.13405273437,1.2));
#11899 = VECTOR('',#11900,1.);
#11900 = DIRECTION('',(-1.,0.,0.));
#11901 = PCURVE('',#4878,#11902);
#11902 = DEFINITIONAL_REPRESENTATION('',(#11903),#11907);
#11903 = LINE('',#11904,#11905);
#11904 = CARTESIAN_POINT('',(0.,-0.));
#11905 = VECTOR('',#11906,1.);
#11906 = DIRECTION('',(1.,0.));
#11907 = ( GEOMETRIC_REPRESENTATION_CONTEXT(2) 
PARAMETRIC_REPRESENTATION_CONTEXT() REPRESENTATION_CONTEXT('2D SPACE',''
  ) );
#11908 = PCURVE('',#11267,#11909);
#11909 = DEFINITIONAL_REPRESENTATION('',(#11910),#11914);
#11910 = LINE('',#11911,#11912);
#11911 = CARTESIAN_POINT('',(1.538818359375,0.));
#11912 = VECTOR('',#11913,1.);
#11913 = DIRECTION('',(-1.,0.));
#11914 = ( GEOMETRIC_REPRESENTATION_CONTEXT(2) 
PARAMETRIC_REPRESENTATION_CONTEXT() REPRESENTATION_CONTEXT('2D SPACE',''
  ) );
#11915 = ADVANCED_FACE('',(#11916),#4850,.F.);
#11916 = FACE_BOUND('',#11917,.F.);
#11917 = EDGE_LOOP('',(#11918,#11941,#11942,#11943));
#11918 = ORIENTED_EDGE('',*,*,#11919,.T.);
#11919 = EDGE_CURVE('',#11920,#4807,#11922,.T.);
#11920 = VERTEX_POINT('',#11921);
#11921 = CARTESIAN_POINT('',(-4.059204101562,-58.61671875,1.2));
#11922 = SURFACE_CURVE('',#11923,(#11927,#11934),.PCURVE_S1.);
#11923 = LINE('',#11924,#11925);
#11924 = CARTESIAN_POINT('',(-4.059204101562,-58.61671875,1.2));
#11925 = VECTOR('',#11926,1.);
#11926 = DIRECTION('',(0.,0.,1.));
#11927 = PCURVE('',#4850,#11928);
#11928 = DEFINITIONAL_REPRESENTATION('',(#11929),#11933);
#11929 = LINE('',#11930,#11931);
#11930 = CARTESIAN_POINT('',(0.,0.));
#11931 = VECTOR('',#11932,1.);
#11932 = DIRECTION('',(0.,-1.));
#11933 = ( GEOMETRIC_REPRESENTATION_CONTEXT(2) 
PARAMETRIC_REPRESENTATION_CONTEXT() REPRESENTATION_CONTEXT('2D SPACE',''
  ) );
#11934 = PCURVE('',#4822,#11935);
#11935 = DEFINITIONAL_REPRESENTATION('',(#11936),#11940);
#11936 = LINE('',#11937,#11938);
#11937 = CARTESIAN_POINT('',(0.292724609375,0.));
#11938 = VECTOR('',#11939,1.);
#11939 = DIRECTION('',(0.,-1.));
#11940 = ( GEOMETRIC_REPRESENTATION_CONTEXT(2) 
PARAMETRIC_REPRESENTATION_CONTEXT() REPRESENTATION_CONTEXT('2D SPACE',''
  ) );
#11941 = ORIENTED_EDGE('',*,*,#4834,.T.);
#11942 = ORIENTED_EDGE('',*,*,#11870,.F.);
#11943 = ORIENTED_EDGE('',*,*,#11944,.F.);
#11944 = EDGE_CURVE('',#11920,#11871,#11945,.T.);
#11945 = SURFACE_CURVE('',#11946,(#11950,#11957),.PCURVE_S1.);
#11946 = LINE('',#11947,#11948);
#11947 = CARTESIAN_POINT('',(-4.059204101562,-58.61671875,1.2));
#11948 = VECTOR('',#11949,1.);
#11949 = DIRECTION('',(0.,-1.,0.));
#11950 = PCURVE('',#4850,#11951);
#11951 = DEFINITIONAL_REPRESENTATION('',(#11952),#11956);
#11952 = LINE('',#11953,#11954);
#11953 = CARTESIAN_POINT('',(0.,0.));
#11954 = VECTOR('',#11955,1.);
#11955 = DIRECTION('',(1.,0.));
#11956 = ( GEOMETRIC_REPRESENTATION_CONTEXT(2) 
PARAMETRIC_REPRESENTATION_CONTEXT() REPRESENTATION_CONTEXT('2D SPACE',''
  ) );
#11957 = PCURVE('',#11267,#11958);
#11958 = DEFINITIONAL_REPRESENTATION('',(#11959),#11963);
#11959 = LINE('',#11960,#11961);
#11960 = CARTESIAN_POINT('',(1.538818359375,1.517333984375));
#11961 = VECTOR('',#11962,1.);
#11962 = DIRECTION('',(0.,-1.));
#11963 = ( GEOMETRIC_REPRESENTATION_CONTEXT(2) 
PARAMETRIC_REPRESENTATION_CONTEXT() REPRESENTATION_CONTEXT('2D SPACE',''
  ) );
#11964 = ADVANCED_FACE('',(#11965),#4822,.F.);
#11965 = FACE_BOUND('',#11966,.F.);
#11966 = EDGE_LOOP('',(#11967,#11968,#11969,#11970));
#11967 = ORIENTED_EDGE('',*,*,#11230,.T.);
#11968 = ORIENTED_EDGE('',*,*,#4806,.T.);
#11969 = ORIENTED_EDGE('',*,*,#11919,.F.);
#11970 = ORIENTED_EDGE('',*,*,#11971,.F.);
#11971 = EDGE_CURVE('',#11231,#11920,#11972,.T.);
#11972 = SURFACE_CURVE('',#11973,(#11977,#11984),.PCURVE_S1.);
#11973 = LINE('',#11974,#11975);
#11974 = CARTESIAN_POINT('',(-3.766479492188,-58.61671875,1.2));
#11975 = VECTOR('',#11976,1.);
#11976 = DIRECTION('',(-1.,0.,0.));
#11977 = PCURVE('',#4822,#11978);
#11978 = DEFINITIONAL_REPRESENTATION('',(#11979),#11983);
#11979 = LINE('',#11980,#11981);
#11980 = CARTESIAN_POINT('',(0.,-0.));
#11981 = VECTOR('',#11982,1.);
#11982 = DIRECTION('',(1.,0.));
#11983 = ( GEOMETRIC_REPRESENTATION_CONTEXT(2) 
PARAMETRIC_REPRESENTATION_CONTEXT() REPRESENTATION_CONTEXT('2D SPACE',''
  ) );
#11984 = PCURVE('',#11267,#11985);
#11985 = DEFINITIONAL_REPRESENTATION('',(#11986),#11990);
#11986 = LINE('',#11987,#11988);
#11987 = CARTESIAN_POINT('',(1.83154296875,1.517333984375));
#11988 = VECTOR('',#11989,1.);
#11989 = DIRECTION('',(-1.,0.));
#11990 = ( GEOMETRIC_REPRESENTATION_CONTEXT(2) 
PARAMETRIC_REPRESENTATION_CONTEXT() REPRESENTATION_CONTEXT('2D SPACE',''
  ) );
#11991 = ADVANCED_FACE('',(#11992),#5258,.F.);
#11992 = FACE_BOUND('',#11993,.F.);
#11993 = EDGE_LOOP('',(#11994,#12017,#12018,#12041));
#11994 = ORIENTED_EDGE('',*,*,#11995,.T.);
#11995 = EDGE_CURVE('',#11996,#5241,#11998,.T.);
#11996 = VERTEX_POINT('',#11997);
#11997 = CARTESIAN_POINT('',(-0.539794921875,-56.60524414062,1.2));
#11998 = SURFACE_CURVE('',#11999,(#12003,#12010),.PCURVE_S1.);
#11999 = LINE('',#12000,#12001);
#12000 = CARTESIAN_POINT('',(-0.539794921875,-56.60524414062,1.2));
#12001 = VECTOR('',#12002,1.);
#12002 = DIRECTION('',(0.,0.,1.));
#12003 = PCURVE('',#5258,#12004);
#12004 = DEFINITIONAL_REPRESENTATION('',(#12005),#12009);
#12005 = LINE('',#12006,#12007);
#12006 = CARTESIAN_POINT('',(0.,0.));
#12007 = VECTOR('',#12008,1.);
#12008 = DIRECTION('',(0.,-1.));
#12009 = ( GEOMETRIC_REPRESENTATION_CONTEXT(2) 
PARAMETRIC_REPRESENTATION_CONTEXT() REPRESENTATION_CONTEXT('2D SPACE',''
  ) );
#12010 = PCURVE('',#5466,#12011);
#12011 = DEFINITIONAL_REPRESENTATION('',(#12012),#12016);
#12012 = LINE('',#12013,#12014);
#12013 = CARTESIAN_POINT('',(1.,0.));
#12014 = VECTOR('',#12015,1.);
#12015 = DIRECTION('',(0.,-1.));
#12016 = ( GEOMETRIC_REPRESENTATION_CONTEXT(2) 
PARAMETRIC_REPRESENTATION_CONTEXT() REPRESENTATION_CONTEXT('2D SPACE',''
  ) );
#12017 = ORIENTED_EDGE('',*,*,#5240,.T.);
#12018 = ORIENTED_EDGE('',*,*,#12019,.F.);
#12019 = EDGE_CURVE('',#12020,#5243,#12022,.T.);
#12020 = VERTEX_POINT('',#12021);
#12021 = CARTESIAN_POINT('',(0.973510742188,-56.05202148437,1.2));
#12022 = SURFACE_CURVE('',#12023,(#12027,#12034),.PCURVE_S1.);
#12023 = LINE('',#12024,#12025);
#12024 = CARTESIAN_POINT('',(0.973510742188,-56.05202148437,1.2));
#12025 = VECTOR('',#12026,1.);
#12026 = DIRECTION('',(0.,0.,1.));
#12027 = PCURVE('',#5258,#12028);
#12028 = DEFINITIONAL_REPRESENTATION('',(#12029),#12033);
#12029 = LINE('',#12030,#12031);
#12030 = CARTESIAN_POINT('',(1.,0.));
#12031 = VECTOR('',#12032,1.);
#12032 = DIRECTION('',(0.,-1.));
#12033 = ( GEOMETRIC_REPRESENTATION_CONTEXT(2) 
PARAMETRIC_REPRESENTATION_CONTEXT() REPRESENTATION_CONTEXT('2D SPACE',''
  ) );
#12034 = PCURVE('',#5288,#12035);
#12035 = DEFINITIONAL_REPRESENTATION('',(#12036),#12040);
#12036 = LINE('',#12037,#12038);
#12037 = CARTESIAN_POINT('',(0.,0.));
#12038 = VECTOR('',#12039,1.);
#12039 = DIRECTION('',(0.,-1.));
#12040 = ( GEOMETRIC_REPRESENTATION_CONTEXT(2) 
PARAMETRIC_REPRESENTATION_CONTEXT() REPRESENTATION_CONTEXT('2D SPACE',''
  ) );
#12041 = ORIENTED_EDGE('',*,*,#12042,.F.);
#12042 = EDGE_CURVE('',#11996,#12020,#12043,.T.);
#12043 = SURFACE_CURVE('',#12044,(#12048,#12055),.PCURVE_S1.);
#12044 = B_SPLINE_CURVE_WITH_KNOTS('',2,(#12045,#12046,#12047),
  .UNSPECIFIED.,.F.,.F.,(3,3),(0.,1.),.PIECEWISE_BEZIER_KNOTS.);
#12045 = CARTESIAN_POINT('',(-0.539794921875,-56.60524414062,1.2));
#12046 = CARTESIAN_POINT('',(9.3994140625E-03,-56.05202148437,1.2));
#12047 = CARTESIAN_POINT('',(0.973510742188,-56.05202148437,1.2));
#12048 = PCURVE('',#5258,#12049);
#12049 = DEFINITIONAL_REPRESENTATION('',(#12050),#12054);
#12050 = LINE('',#12051,#12052);
#12051 = CARTESIAN_POINT('',(0.,0.));
#12052 = VECTOR('',#12053,1.);
#12053 = DIRECTION('',(1.,0.));
#12054 = ( GEOMETRIC_REPRESENTATION_CONTEXT(2) 
PARAMETRIC_REPRESENTATION_CONTEXT() REPRESENTATION_CONTEXT('2D SPACE',''
  ) );
#12055 = PCURVE('',#12056,#12061);
#12056 = PLANE('',#12057);
#12057 = AXIS2_PLACEMENT_3D('',#12058,#12059,#12060);
#12058 = CARTESIAN_POINT('',(-1.362915039062,-60.13405273437,1.2));
#12059 = DIRECTION('',(0.,0.,1.));
#12060 = DIRECTION('',(1.,0.,0.));
#12061 = DEFINITIONAL_REPRESENTATION('',(#12062),#12066);
#12062 = B_SPLINE_CURVE_WITH_KNOTS('',2,(#12063,#12064,#12065),
  .UNSPECIFIED.,.F.,.F.,(3,3),(0.,1.),.PIECEWISE_BEZIER_KNOTS.);
#12063 = CARTESIAN_POINT('',(0.823120117188,3.52880859375));
#12064 = CARTESIAN_POINT('',(1.372314453125,4.08203125));
#12065 = CARTESIAN_POINT('',(2.33642578125,4.08203125));
#12066 = ( GEOMETRIC_REPRESENTATION_CONTEXT(2) 
PARAMETRIC_REPRESENTATION_CONTEXT() REPRESENTATION_CONTEXT('2D SPACE',''
  ) );
#12067 = ADVANCED_FACE('',(#12068),#5466,.F.);
#12068 = FACE_BOUND('',#12069,.F.);
#12069 = EDGE_LOOP('',(#12070,#12093,#12094,#12095));
#12070 = ORIENTED_EDGE('',*,*,#12071,.T.);
#12071 = EDGE_CURVE('',#12072,#5423,#12074,.T.);
#12072 = VERTEX_POINT('',#12073);
#12073 = CARTESIAN_POINT('',(-1.088989257812,-58.1333203125,1.2));
#12074 = SURFACE_CURVE('',#12075,(#12079,#12086),.PCURVE_S1.);
#12075 = LINE('',#12076,#12077);
#12076 = CARTESIAN_POINT('',(-1.088989257812,-58.1333203125,1.2));
#12077 = VECTOR('',#12078,1.);
#12078 = DIRECTION('',(0.,0.,1.));
#12079 = PCURVE('',#5466,#12080);
#12080 = DEFINITIONAL_REPRESENTATION('',(#12081),#12085);
#12081 = LINE('',#12082,#12083);
#12082 = CARTESIAN_POINT('',(0.,0.));
#12083 = VECTOR('',#12084,1.);
#12084 = DIRECTION('',(0.,-1.));
#12085 = ( GEOMETRIC_REPRESENTATION_CONTEXT(2) 
PARAMETRIC_REPRESENTATION_CONTEXT() REPRESENTATION_CONTEXT('2D SPACE',''
  ) );
#12086 = PCURVE('',#5438,#12087);
#12087 = DEFINITIONAL_REPRESENTATION('',(#12088),#12092);
#12088 = LINE('',#12089,#12090);
#12089 = CARTESIAN_POINT('',(1.,0.));
#12090 = VECTOR('',#12091,1.);
#12091 = DIRECTION('',(0.,-1.));
#12092 = ( GEOMETRIC_REPRESENTATION_CONTEXT(2) 
PARAMETRIC_REPRESENTATION_CONTEXT() REPRESENTATION_CONTEXT('2D SPACE',''
  ) );
#12093 = ORIENTED_EDGE('',*,*,#5452,.T.);
#12094 = ORIENTED_EDGE('',*,*,#11995,.F.);
#12095 = ORIENTED_EDGE('',*,*,#12096,.F.);
#12096 = EDGE_CURVE('',#12072,#11996,#12097,.T.);
#12097 = SURFACE_CURVE('',#12098,(#12102,#12109),.PCURVE_S1.);
#12098 = B_SPLINE_CURVE_WITH_KNOTS('',2,(#12099,#12100,#12101),
  .UNSPECIFIED.,.F.,.F.,(3,3),(0.,1.),.PIECEWISE_BEZIER_KNOTS.);
#12099 = CARTESIAN_POINT('',(-1.088989257812,-58.1333203125,1.2));
#12100 = CARTESIAN_POINT('',(-1.088989257812,-57.15846679687,1.2));
#12101 = CARTESIAN_POINT('',(-0.539794921875,-56.60524414062,1.2));
#12102 = PCURVE('',#5466,#12103);
#12103 = DEFINITIONAL_REPRESENTATION('',(#12104),#12108);
#12104 = LINE('',#12105,#12106);
#12105 = CARTESIAN_POINT('',(0.,0.));
#12106 = VECTOR('',#12107,1.);
#12107 = DIRECTION('',(1.,0.));
#12108 = ( GEOMETRIC_REPRESENTATION_CONTEXT(2) 
PARAMETRIC_REPRESENTATION_CONTEXT() REPRESENTATION_CONTEXT('2D SPACE',''
  ) );
#12109 = PCURVE('',#12056,#12110);
#12110 = DEFINITIONAL_REPRESENTATION('',(#12111),#12115);
#12111 = B_SPLINE_CURVE_WITH_KNOTS('',2,(#12112,#12113,#12114),
  .UNSPECIFIED.,.F.,.F.,(3,3),(0.,1.),.PIECEWISE_BEZIER_KNOTS.);
#12112 = CARTESIAN_POINT('',(0.27392578125,2.000732421875));
#12113 = CARTESIAN_POINT('',(0.27392578125,2.9755859375));
#12114 = CARTESIAN_POINT('',(0.823120117188,3.52880859375));
#12115 = ( GEOMETRIC_REPRESENTATION_CONTEXT(2) 
PARAMETRIC_REPRESENTATION_CONTEXT() REPRESENTATION_CONTEXT('2D SPACE',''
  ) );
#12116 = ADVANCED_FACE('',(#12117),#5438,.F.);
#12117 = FACE_BOUND('',#12118,.F.);
#12118 = EDGE_LOOP('',(#12119,#12142,#12143,#12144));
#12119 = ORIENTED_EDGE('',*,*,#12120,.T.);
#12120 = EDGE_CURVE('',#12121,#5393,#12123,.T.);
#12121 = VERTEX_POINT('',#12122);
#12122 = CARTESIAN_POINT('',(-0.539794921875,-59.6587109375,1.2));
#12123 = SURFACE_CURVE('',#12124,(#12128,#12135),.PCURVE_S1.);
#12124 = LINE('',#12125,#12126);
#12125 = CARTESIAN_POINT('',(-0.539794921875,-59.6587109375,1.2));
#12126 = VECTOR('',#12127,1.);
#12127 = DIRECTION('',(0.,0.,1.));
#12128 = PCURVE('',#5438,#12129);
#12129 = DEFINITIONAL_REPRESENTATION('',(#12130),#12134);
#12130 = LINE('',#12131,#12132);
#12131 = CARTESIAN_POINT('',(0.,0.));
#12132 = VECTOR('',#12133,1.);
#12133 = DIRECTION('',(0.,-1.));
#12134 = ( GEOMETRIC_REPRESENTATION_CONTEXT(2) 
PARAMETRIC_REPRESENTATION_CONTEXT() REPRESENTATION_CONTEXT('2D SPACE',''
  ) );
#12135 = PCURVE('',#5408,#12136);
#12136 = DEFINITIONAL_REPRESENTATION('',(#12137),#12141);
#12137 = LINE('',#12138,#12139);
#12138 = CARTESIAN_POINT('',(1.,0.));
#12139 = VECTOR('',#12140,1.);
#12140 = DIRECTION('',(0.,-1.));
#12141 = ( GEOMETRIC_REPRESENTATION_CONTEXT(2) 
PARAMETRIC_REPRESENTATION_CONTEXT() REPRESENTATION_CONTEXT('2D SPACE',''
  ) );
#12142 = ORIENTED_EDGE('',*,*,#5422,.T.);
#12143 = ORIENTED_EDGE('',*,*,#12071,.F.);
#12144 = ORIENTED_EDGE('',*,*,#12145,.F.);
#12145 = EDGE_CURVE('',#12121,#12072,#12146,.T.);
#12146 = SURFACE_CURVE('',#12147,(#12151,#12158),.PCURVE_S1.);
#12147 = B_SPLINE_CURVE_WITH_KNOTS('',2,(#12148,#12149,#12150),
  .UNSPECIFIED.,.F.,.F.,(3,3),(0.,1.),.PIECEWISE_BEZIER_KNOTS.);
#12148 = CARTESIAN_POINT('',(-0.539794921875,-59.6587109375,1.2));
#12149 = CARTESIAN_POINT('',(-1.088989257812,-59.10548828125,1.2));
#12150 = CARTESIAN_POINT('',(-1.088989257812,-58.1333203125,1.2));
#12151 = PCURVE('',#5438,#12152);
#12152 = DEFINITIONAL_REPRESENTATION('',(#12153),#12157);
#12153 = LINE('',#12154,#12155);
#12154 = CARTESIAN_POINT('',(0.,0.));
#12155 = VECTOR('',#12156,1.);
#12156 = DIRECTION('',(1.,0.));
#12157 = ( GEOMETRIC_REPRESENTATION_CONTEXT(2) 
PARAMETRIC_REPRESENTATION_CONTEXT() REPRESENTATION_CONTEXT('2D SPACE',''
  ) );
#12158 = PCURVE('',#12056,#12159);
#12159 = DEFINITIONAL_REPRESENTATION('',(#12160),#12164);
#12160 = B_SPLINE_CURVE_WITH_KNOTS('',2,(#12161,#12162,#12163),
  .UNSPECIFIED.,.F.,.F.,(3,3),(0.,1.),.PIECEWISE_BEZIER_KNOTS.);
#12161 = CARTESIAN_POINT('',(0.823120117188,0.475341796875));
#12162 = CARTESIAN_POINT('',(0.27392578125,1.028564453125));
#12163 = CARTESIAN_POINT('',(0.27392578125,2.000732421875));
#12164 = ( GEOMETRIC_REPRESENTATION_CONTEXT(2) 
PARAMETRIC_REPRESENTATION_CONTEXT() REPRESENTATION_CONTEXT('2D SPACE',''
  ) );
#12165 = ADVANCED_FACE('',(#12166),#5408,.F.);
#12166 = FACE_BOUND('',#12167,.F.);
#12167 = EDGE_LOOP('',(#12168,#12191,#12192,#12193));
#12168 = ORIENTED_EDGE('',*,*,#12169,.T.);
#12169 = EDGE_CURVE('',#12170,#5363,#12172,.T.);
#12170 = VERTEX_POINT('',#12171);
#12171 = CARTESIAN_POINT('',(0.973510742188,-60.21193359375,1.2));
#12172 = SURFACE_CURVE('',#12173,(#12177,#12184),.PCURVE_S1.);
#12173 = LINE('',#12174,#12175);
#12174 = CARTESIAN_POINT('',(0.973510742188,-60.21193359375,1.2));
#12175 = VECTOR('',#12176,1.);
#12176 = DIRECTION('',(0.,0.,1.));
#12177 = PCURVE('',#5408,#12178);
#12178 = DEFINITIONAL_REPRESENTATION('',(#12179),#12183);
#12179 = LINE('',#12180,#12181);
#12180 = CARTESIAN_POINT('',(0.,0.));
#12181 = VECTOR('',#12182,1.);
#12182 = DIRECTION('',(0.,-1.));
#12183 = ( GEOMETRIC_REPRESENTATION_CONTEXT(2) 
PARAMETRIC_REPRESENTATION_CONTEXT() REPRESENTATION_CONTEXT('2D SPACE',''
  ) );
#12184 = PCURVE('',#5378,#12185);
#12185 = DEFINITIONAL_REPRESENTATION('',(#12186),#12190);
#12186 = LINE('',#12187,#12188);
#12187 = CARTESIAN_POINT('',(1.,0.));
#12188 = VECTOR('',#12189,1.);
#12189 = DIRECTION('',(0.,-1.));
#12190 = ( GEOMETRIC_REPRESENTATION_CONTEXT(2) 
PARAMETRIC_REPRESENTATION_CONTEXT() REPRESENTATION_CONTEXT('2D SPACE',''
  ) );
#12191 = ORIENTED_EDGE('',*,*,#5392,.T.);
#12192 = ORIENTED_EDGE('',*,*,#12120,.F.);
#12193 = ORIENTED_EDGE('',*,*,#12194,.F.);
#12194 = EDGE_CURVE('',#12170,#12121,#12195,.T.);
#12195 = SURFACE_CURVE('',#12196,(#12200,#12207),.PCURVE_S1.);
#12196 = B_SPLINE_CURVE_WITH_KNOTS('',2,(#12197,#12198,#12199),
  .UNSPECIFIED.,.F.,.F.,(3,3),(0.,1.),.PIECEWISE_BEZIER_KNOTS.);
#12197 = CARTESIAN_POINT('',(0.973510742188,-60.21193359375,1.2));
#12198 = CARTESIAN_POINT('',(9.3994140625E-03,-60.21193359375,1.2));
#12199 = CARTESIAN_POINT('',(-0.539794921875,-59.6587109375,1.2));
#12200 = PCURVE('',#5408,#12201);
#12201 = DEFINITIONAL_REPRESENTATION('',(#12202),#12206);
#12202 = LINE('',#12203,#12204);
#12203 = CARTESIAN_POINT('',(0.,0.));
#12204 = VECTOR('',#12205,1.);
#12205 = DIRECTION('',(1.,0.));
#12206 = ( GEOMETRIC_REPRESENTATION_CONTEXT(2) 
PARAMETRIC_REPRESENTATION_CONTEXT() REPRESENTATION_CONTEXT('2D SPACE',''
  ) );
#12207 = PCURVE('',#12056,#12208);
#12208 = DEFINITIONAL_REPRESENTATION('',(#12209),#12213);
#12209 = B_SPLINE_CURVE_WITH_KNOTS('',2,(#12210,#12211,#12212),
  .UNSPECIFIED.,.F.,.F.,(3,3),(0.,1.),.PIECEWISE_BEZIER_KNOTS.);
#12210 = CARTESIAN_POINT('',(2.33642578125,-7.7880859375E-02));
#12211 = CARTESIAN_POINT('',(1.372314453125,-7.7880859375E-02));
#12212 = CARTESIAN_POINT('',(0.823120117188,0.475341796875));
#12213 = ( GEOMETRIC_REPRESENTATION_CONTEXT(2) 
PARAMETRIC_REPRESENTATION_CONTEXT() REPRESENTATION_CONTEXT('2D SPACE',''
  ) );
#12214 = ADVANCED_FACE('',(#12215),#5378,.F.);
#12215 = FACE_BOUND('',#12216,.F.);
#12216 = EDGE_LOOP('',(#12217,#12240,#12241,#12242));
#12217 = ORIENTED_EDGE('',*,*,#12218,.T.);
#12218 = EDGE_CURVE('',#12219,#5333,#12221,.T.);
#12219 = VERTEX_POINT('',#12220);
#12220 = CARTESIAN_POINT('',(2.488159179688,-59.6587109375,1.2));
#12221 = SURFACE_CURVE('',#12222,(#12226,#12233),.PCURVE_S1.);
#12222 = LINE('',#12223,#12224);
#12223 = CARTESIAN_POINT('',(2.488159179688,-59.6587109375,1.2));
#12224 = VECTOR('',#12225,1.);
#12225 = DIRECTION('',(0.,0.,1.));
#12226 = PCURVE('',#5378,#12227);
#12227 = DEFINITIONAL_REPRESENTATION('',(#12228),#12232);
#12228 = LINE('',#12229,#12230);
#12229 = CARTESIAN_POINT('',(0.,0.));
#12230 = VECTOR('',#12231,1.);
#12231 = DIRECTION('',(0.,-1.));
#12232 = ( GEOMETRIC_REPRESENTATION_CONTEXT(2) 
PARAMETRIC_REPRESENTATION_CONTEXT() REPRESENTATION_CONTEXT('2D SPACE',''
  ) );
#12233 = PCURVE('',#5348,#12234);
#12234 = DEFINITIONAL_REPRESENTATION('',(#12235),#12239);
#12235 = LINE('',#12236,#12237);
#12236 = CARTESIAN_POINT('',(1.,0.));
#12237 = VECTOR('',#12238,1.);
#12238 = DIRECTION('',(0.,-1.));
#12239 = ( GEOMETRIC_REPRESENTATION_CONTEXT(2) 
PARAMETRIC_REPRESENTATION_CONTEXT() REPRESENTATION_CONTEXT('2D SPACE',''
  ) );
#12240 = ORIENTED_EDGE('',*,*,#5362,.T.);
#12241 = ORIENTED_EDGE('',*,*,#12169,.F.);
#12242 = ORIENTED_EDGE('',*,*,#12243,.F.);
#12243 = EDGE_CURVE('',#12219,#12170,#12244,.T.);
#12244 = SURFACE_CURVE('',#12245,(#12249,#12256),.PCURVE_S1.);
#12245 = B_SPLINE_CURVE_WITH_KNOTS('',2,(#12246,#12247,#12248),
  .UNSPECIFIED.,.F.,.F.,(3,3),(0.,1.),.PIECEWISE_BEZIER_KNOTS.);
#12246 = CARTESIAN_POINT('',(2.488159179688,-59.6587109375,1.2));
#12247 = CARTESIAN_POINT('',(1.940307617188,-60.21193359375,1.2));
#12248 = CARTESIAN_POINT('',(0.973510742188,-60.21193359375,1.2));
#12249 = PCURVE('',#5378,#12250);
#12250 = DEFINITIONAL_REPRESENTATION('',(#12251),#12255);
#12251 = LINE('',#12252,#12253);
#12252 = CARTESIAN_POINT('',(0.,0.));
#12253 = VECTOR('',#12254,1.);
#12254 = DIRECTION('',(1.,0.));
#12255 = ( GEOMETRIC_REPRESENTATION_CONTEXT(2) 
PARAMETRIC_REPRESENTATION_CONTEXT() REPRESENTATION_CONTEXT('2D SPACE',''
  ) );
#12256 = PCURVE('',#12056,#12257);
#12257 = DEFINITIONAL_REPRESENTATION('',(#12258),#12262);
#12258 = B_SPLINE_CURVE_WITH_KNOTS('',2,(#12259,#12260,#12261),
  .UNSPECIFIED.,.F.,.F.,(3,3),(0.,1.),.PIECEWISE_BEZIER_KNOTS.);
#12259 = CARTESIAN_POINT('',(3.85107421875,0.475341796875));
#12260 = CARTESIAN_POINT('',(3.30322265625,-7.7880859375E-02));
#12261 = CARTESIAN_POINT('',(2.33642578125,-7.7880859375E-02));
#12262 = ( GEOMETRIC_REPRESENTATION_CONTEXT(2) 
PARAMETRIC_REPRESENTATION_CONTEXT() REPRESENTATION_CONTEXT('2D SPACE',''
  ) );
#12263 = ADVANCED_FACE('',(#12264),#5348,.F.);
#12264 = FACE_BOUND('',#12265,.F.);
#12265 = EDGE_LOOP('',(#12266,#12289,#12290,#12291));
#12266 = ORIENTED_EDGE('',*,*,#12267,.T.);
#12267 = EDGE_CURVE('',#12268,#5303,#12270,.T.);
#12268 = VERTEX_POINT('',#12269);
#12269 = CARTESIAN_POINT('',(3.036010742188,-58.1333203125,1.2));
#12270 = SURFACE_CURVE('',#12271,(#12275,#12282),.PCURVE_S1.);
#12271 = LINE('',#12272,#12273);
#12272 = CARTESIAN_POINT('',(3.036010742188,-58.1333203125,1.2));
#12273 = VECTOR('',#12274,1.);
#12274 = DIRECTION('',(0.,0.,1.));
#12275 = PCURVE('',#5348,#12276);
#12276 = DEFINITIONAL_REPRESENTATION('',(#12277),#12281);
#12277 = LINE('',#12278,#12279);
#12278 = CARTESIAN_POINT('',(0.,0.));
#12279 = VECTOR('',#12280,1.);
#12280 = DIRECTION('',(0.,-1.));
#12281 = ( GEOMETRIC_REPRESENTATION_CONTEXT(2) 
PARAMETRIC_REPRESENTATION_CONTEXT() REPRESENTATION_CONTEXT('2D SPACE',''
  ) );
#12282 = PCURVE('',#5318,#12283);
#12283 = DEFINITIONAL_REPRESENTATION('',(#12284),#12288);
#12284 = LINE('',#12285,#12286);
#12285 = CARTESIAN_POINT('',(1.,0.));
#12286 = VECTOR('',#12287,1.);
#12287 = DIRECTION('',(0.,-1.));
#12288 = ( GEOMETRIC_REPRESENTATION_CONTEXT(2) 
PARAMETRIC_REPRESENTATION_CONTEXT() REPRESENTATION_CONTEXT('2D SPACE',''
  ) );
#12289 = ORIENTED_EDGE('',*,*,#5332,.T.);
#12290 = ORIENTED_EDGE('',*,*,#12218,.F.);
#12291 = ORIENTED_EDGE('',*,*,#12292,.F.);
#12292 = EDGE_CURVE('',#12268,#12219,#12293,.T.);
#12293 = SURFACE_CURVE('',#12294,(#12298,#12305),.PCURVE_S1.);
#12294 = B_SPLINE_CURVE_WITH_KNOTS('',2,(#12295,#12296,#12297),
  .UNSPECIFIED.,.F.,.F.,(3,3),(0.,1.),.PIECEWISE_BEZIER_KNOTS.);
#12295 = CARTESIAN_POINT('',(3.036010742188,-58.1333203125,1.2));
#12296 = CARTESIAN_POINT('',(3.036010742188,-59.10548828125,1.2));
#12297 = CARTESIAN_POINT('',(2.488159179688,-59.6587109375,1.2));
#12298 = PCURVE('',#5348,#12299);
#12299 = DEFINITIONAL_REPRESENTATION('',(#12300),#12304);
#12300 = LINE('',#12301,#12302);
#12301 = CARTESIAN_POINT('',(0.,0.));
#12302 = VECTOR('',#12303,1.);
#12303 = DIRECTION('',(1.,0.));
#12304 = ( GEOMETRIC_REPRESENTATION_CONTEXT(2) 
PARAMETRIC_REPRESENTATION_CONTEXT() REPRESENTATION_CONTEXT('2D SPACE',''
  ) );
#12305 = PCURVE('',#12056,#12306);
#12306 = DEFINITIONAL_REPRESENTATION('',(#12307),#12311);
#12307 = B_SPLINE_CURVE_WITH_KNOTS('',2,(#12308,#12309,#12310),
  .UNSPECIFIED.,.F.,.F.,(3,3),(0.,1.),.PIECEWISE_BEZIER_KNOTS.);
#12308 = CARTESIAN_POINT('',(4.39892578125,2.000732421875));
#12309 = CARTESIAN_POINT('',(4.39892578125,1.028564453125));
#12310 = CARTESIAN_POINT('',(3.85107421875,0.475341796875));
#12311 = ( GEOMETRIC_REPRESENTATION_CONTEXT(2) 
PARAMETRIC_REPRESENTATION_CONTEXT() REPRESENTATION_CONTEXT('2D SPACE',''
  ) );
#12312 = ADVANCED_FACE('',(#12313),#5318,.F.);
#12313 = FACE_BOUND('',#12314,.F.);
#12314 = EDGE_LOOP('',(#12315,#12338,#12339,#12340));
#12315 = ORIENTED_EDGE('',*,*,#12316,.T.);
#12316 = EDGE_CURVE('',#12317,#5273,#12319,.T.);
#12317 = VERTEX_POINT('',#12318);
#12318 = CARTESIAN_POINT('',(2.488159179688,-56.60524414062,1.2));
#12319 = SURFACE_CURVE('',#12320,(#12324,#12331),.PCURVE_S1.);
#12320 = LINE('',#12321,#12322);
#12321 = CARTESIAN_POINT('',(2.488159179688,-56.60524414062,1.2));
#12322 = VECTOR('',#12323,1.);
#12323 = DIRECTION('',(0.,0.,1.));
#12324 = PCURVE('',#5318,#12325);
#12325 = DEFINITIONAL_REPRESENTATION('',(#12326),#12330);
#12326 = LINE('',#12327,#12328);
#12327 = CARTESIAN_POINT('',(0.,0.));
#12328 = VECTOR('',#12329,1.);
#12329 = DIRECTION('',(0.,-1.));
#12330 = ( GEOMETRIC_REPRESENTATION_CONTEXT(2) 
PARAMETRIC_REPRESENTATION_CONTEXT() REPRESENTATION_CONTEXT('2D SPACE',''
  ) );
#12331 = PCURVE('',#5288,#12332);
#12332 = DEFINITIONAL_REPRESENTATION('',(#12333),#12337);
#12333 = LINE('',#12334,#12335);
#12334 = CARTESIAN_POINT('',(1.,0.));
#12335 = VECTOR('',#12336,1.);
#12336 = DIRECTION('',(0.,-1.));
#12337 = ( GEOMETRIC_REPRESENTATION_CONTEXT(2) 
PARAMETRIC_REPRESENTATION_CONTEXT() REPRESENTATION_CONTEXT('2D SPACE',''
  ) );
#12338 = ORIENTED_EDGE('',*,*,#5302,.T.);
#12339 = ORIENTED_EDGE('',*,*,#12267,.F.);
#12340 = ORIENTED_EDGE('',*,*,#12341,.F.);
#12341 = EDGE_CURVE('',#12317,#12268,#12342,.T.);
#12342 = SURFACE_CURVE('',#12343,(#12347,#12354),.PCURVE_S1.);
#12343 = B_SPLINE_CURVE_WITH_KNOTS('',2,(#12344,#12345,#12346),
  .UNSPECIFIED.,.F.,.F.,(3,3),(0.,1.),.PIECEWISE_BEZIER_KNOTS.);
#12344 = CARTESIAN_POINT('',(2.488159179688,-56.60524414062,1.2));
#12345 = CARTESIAN_POINT('',(3.036010742188,-57.15846679687,1.2));
#12346 = CARTESIAN_POINT('',(3.036010742188,-58.1333203125,1.2));
#12347 = PCURVE('',#5318,#12348);
#12348 = DEFINITIONAL_REPRESENTATION('',(#12349),#12353);
#12349 = LINE('',#12350,#12351);
#12350 = CARTESIAN_POINT('',(0.,0.));
#12351 = VECTOR('',#12352,1.);
#12352 = DIRECTION('',(1.,0.));
#12353 = ( GEOMETRIC_REPRESENTATION_CONTEXT(2) 
PARAMETRIC_REPRESENTATION_CONTEXT() REPRESENTATION_CONTEXT('2D SPACE',''
  ) );
#12354 = PCURVE('',#12056,#12355);
#12355 = DEFINITIONAL_REPRESENTATION('',(#12356),#12360);
#12356 = B_SPLINE_CURVE_WITH_KNOTS('',2,(#12357,#12358,#12359),
  .UNSPECIFIED.,.F.,.F.,(3,3),(0.,1.),.PIECEWISE_BEZIER_KNOTS.);
#12357 = CARTESIAN_POINT('',(3.85107421875,3.52880859375));
#12358 = CARTESIAN_POINT('',(4.39892578125,2.9755859375));
#12359 = CARTESIAN_POINT('',(4.39892578125,2.000732421875));
#12360 = ( GEOMETRIC_REPRESENTATION_CONTEXT(2) 
PARAMETRIC_REPRESENTATION_CONTEXT() REPRESENTATION_CONTEXT('2D SPACE',''
  ) );
#12361 = ADVANCED_FACE('',(#12362),#5288,.F.);
#12362 = FACE_BOUND('',#12363,.F.);
#12363 = EDGE_LOOP('',(#12364,#12365,#12366,#12367));
#12364 = ORIENTED_EDGE('',*,*,#12019,.T.);
#12365 = ORIENTED_EDGE('',*,*,#5272,.T.);
#12366 = ORIENTED_EDGE('',*,*,#12316,.F.);
#12367 = ORIENTED_EDGE('',*,*,#12368,.F.);
#12368 = EDGE_CURVE('',#12020,#12317,#12369,.T.);
#12369 = SURFACE_CURVE('',#12370,(#12374,#12381),.PCURVE_S1.);
#12370 = B_SPLINE_CURVE_WITH_KNOTS('',2,(#12371,#12372,#12373),
  .UNSPECIFIED.,.F.,.F.,(3,3),(0.,1.),.PIECEWISE_BEZIER_KNOTS.);
#12371 = CARTESIAN_POINT('',(0.973510742188,-56.05202148437,1.2));
#12372 = CARTESIAN_POINT('',(1.940307617188,-56.05202148437,1.2));
#12373 = CARTESIAN_POINT('',(2.488159179688,-56.60524414062,1.2));
#12374 = PCURVE('',#5288,#12375);
#12375 = DEFINITIONAL_REPRESENTATION('',(#12376),#12380);
#12376 = LINE('',#12377,#12378);
#12377 = CARTESIAN_POINT('',(0.,0.));
#12378 = VECTOR('',#12379,1.);
#12379 = DIRECTION('',(1.,0.));
#12380 = ( GEOMETRIC_REPRESENTATION_CONTEXT(2) 
PARAMETRIC_REPRESENTATION_CONTEXT() REPRESENTATION_CONTEXT('2D SPACE',''
  ) );
#12381 = PCURVE('',#12056,#12382);
#12382 = DEFINITIONAL_REPRESENTATION('',(#12383),#12387);
#12383 = B_SPLINE_CURVE_WITH_KNOTS('',2,(#12384,#12385,#12386),
  .UNSPECIFIED.,.F.,.F.,(3,3),(0.,1.),.PIECEWISE_BEZIER_KNOTS.);
#12384 = CARTESIAN_POINT('',(2.33642578125,4.08203125));
#12385 = CARTESIAN_POINT('',(3.30322265625,4.08203125));
#12386 = CARTESIAN_POINT('',(3.85107421875,3.52880859375));
#12387 = ( GEOMETRIC_REPRESENTATION_CONTEXT(2) 
PARAMETRIC_REPRESENTATION_CONTEXT() REPRESENTATION_CONTEXT('2D SPACE',''
  ) );
#12388 = ADVANCED_FACE('',(#12389),#5500,.F.);
#12389 = FACE_BOUND('',#12390,.F.);
#12390 = EDGE_LOOP('',(#12391,#12414,#12415,#12438));
#12391 = ORIENTED_EDGE('',*,*,#12392,.T.);
#12392 = EDGE_CURVE('',#12393,#5483,#12395,.T.);
#12393 = VERTEX_POINT('',#12394);
#12394 = CARTESIAN_POINT('',(6.712524414062,-60.13405273437,1.2));
#12395 = SURFACE_CURVE('',#12396,(#12400,#12407),.PCURVE_S1.);
#12396 = LINE('',#12397,#12398);
#12397 = CARTESIAN_POINT('',(6.712524414062,-60.13405273437,1.2));
#12398 = VECTOR('',#12399,1.);
#12399 = DIRECTION('',(0.,0.,1.));
#12400 = PCURVE('',#5500,#12401);
#12401 = DEFINITIONAL_REPRESENTATION('',(#12402),#12406);
#12402 = LINE('',#12403,#12404);
#12403 = CARTESIAN_POINT('',(0.,-0.));
#12404 = VECTOR('',#12405,1.);
#12405 = DIRECTION('',(0.,-1.));
#12406 = ( GEOMETRIC_REPRESENTATION_CONTEXT(2) 
PARAMETRIC_REPRESENTATION_CONTEXT() REPRESENTATION_CONTEXT('2D SPACE',''
  ) );
#12407 = PCURVE('',#5834,#12408);
#12408 = DEFINITIONAL_REPRESENTATION('',(#12409),#12413);
#12409 = LINE('',#12410,#12411);
#12410 = CARTESIAN_POINT('',(2.9326171875,0.));
#12411 = VECTOR('',#12412,1.);
#12412 = DIRECTION('',(0.,-1.));
#12413 = ( GEOMETRIC_REPRESENTATION_CONTEXT(2) 
PARAMETRIC_REPRESENTATION_CONTEXT() REPRESENTATION_CONTEXT('2D SPACE',''
  ) );
#12414 = ORIENTED_EDGE('',*,*,#5482,.T.);
#12415 = ORIENTED_EDGE('',*,*,#12416,.F.);
#12416 = EDGE_CURVE('',#12417,#5485,#12419,.T.);
#12417 = VERTEX_POINT('',#12418);
#12418 = CARTESIAN_POINT('',(5.732299804688,-60.13405273437,1.2));
#12419 = SURFACE_CURVE('',#12420,(#12424,#12431),.PCURVE_S1.);
#12420 = LINE('',#12421,#12422);
#12421 = CARTESIAN_POINT('',(5.732299804688,-60.13405273437,1.2));
#12422 = VECTOR('',#12423,1.);
#12423 = DIRECTION('',(0.,0.,1.));
#12424 = PCURVE('',#5500,#12425);
#12425 = DEFINITIONAL_REPRESENTATION('',(#12426),#12430);
#12426 = LINE('',#12427,#12428);
#12427 = CARTESIAN_POINT('',(0.980224609375,0.));
#12428 = VECTOR('',#12429,1.);
#12429 = DIRECTION('',(0.,-1.));
#12430 = ( GEOMETRIC_REPRESENTATION_CONTEXT(2) 
PARAMETRIC_REPRESENTATION_CONTEXT() REPRESENTATION_CONTEXT('2D SPACE',''
  ) );
#12431 = PCURVE('',#5528,#12432);
#12432 = DEFINITIONAL_REPRESENTATION('',(#12433),#12437);
#12433 = LINE('',#12434,#12435);
#12434 = CARTESIAN_POINT('',(0.,0.));
#12435 = VECTOR('',#12436,1.);
#12436 = DIRECTION('',(0.,-1.));
#12437 = ( GEOMETRIC_REPRESENTATION_CONTEXT(2) 
PARAMETRIC_REPRESENTATION_CONTEXT() REPRESENTATION_CONTEXT('2D SPACE',''
  ) );
#12438 = ORIENTED_EDGE('',*,*,#12439,.F.);
#12439 = EDGE_CURVE('',#12393,#12417,#12440,.T.);
#12440 = SURFACE_CURVE('',#12441,(#12445,#12452),.PCURVE_S1.);
#12441 = LINE('',#12442,#12443);
#12442 = CARTESIAN_POINT('',(6.712524414062,-60.13405273437,1.2));
#12443 = VECTOR('',#12444,1.);
#12444 = DIRECTION('',(-1.,0.,0.));
#12445 = PCURVE('',#5500,#12446);
#12446 = DEFINITIONAL_REPRESENTATION('',(#12447),#12451);
#12447 = LINE('',#12448,#12449);
#12448 = CARTESIAN_POINT('',(0.,-0.));
#12449 = VECTOR('',#12450,1.);
#12450 = DIRECTION('',(1.,0.));
#12451 = ( GEOMETRIC_REPRESENTATION_CONTEXT(2) 
PARAMETRIC_REPRESENTATION_CONTEXT() REPRESENTATION_CONTEXT('2D SPACE',''
  ) );
#12452 = PCURVE('',#12453,#12458);
#12453 = PLANE('',#12454);
#12454 = AXIS2_PLACEMENT_3D('',#12455,#12456,#12457);
#12455 = CARTESIAN_POINT('',(5.227416992188,-60.13405273437,1.2));
#12456 = DIRECTION('',(0.,0.,1.));
#12457 = DIRECTION('',(1.,0.,0.));
#12458 = DEFINITIONAL_REPRESENTATION('',(#12459),#12463);
#12459 = LINE('',#12460,#12461);
#12460 = CARTESIAN_POINT('',(1.485107421875,0.));
#12461 = VECTOR('',#12462,1.);
#12462 = DIRECTION('',(-1.,0.));
#12463 = ( GEOMETRIC_REPRESENTATION_CONTEXT(2) 
PARAMETRIC_REPRESENTATION_CONTEXT() REPRESENTATION_CONTEXT('2D SPACE',''
  ) );
#12464 = ADVANCED_FACE('',(#12465),#5834,.F.);
#12465 = FACE_BOUND('',#12466,.F.);
#12466 = EDGE_LOOP('',(#12467,#12490,#12491,#12492));
#12467 = ORIENTED_EDGE('',*,*,#12468,.T.);
#12468 = EDGE_CURVE('',#12469,#5793,#12471,.T.);
#12469 = VERTEX_POINT('',#12470);
#12470 = CARTESIAN_POINT('',(6.712524414062,-57.20143554687,1.2));
#12471 = SURFACE_CURVE('',#12472,(#12476,#12483),.PCURVE_S1.);
#12472 = LINE('',#12473,#12474);
#12473 = CARTESIAN_POINT('',(6.712524414062,-57.20143554687,1.2));
#12474 = VECTOR('',#12475,1.);
#12475 = DIRECTION('',(0.,0.,1.));
#12476 = PCURVE('',#5834,#12477);
#12477 = DEFINITIONAL_REPRESENTATION('',(#12478),#12482);
#12478 = LINE('',#12479,#12480);
#12479 = CARTESIAN_POINT('',(0.,0.));
#12480 = VECTOR('',#12481,1.);
#12481 = DIRECTION('',(0.,-1.));
#12482 = ( GEOMETRIC_REPRESENTATION_CONTEXT(2) 
PARAMETRIC_REPRESENTATION_CONTEXT() REPRESENTATION_CONTEXT('2D SPACE',''
  ) );
#12483 = PCURVE('',#5808,#12484);
#12484 = DEFINITIONAL_REPRESENTATION('',(#12485),#12489);
#12485 = LINE('',#12486,#12487);
#12486 = CARTESIAN_POINT('',(2.350982708601,0.));
#12487 = VECTOR('',#12488,1.);
#12488 = DIRECTION('',(0.,-1.));
#12489 = ( GEOMETRIC_REPRESENTATION_CONTEXT(2) 
PARAMETRIC_REPRESENTATION_CONTEXT() REPRESENTATION_CONTEXT('2D SPACE',''
  ) );
#12490 = ORIENTED_EDGE('',*,*,#5820,.T.);
#12491 = ORIENTED_EDGE('',*,*,#12392,.F.);
#12492 = ORIENTED_EDGE('',*,*,#12493,.F.);
#12493 = EDGE_CURVE('',#12469,#12393,#12494,.T.);
#12494 = SURFACE_CURVE('',#12495,(#12499,#12506),.PCURVE_S1.);
#12495 = LINE('',#12496,#12497);
#12496 = CARTESIAN_POINT('',(6.712524414062,-57.20143554687,1.2));
#12497 = VECTOR('',#12498,1.);
#12498 = DIRECTION('',(0.,-1.,0.));
#12499 = PCURVE('',#5834,#12500);
#12500 = DEFINITIONAL_REPRESENTATION('',(#12501),#12505);
#12501 = LINE('',#12502,#12503);
#12502 = CARTESIAN_POINT('',(0.,0.));
#12503 = VECTOR('',#12504,1.);
#12504 = DIRECTION('',(1.,0.));
#12505 = ( GEOMETRIC_REPRESENTATION_CONTEXT(2) 
PARAMETRIC_REPRESENTATION_CONTEXT() REPRESENTATION_CONTEXT('2D SPACE',''
  ) );
#12506 = PCURVE('',#12453,#12507);
#12507 = DEFINITIONAL_REPRESENTATION('',(#12508),#12512);
#12508 = LINE('',#12509,#12510);
#12509 = CARTESIAN_POINT('',(1.485107421875,2.9326171875));
#12510 = VECTOR('',#12511,1.);
#12511 = DIRECTION('',(0.,-1.));
#12512 = ( GEOMETRIC_REPRESENTATION_CONTEXT(2) 
PARAMETRIC_REPRESENTATION_CONTEXT() REPRESENTATION_CONTEXT('2D SPACE',''
  ) );
#12513 = ADVANCED_FACE('',(#12514),#5808,.F.);
#12514 = FACE_BOUND('',#12515,.F.);
#12515 = EDGE_LOOP('',(#12516,#12539,#12540,#12541));
#12516 = ORIENTED_EDGE('',*,*,#12517,.T.);
#12517 = EDGE_CURVE('',#12518,#5765,#12520,.T.);
#12518 = VERTEX_POINT('',#12519);
#12519 = CARTESIAN_POINT('',(7.636352539062,-59.36330078125,1.2));
#12520 = SURFACE_CURVE('',#12521,(#12525,#12532),.PCURVE_S1.);
#12521 = LINE('',#12522,#12523);
#12522 = CARTESIAN_POINT('',(7.636352539062,-59.36330078125,1.2));
#12523 = VECTOR('',#12524,1.);
#12524 = DIRECTION('',(0.,0.,1.));
#12525 = PCURVE('',#5808,#12526);
#12526 = DEFINITIONAL_REPRESENTATION('',(#12527),#12531);
#12527 = LINE('',#12528,#12529);
#12528 = CARTESIAN_POINT('',(0.,0.));
#12529 = VECTOR('',#12530,1.);
#12530 = DIRECTION('',(0.,-1.));
#12531 = ( GEOMETRIC_REPRESENTATION_CONTEXT(2) 
PARAMETRIC_REPRESENTATION_CONTEXT() REPRESENTATION_CONTEXT('2D SPACE',''
  ) );
#12532 = PCURVE('',#5780,#12533);
#12533 = DEFINITIONAL_REPRESENTATION('',(#12534),#12538);
#12534 = LINE('',#12535,#12536);
#12535 = CARTESIAN_POINT('',(0.6552734375,0.));
#12536 = VECTOR('',#12537,1.);
#12537 = DIRECTION('',(0.,-1.));
#12538 = ( GEOMETRIC_REPRESENTATION_CONTEXT(2) 
PARAMETRIC_REPRESENTATION_CONTEXT() REPRESENTATION_CONTEXT('2D SPACE',''
  ) );
#12539 = ORIENTED_EDGE('',*,*,#5792,.T.);
#12540 = ORIENTED_EDGE('',*,*,#12468,.F.);
#12541 = ORIENTED_EDGE('',*,*,#12542,.F.);
#12542 = EDGE_CURVE('',#12518,#12469,#12543,.T.);
#12543 = SURFACE_CURVE('',#12544,(#12548,#12555),.PCURVE_S1.);
#12544 = LINE('',#12545,#12546);
#12545 = CARTESIAN_POINT('',(7.636352539062,-59.36330078125,1.2));
#12546 = VECTOR('',#12547,1.);
#12547 = DIRECTION('',(-0.392954027956,0.919558117746,0.));
#12548 = PCURVE('',#5808,#12549);
#12549 = DEFINITIONAL_REPRESENTATION('',(#12550),#12554);
#12550 = LINE('',#12551,#12552);
#12551 = CARTESIAN_POINT('',(0.,0.));
#12552 = VECTOR('',#12553,1.);
#12553 = DIRECTION('',(1.,0.));
#12554 = ( GEOMETRIC_REPRESENTATION_CONTEXT(2) 
PARAMETRIC_REPRESENTATION_CONTEXT() REPRESENTATION_CONTEXT('2D SPACE',''
  ) );
#12555 = PCURVE('',#12453,#12556);
#12556 = DEFINITIONAL_REPRESENTATION('',(#12557),#12561);
#12557 = LINE('',#12558,#12559);
#12558 = CARTESIAN_POINT('',(2.408935546875,0.770751953125));
#12559 = VECTOR('',#12560,1.);
#12560 = DIRECTION('',(-0.392954027956,0.919558117746));
#12561 = ( GEOMETRIC_REPRESENTATION_CONTEXT(2) 
PARAMETRIC_REPRESENTATION_CONTEXT() REPRESENTATION_CONTEXT('2D SPACE',''
  ) );
#12562 = ADVANCED_FACE('',(#12563),#5780,.F.);
#12563 = FACE_BOUND('',#12564,.F.);
#12564 = EDGE_LOOP('',(#12565,#12588,#12589,#12590));
#12565 = ORIENTED_EDGE('',*,*,#12566,.T.);
#12566 = EDGE_CURVE('',#12567,#5737,#12569,.T.);
#12567 = VERTEX_POINT('',#12568);
#12568 = CARTESIAN_POINT('',(8.291625976562,-59.36330078125,1.2));
#12569 = SURFACE_CURVE('',#12570,(#12574,#12581),.PCURVE_S1.);
#12570 = LINE('',#12571,#12572);
#12571 = CARTESIAN_POINT('',(8.291625976562,-59.36330078125,1.2));
#12572 = VECTOR('',#12573,1.);
#12573 = DIRECTION('',(0.,0.,1.));
#12574 = PCURVE('',#5780,#12575);
#12575 = DEFINITIONAL_REPRESENTATION('',(#12576),#12580);
#12576 = LINE('',#12577,#12578);
#12577 = CARTESIAN_POINT('',(0.,-0.));
#12578 = VECTOR('',#12579,1.);
#12579 = DIRECTION('',(0.,-1.));
#12580 = ( GEOMETRIC_REPRESENTATION_CONTEXT(2) 
PARAMETRIC_REPRESENTATION_CONTEXT() REPRESENTATION_CONTEXT('2D SPACE',''
  ) );
#12581 = PCURVE('',#5752,#12582);
#12582 = DEFINITIONAL_REPRESENTATION('',(#12583),#12587);
#12583 = LINE('',#12584,#12585);
#12584 = CARTESIAN_POINT('',(2.350982708601,0.));
#12585 = VECTOR('',#12586,1.);
#12586 = DIRECTION('',(0.,-1.));
#12587 = ( GEOMETRIC_REPRESENTATION_CONTEXT(2) 
PARAMETRIC_REPRESENTATION_CONTEXT() REPRESENTATION_CONTEXT('2D SPACE',''
  ) );
#12588 = ORIENTED_EDGE('',*,*,#5764,.T.);
#12589 = ORIENTED_EDGE('',*,*,#12517,.F.);
#12590 = ORIENTED_EDGE('',*,*,#12591,.F.);
#12591 = EDGE_CURVE('',#12567,#12518,#12592,.T.);
#12592 = SURFACE_CURVE('',#12593,(#12597,#12604),.PCURVE_S1.);
#12593 = LINE('',#12594,#12595);
#12594 = CARTESIAN_POINT('',(8.291625976562,-59.36330078125,1.2));
#12595 = VECTOR('',#12596,1.);
#12596 = DIRECTION('',(-1.,0.,0.));
#12597 = PCURVE('',#5780,#12598);
#12598 = DEFINITIONAL_REPRESENTATION('',(#12599),#12603);
#12599 = LINE('',#12600,#12601);
#12600 = CARTESIAN_POINT('',(0.,-0.));
#12601 = VECTOR('',#12602,1.);
#12602 = DIRECTION('',(1.,0.));
#12603 = ( GEOMETRIC_REPRESENTATION_CONTEXT(2) 
PARAMETRIC_REPRESENTATION_CONTEXT() REPRESENTATION_CONTEXT('2D SPACE',''
  ) );
#12604 = PCURVE('',#12453,#12605);
#12605 = DEFINITIONAL_REPRESENTATION('',(#12606),#12610);
#12606 = LINE('',#12607,#12608);
#12607 = CARTESIAN_POINT('',(3.064208984375,0.770751953125));
#12608 = VECTOR('',#12609,1.);
#12609 = DIRECTION('',(-1.,0.));
#12610 = ( GEOMETRIC_REPRESENTATION_CONTEXT(2) 
PARAMETRIC_REPRESENTATION_CONTEXT() REPRESENTATION_CONTEXT('2D SPACE',''
  ) );
#12611 = ADVANCED_FACE('',(#12612),#5752,.F.);
#12612 = FACE_BOUND('',#12613,.F.);
#12613 = EDGE_LOOP('',(#12614,#12637,#12638,#12639));
#12614 = ORIENTED_EDGE('',*,*,#12615,.T.);
#12615 = EDGE_CURVE('',#12616,#5709,#12618,.T.);
#12616 = VERTEX_POINT('',#12617);
#12617 = CARTESIAN_POINT('',(9.215454101562,-57.20143554687,1.2));
#12618 = SURFACE_CURVE('',#12619,(#12623,#12630),.PCURVE_S1.);
#12619 = LINE('',#12620,#12621);
#12620 = CARTESIAN_POINT('',(9.215454101562,-57.20143554687,1.2));
#12621 = VECTOR('',#12622,1.);
#12622 = DIRECTION('',(0.,0.,1.));
#12623 = PCURVE('',#5752,#12624);
#12624 = DEFINITIONAL_REPRESENTATION('',(#12625),#12629);
#12625 = LINE('',#12626,#12627);
#12626 = CARTESIAN_POINT('',(0.,0.));
#12627 = VECTOR('',#12628,1.);
#12628 = DIRECTION('',(0.,-1.));
#12629 = ( GEOMETRIC_REPRESENTATION_CONTEXT(2) 
PARAMETRIC_REPRESENTATION_CONTEXT() REPRESENTATION_CONTEXT('2D SPACE',''
  ) );
#12630 = PCURVE('',#5724,#12631);
#12631 = DEFINITIONAL_REPRESENTATION('',(#12632),#12636);
#12632 = LINE('',#12633,#12634);
#12633 = CARTESIAN_POINT('',(2.9326171875,0.));
#12634 = VECTOR('',#12635,1.);
#12635 = DIRECTION('',(0.,-1.));
#12636 = ( GEOMETRIC_REPRESENTATION_CONTEXT(2) 
PARAMETRIC_REPRESENTATION_CONTEXT() REPRESENTATION_CONTEXT('2D SPACE',''
  ) );
#12637 = ORIENTED_EDGE('',*,*,#5736,.T.);
#12638 = ORIENTED_EDGE('',*,*,#12566,.F.);
#12639 = ORIENTED_EDGE('',*,*,#12640,.F.);
#12640 = EDGE_CURVE('',#12616,#12567,#12641,.T.);
#12641 = SURFACE_CURVE('',#12642,(#12646,#12653),.PCURVE_S1.);
#12642 = LINE('',#12643,#12644);
#12643 = CARTESIAN_POINT('',(9.215454101562,-57.20143554687,1.2));
#12644 = VECTOR('',#12645,1.);
#12645 = DIRECTION('',(-0.392954027956,-0.919558117746,0.));
#12646 = PCURVE('',#5752,#12647);
#12647 = DEFINITIONAL_REPRESENTATION('',(#12648),#12652);
#12648 = LINE('',#12649,#12650);
#12649 = CARTESIAN_POINT('',(0.,0.));
#12650 = VECTOR('',#12651,1.);
#12651 = DIRECTION('',(1.,0.));
#12652 = ( GEOMETRIC_REPRESENTATION_CONTEXT(2) 
PARAMETRIC_REPRESENTATION_CONTEXT() REPRESENTATION_CONTEXT('2D SPACE',''
  ) );
#12653 = PCURVE('',#12453,#12654);
#12654 = DEFINITIONAL_REPRESENTATION('',(#12655),#12659);
#12655 = LINE('',#12656,#12657);
#12656 = CARTESIAN_POINT('',(3.988037109375,2.9326171875));
#12657 = VECTOR('',#12658,1.);
#12658 = DIRECTION('',(-0.392954027956,-0.919558117746));
#12659 = ( GEOMETRIC_REPRESENTATION_CONTEXT(2) 
PARAMETRIC_REPRESENTATION_CONTEXT() REPRESENTATION_CONTEXT('2D SPACE',''
  ) );
#12660 = ADVANCED_FACE('',(#12661),#5724,.F.);
#12661 = FACE_BOUND('',#12662,.F.);
#12662 = EDGE_LOOP('',(#12663,#12686,#12687,#12688));
#12663 = ORIENTED_EDGE('',*,*,#12664,.T.);
#12664 = EDGE_CURVE('',#12665,#5681,#12667,.T.);
#12665 = VERTEX_POINT('',#12666);
#12666 = CARTESIAN_POINT('',(9.215454101562,-60.13405273437,1.2));
#12667 = SURFACE_CURVE('',#12668,(#12672,#12679),.PCURVE_S1.);
#12668 = LINE('',#12669,#12670);
#12669 = CARTESIAN_POINT('',(9.215454101562,-60.13405273437,1.2));
#12670 = VECTOR('',#12671,1.);
#12671 = DIRECTION('',(0.,0.,1.));
#12672 = PCURVE('',#5724,#12673);
#12673 = DEFINITIONAL_REPRESENTATION('',(#12674),#12678);
#12674 = LINE('',#12675,#12676);
#12675 = CARTESIAN_POINT('',(0.,0.));
#12676 = VECTOR('',#12677,1.);
#12677 = DIRECTION('',(0.,-1.));
#12678 = ( GEOMETRIC_REPRESENTATION_CONTEXT(2) 
PARAMETRIC_REPRESENTATION_CONTEXT() REPRESENTATION_CONTEXT('2D SPACE',''
  ) );
#12679 = PCURVE('',#5696,#12680);
#12680 = DEFINITIONAL_REPRESENTATION('',(#12681),#12685);
#12681 = LINE('',#12682,#12683);
#12682 = CARTESIAN_POINT('',(0.9775390625,0.));
#12683 = VECTOR('',#12684,1.);
#12684 = DIRECTION('',(0.,-1.));
#12685 = ( GEOMETRIC_REPRESENTATION_CONTEXT(2) 
PARAMETRIC_REPRESENTATION_CONTEXT() REPRESENTATION_CONTEXT('2D SPACE',''
  ) );
#12686 = ORIENTED_EDGE('',*,*,#5708,.T.);
#12687 = ORIENTED_EDGE('',*,*,#12615,.F.);
#12688 = ORIENTED_EDGE('',*,*,#12689,.F.);
#12689 = EDGE_CURVE('',#12665,#12616,#12690,.T.);
#12690 = SURFACE_CURVE('',#12691,(#12695,#12702),.PCURVE_S1.);
#12691 = LINE('',#12692,#12693);
#12692 = CARTESIAN_POINT('',(9.215454101562,-60.13405273437,1.2));
#12693 = VECTOR('',#12694,1.);
#12694 = DIRECTION('',(0.,1.,0.));
#12695 = PCURVE('',#5724,#12696);
#12696 = DEFINITIONAL_REPRESENTATION('',(#12697),#12701);
#12697 = LINE('',#12698,#12699);
#12698 = CARTESIAN_POINT('',(0.,0.));
#12699 = VECTOR('',#12700,1.);
#12700 = DIRECTION('',(1.,0.));
#12701 = ( GEOMETRIC_REPRESENTATION_CONTEXT(2) 
PARAMETRIC_REPRESENTATION_CONTEXT() REPRESENTATION_CONTEXT('2D SPACE',''
  ) );
#12702 = PCURVE('',#12453,#12703);
#12703 = DEFINITIONAL_REPRESENTATION('',(#12704),#12708);
#12704 = LINE('',#12705,#12706);
#12705 = CARTESIAN_POINT('',(3.988037109375,0.));
#12706 = VECTOR('',#12707,1.);
#12707 = DIRECTION('',(0.,1.));
#12708 = ( GEOMETRIC_REPRESENTATION_CONTEXT(2) 
PARAMETRIC_REPRESENTATION_CONTEXT() REPRESENTATION_CONTEXT('2D SPACE',''
  ) );
#12709 = ADVANCED_FACE('',(#12710),#5696,.F.);
#12710 = FACE_BOUND('',#12711,.F.);
#12711 = EDGE_LOOP('',(#12712,#12735,#12736,#12737));
#12712 = ORIENTED_EDGE('',*,*,#12713,.T.);
#12713 = EDGE_CURVE('',#12714,#5653,#12716,.T.);
#12714 = VERTEX_POINT('',#12715);
#12715 = CARTESIAN_POINT('',(10.192993164062,-60.13405273437,1.2));
#12716 = SURFACE_CURVE('',#12717,(#12721,#12728),.PCURVE_S1.);
#12717 = LINE('',#12718,#12719);
#12718 = CARTESIAN_POINT('',(10.192993164062,-60.13405273437,1.2));
#12719 = VECTOR('',#12720,1.);
#12720 = DIRECTION('',(0.,0.,1.));
#12721 = PCURVE('',#5696,#12722);
#12722 = DEFINITIONAL_REPRESENTATION('',(#12723),#12727);
#12723 = LINE('',#12724,#12725);
#12724 = CARTESIAN_POINT('',(0.,-0.));
#12725 = VECTOR('',#12726,1.);
#12726 = DIRECTION('',(0.,-1.));
#12727 = ( GEOMETRIC_REPRESENTATION_CONTEXT(2) 
PARAMETRIC_REPRESENTATION_CONTEXT() REPRESENTATION_CONTEXT('2D SPACE',''
  ) );
#12728 = PCURVE('',#5668,#12729);
#12729 = DEFINITIONAL_REPRESENTATION('',(#12730),#12734);
#12730 = LINE('',#12731,#12732);
#12731 = CARTESIAN_POINT('',(4.009521484375,0.));
#12732 = VECTOR('',#12733,1.);
#12733 = DIRECTION('',(0.,-1.));
#12734 = ( GEOMETRIC_REPRESENTATION_CONTEXT(2) 
PARAMETRIC_REPRESENTATION_CONTEXT() REPRESENTATION_CONTEXT('2D SPACE',''
  ) );
#12735 = ORIENTED_EDGE('',*,*,#5680,.T.);
#12736 = ORIENTED_EDGE('',*,*,#12664,.F.);
#12737 = ORIENTED_EDGE('',*,*,#12738,.F.);
#12738 = EDGE_CURVE('',#12714,#12665,#12739,.T.);
#12739 = SURFACE_CURVE('',#12740,(#12744,#12751),.PCURVE_S1.);
#12740 = LINE('',#12741,#12742);
#12741 = CARTESIAN_POINT('',(10.192993164062,-60.13405273437,1.2));
#12742 = VECTOR('',#12743,1.);
#12743 = DIRECTION('',(-1.,0.,0.));
#12744 = PCURVE('',#5696,#12745);
#12745 = DEFINITIONAL_REPRESENTATION('',(#12746),#12750);
#12746 = LINE('',#12747,#12748);
#12747 = CARTESIAN_POINT('',(0.,-0.));
#12748 = VECTOR('',#12749,1.);
#12749 = DIRECTION('',(1.,0.));
#12750 = ( GEOMETRIC_REPRESENTATION_CONTEXT(2) 
PARAMETRIC_REPRESENTATION_CONTEXT() REPRESENTATION_CONTEXT('2D SPACE',''
  ) );
#12751 = PCURVE('',#12453,#12752);
#12752 = DEFINITIONAL_REPRESENTATION('',(#12753),#12757);
#12753 = LINE('',#12754,#12755);
#12754 = CARTESIAN_POINT('',(4.965576171875,0.));
#12755 = VECTOR('',#12756,1.);
#12756 = DIRECTION('',(-1.,0.));
#12757 = ( GEOMETRIC_REPRESENTATION_CONTEXT(2) 
PARAMETRIC_REPRESENTATION_CONTEXT() REPRESENTATION_CONTEXT('2D SPACE',''
  ) );
#12758 = ADVANCED_FACE('',(#12759),#5668,.F.);
#12759 = FACE_BOUND('',#12760,.F.);
#12760 = EDGE_LOOP('',(#12761,#12784,#12785,#12786));
#12761 = ORIENTED_EDGE('',*,*,#12762,.T.);
#12762 = EDGE_CURVE('',#12763,#5625,#12765,.T.);
#12763 = VERTEX_POINT('',#12764);
#12764 = CARTESIAN_POINT('',(10.192993164062,-56.12453125,1.2));
#12765 = SURFACE_CURVE('',#12766,(#12770,#12777),.PCURVE_S1.);
#12766 = LINE('',#12767,#12768);
#12767 = CARTESIAN_POINT('',(10.192993164062,-56.12453125,1.2));
#12768 = VECTOR('',#12769,1.);
#12769 = DIRECTION('',(0.,0.,1.));
#12770 = PCURVE('',#5668,#12771);
#12771 = DEFINITIONAL_REPRESENTATION('',(#12772),#12776);
#12772 = LINE('',#12773,#12774);
#12773 = CARTESIAN_POINT('',(0.,0.));
#12774 = VECTOR('',#12775,1.);
#12775 = DIRECTION('',(0.,-1.));
#12776 = ( GEOMETRIC_REPRESENTATION_CONTEXT(2) 
PARAMETRIC_REPRESENTATION_CONTEXT() REPRESENTATION_CONTEXT('2D SPACE',''
  ) );
#12777 = PCURVE('',#5640,#12778);
#12778 = DEFINITIONAL_REPRESENTATION('',(#12779),#12783);
#12779 = LINE('',#12780,#12781);
#12780 = CARTESIAN_POINT('',(1.313232421875,0.));
#12781 = VECTOR('',#12782,1.);
#12782 = DIRECTION('',(0.,-1.));
#12783 = ( GEOMETRIC_REPRESENTATION_CONTEXT(2) 
PARAMETRIC_REPRESENTATION_CONTEXT() REPRESENTATION_CONTEXT('2D SPACE',''
  ) );
#12784 = ORIENTED_EDGE('',*,*,#5652,.T.);
#12785 = ORIENTED_EDGE('',*,*,#12713,.F.);
#12786 = ORIENTED_EDGE('',*,*,#12787,.F.);
#12787 = EDGE_CURVE('',#12763,#12714,#12788,.T.);
#12788 = SURFACE_CURVE('',#12789,(#12793,#12800),.PCURVE_S1.);
#12789 = LINE('',#12790,#12791);
#12790 = CARTESIAN_POINT('',(10.192993164062,-56.12453125,1.2));
#12791 = VECTOR('',#12792,1.);
#12792 = DIRECTION('',(0.,-1.,0.));
#12793 = PCURVE('',#5668,#12794);
#12794 = DEFINITIONAL_REPRESENTATION('',(#12795),#12799);
#12795 = LINE('',#12796,#12797);
#12796 = CARTESIAN_POINT('',(0.,0.));
#12797 = VECTOR('',#12798,1.);
#12798 = DIRECTION('',(1.,0.));
#12799 = ( GEOMETRIC_REPRESENTATION_CONTEXT(2) 
PARAMETRIC_REPRESENTATION_CONTEXT() REPRESENTATION_CONTEXT('2D SPACE',''
  ) );
#12800 = PCURVE('',#12453,#12801);
#12801 = DEFINITIONAL_REPRESENTATION('',(#12802),#12806);
#12802 = LINE('',#12803,#12804);
#12803 = CARTESIAN_POINT('',(4.965576171875,4.009521484375));
#12804 = VECTOR('',#12805,1.);
#12805 = DIRECTION('',(0.,-1.));
#12806 = ( GEOMETRIC_REPRESENTATION_CONTEXT(2) 
PARAMETRIC_REPRESENTATION_CONTEXT() REPRESENTATION_CONTEXT('2D SPACE',''
  ) );
#12807 = ADVANCED_FACE('',(#12808),#5640,.F.);
#12808 = FACE_BOUND('',#12809,.F.);
#12809 = EDGE_LOOP('',(#12810,#12833,#12834,#12835));
#12810 = ORIENTED_EDGE('',*,*,#12811,.T.);
#12811 = EDGE_CURVE('',#12812,#5597,#12814,.T.);
#12812 = VERTEX_POINT('',#12813);
#12813 = CARTESIAN_POINT('',(8.879760742188,-56.12453125,1.2));
#12814 = SURFACE_CURVE('',#12815,(#12819,#12826),.PCURVE_S1.);
#12815 = LINE('',#12816,#12817);
#12816 = CARTESIAN_POINT('',(8.879760742188,-56.12453125,1.2));
#12817 = VECTOR('',#12818,1.);
#12818 = DIRECTION('',(0.,0.,1.));
#12819 = PCURVE('',#5640,#12820);
#12820 = DEFINITIONAL_REPRESENTATION('',(#12821),#12825);
#12821 = LINE('',#12822,#12823);
#12822 = CARTESIAN_POINT('',(0.,0.));
#12823 = VECTOR('',#12824,1.);
#12824 = DIRECTION('',(0.,-1.));
#12825 = ( GEOMETRIC_REPRESENTATION_CONTEXT(2) 
PARAMETRIC_REPRESENTATION_CONTEXT() REPRESENTATION_CONTEXT('2D SPACE',''
  ) );
#12826 = PCURVE('',#5612,#12827);
#12827 = DEFINITIONAL_REPRESENTATION('',(#12828),#12832);
#12828 = LINE('',#12829,#12830);
#12829 = CARTESIAN_POINT('',(2.334055432631,0.));
#12830 = VECTOR('',#12831,1.);
#12831 = DIRECTION('',(0.,-1.));
#12832 = ( GEOMETRIC_REPRESENTATION_CONTEXT(2) 
PARAMETRIC_REPRESENTATION_CONTEXT() REPRESENTATION_CONTEXT('2D SPACE',''
  ) );
#12833 = ORIENTED_EDGE('',*,*,#5624,.T.);
#12834 = ORIENTED_EDGE('',*,*,#12762,.F.);
#12835 = ORIENTED_EDGE('',*,*,#12836,.F.);
#12836 = EDGE_CURVE('',#12812,#12763,#12837,.T.);
#12837 = SURFACE_CURVE('',#12838,(#12842,#12849),.PCURVE_S1.);
#12838 = LINE('',#12839,#12840);
#12839 = CARTESIAN_POINT('',(8.879760742188,-56.12453125,1.2));
#12840 = VECTOR('',#12841,1.);
#12841 = DIRECTION('',(1.,0.,0.));
#12842 = PCURVE('',#5640,#12843);
#12843 = DEFINITIONAL_REPRESENTATION('',(#12844),#12848);
#12844 = LINE('',#12845,#12846);
#12845 = CARTESIAN_POINT('',(0.,0.));
#12846 = VECTOR('',#12847,1.);
#12847 = DIRECTION('',(1.,0.));
#12848 = ( GEOMETRIC_REPRESENTATION_CONTEXT(2) 
PARAMETRIC_REPRESENTATION_CONTEXT() REPRESENTATION_CONTEXT('2D SPACE',''
  ) );
#12849 = PCURVE('',#12453,#12850);
#12850 = DEFINITIONAL_REPRESENTATION('',(#12851),#12855);
#12851 = LINE('',#12852,#12853);
#12852 = CARTESIAN_POINT('',(3.65234375,4.009521484375));
#12853 = VECTOR('',#12854,1.);
#12854 = DIRECTION('',(1.,0.));
#12855 = ( GEOMETRIC_REPRESENTATION_CONTEXT(2) 
PARAMETRIC_REPRESENTATION_CONTEXT() REPRESENTATION_CONTEXT('2D SPACE',''
  ) );
#12856 = ADVANCED_FACE('',(#12857),#5612,.F.);
#12857 = FACE_BOUND('',#12858,.F.);
#12858 = EDGE_LOOP('',(#12859,#12882,#12883,#12884));
#12859 = ORIENTED_EDGE('',*,*,#12860,.T.);
#12860 = EDGE_CURVE('',#12861,#5569,#12863,.T.);
#12861 = VERTEX_POINT('',#12862);
#12862 = CARTESIAN_POINT('',(7.961303710938,-58.27028320312,1.2));
#12863 = SURFACE_CURVE('',#12864,(#12868,#12875),.PCURVE_S1.);
#12864 = LINE('',#12865,#12866);
#12865 = CARTESIAN_POINT('',(7.961303710938,-58.27028320312,1.2));
#12866 = VECTOR('',#12867,1.);
#12867 = DIRECTION('',(0.,0.,1.));
#12868 = PCURVE('',#5612,#12869);
#12869 = DEFINITIONAL_REPRESENTATION('',(#12870),#12874);
#12870 = LINE('',#12871,#12872);
#12871 = CARTESIAN_POINT('',(0.,0.));
#12872 = VECTOR('',#12873,1.);
#12873 = DIRECTION('',(0.,-1.));
#12874 = ( GEOMETRIC_REPRESENTATION_CONTEXT(2) 
PARAMETRIC_REPRESENTATION_CONTEXT() REPRESENTATION_CONTEXT('2D SPACE',''
  ) );
#12875 = PCURVE('',#5584,#12876);
#12876 = DEFINITIONAL_REPRESENTATION('',(#12877),#12881);
#12877 = LINE('',#12878,#12879);
#12878 = CARTESIAN_POINT('',(2.33194712067,0.));
#12879 = VECTOR('',#12880,1.);
#12880 = DIRECTION('',(0.,-1.));
#12881 = ( GEOMETRIC_REPRESENTATION_CONTEXT(2) 
PARAMETRIC_REPRESENTATION_CONTEXT() REPRESENTATION_CONTEXT('2D SPACE',''
  ) );
#12882 = ORIENTED_EDGE('',*,*,#5596,.T.);
#12883 = ORIENTED_EDGE('',*,*,#12811,.F.);
#12884 = ORIENTED_EDGE('',*,*,#12885,.F.);
#12885 = EDGE_CURVE('',#12861,#12812,#12886,.T.);
#12886 = SURFACE_CURVE('',#12887,(#12891,#12898),.PCURVE_S1.);
#12887 = LINE('',#12888,#12889);
#12888 = CARTESIAN_POINT('',(7.961303710938,-58.27028320312,1.2));
#12889 = VECTOR('',#12890,1.);
#12890 = DIRECTION('',(0.393502664251,0.919323475838,0.));
#12891 = PCURVE('',#5612,#12892);
#12892 = DEFINITIONAL_REPRESENTATION('',(#12893),#12897);
#12893 = LINE('',#12894,#12895);
#12894 = CARTESIAN_POINT('',(0.,0.));
#12895 = VECTOR('',#12896,1.);
#12896 = DIRECTION('',(1.,0.));
#12897 = ( GEOMETRIC_REPRESENTATION_CONTEXT(2) 
PARAMETRIC_REPRESENTATION_CONTEXT() REPRESENTATION_CONTEXT('2D SPACE',''
  ) );
#12898 = PCURVE('',#12453,#12899);
#12899 = DEFINITIONAL_REPRESENTATION('',(#12900),#12904);
#12900 = LINE('',#12901,#12902);
#12901 = CARTESIAN_POINT('',(2.73388671875,1.86376953125));
#12902 = VECTOR('',#12903,1.);
#12903 = DIRECTION('',(0.393502664251,0.919323475838));
#12904 = ( GEOMETRIC_REPRESENTATION_CONTEXT(2) 
PARAMETRIC_REPRESENTATION_CONTEXT() REPRESENTATION_CONTEXT('2D SPACE',''
  ) );
#12905 = ADVANCED_FACE('',(#12906),#5584,.F.);
#12906 = FACE_BOUND('',#12907,.F.);
#12907 = EDGE_LOOP('',(#12908,#12931,#12932,#12933));
#12908 = ORIENTED_EDGE('',*,*,#12909,.T.);
#12909 = EDGE_CURVE('',#12910,#5541,#12912,.T.);
#12910 = VERTEX_POINT('',#12911);
#12911 = CARTESIAN_POINT('',(7.048217773438,-56.12453125,1.2));
#12912 = SURFACE_CURVE('',#12913,(#12917,#12924),.PCURVE_S1.);
#12913 = LINE('',#12914,#12915);
#12914 = CARTESIAN_POINT('',(7.048217773438,-56.12453125,1.2));
#12915 = VECTOR('',#12916,1.);
#12916 = DIRECTION('',(0.,0.,1.));
#12917 = PCURVE('',#5584,#12918);
#12918 = DEFINITIONAL_REPRESENTATION('',(#12919),#12923);
#12919 = LINE('',#12920,#12921);
#12920 = CARTESIAN_POINT('',(0.,0.));
#12921 = VECTOR('',#12922,1.);
#12922 = DIRECTION('',(0.,-1.));
#12923 = ( GEOMETRIC_REPRESENTATION_CONTEXT(2) 
PARAMETRIC_REPRESENTATION_CONTEXT() REPRESENTATION_CONTEXT('2D SPACE',''
  ) );
#12924 = PCURVE('',#5556,#12925);
#12925 = DEFINITIONAL_REPRESENTATION('',(#12926),#12930);
#12926 = LINE('',#12927,#12928);
#12927 = CARTESIAN_POINT('',(1.31591796875,0.));
#12928 = VECTOR('',#12929,1.);
#12929 = DIRECTION('',(0.,-1.));
#12930 = ( GEOMETRIC_REPRESENTATION_CONTEXT(2) 
PARAMETRIC_REPRESENTATION_CONTEXT() REPRESENTATION_CONTEXT('2D SPACE',''
  ) );
#12931 = ORIENTED_EDGE('',*,*,#5568,.T.);
#12932 = ORIENTED_EDGE('',*,*,#12860,.F.);
#12933 = ORIENTED_EDGE('',*,*,#12934,.F.);
#12934 = EDGE_CURVE('',#12910,#12861,#12935,.T.);
#12935 = SURFACE_CURVE('',#12936,(#12940,#12947),.PCURVE_S1.);
#12936 = LINE('',#12937,#12938);
#12937 = CARTESIAN_POINT('',(7.048217773438,-56.12453125,1.2));
#12938 = VECTOR('',#12939,1.);
#12939 = DIRECTION('',(0.391555164097,-0.920154635629,0.));
#12940 = PCURVE('',#5584,#12941);
#12941 = DEFINITIONAL_REPRESENTATION('',(#12942),#12946);
#12942 = LINE('',#12943,#12944);
#12943 = CARTESIAN_POINT('',(0.,0.));
#12944 = VECTOR('',#12945,1.);
#12945 = DIRECTION('',(1.,0.));
#12946 = ( GEOMETRIC_REPRESENTATION_CONTEXT(2) 
PARAMETRIC_REPRESENTATION_CONTEXT() REPRESENTATION_CONTEXT('2D SPACE',''
  ) );
#12947 = PCURVE('',#12453,#12948);
#12948 = DEFINITIONAL_REPRESENTATION('',(#12949),#12953);
#12949 = LINE('',#12950,#12951);
#12950 = CARTESIAN_POINT('',(1.82080078125,4.009521484375));
#12951 = VECTOR('',#12952,1.);
#12952 = DIRECTION('',(0.391555164097,-0.920154635629));
#12953 = ( GEOMETRIC_REPRESENTATION_CONTEXT(2) 
PARAMETRIC_REPRESENTATION_CONTEXT() REPRESENTATION_CONTEXT('2D SPACE',''
  ) );
#12954 = ADVANCED_FACE('',(#12955),#5556,.F.);
#12955 = FACE_BOUND('',#12956,.F.);
#12956 = EDGE_LOOP('',(#12957,#12980,#12981,#12982));
#12957 = ORIENTED_EDGE('',*,*,#12958,.T.);
#12958 = EDGE_CURVE('',#12959,#5513,#12961,.T.);
#12959 = VERTEX_POINT('',#12960);
#12960 = CARTESIAN_POINT('',(5.732299804688,-56.12453125,1.2));
#12961 = SURFACE_CURVE('',#12962,(#12966,#12973),.PCURVE_S1.);
#12962 = LINE('',#12963,#12964);
#12963 = CARTESIAN_POINT('',(5.732299804688,-56.12453125,1.2));
#12964 = VECTOR('',#12965,1.);
#12965 = DIRECTION('',(0.,0.,1.));
#12966 = PCURVE('',#5556,#12967);
#12967 = DEFINITIONAL_REPRESENTATION('',(#12968),#12972);
#12968 = LINE('',#12969,#12970);
#12969 = CARTESIAN_POINT('',(0.,0.));
#12970 = VECTOR('',#12971,1.);
#12971 = DIRECTION('',(0.,-1.));
#12972 = ( GEOMETRIC_REPRESENTATION_CONTEXT(2) 
PARAMETRIC_REPRESENTATION_CONTEXT() REPRESENTATION_CONTEXT('2D SPACE',''
  ) );
#12973 = PCURVE('',#5528,#12974);
#12974 = DEFINITIONAL_REPRESENTATION('',(#12975),#12979);
#12975 = LINE('',#12976,#12977);
#12976 = CARTESIAN_POINT('',(4.009521484375,0.));
#12977 = VECTOR('',#12978,1.);
#12978 = DIRECTION('',(0.,-1.));
#12979 = ( GEOMETRIC_REPRESENTATION_CONTEXT(2) 
PARAMETRIC_REPRESENTATION_CONTEXT() REPRESENTATION_CONTEXT('2D SPACE',''
  ) );
#12980 = ORIENTED_EDGE('',*,*,#5540,.T.);
#12981 = ORIENTED_EDGE('',*,*,#12909,.F.);
#12982 = ORIENTED_EDGE('',*,*,#12983,.F.);
#12983 = EDGE_CURVE('',#12959,#12910,#12984,.T.);
#12984 = SURFACE_CURVE('',#12985,(#12989,#12996),.PCURVE_S1.);
#12985 = LINE('',#12986,#12987);
#12986 = CARTESIAN_POINT('',(5.732299804688,-56.12453125,1.2));
#12987 = VECTOR('',#12988,1.);
#12988 = DIRECTION('',(1.,0.,0.));
#12989 = PCURVE('',#5556,#12990);
#12990 = DEFINITIONAL_REPRESENTATION('',(#12991),#12995);
#12991 = LINE('',#12992,#12993);
#12992 = CARTESIAN_POINT('',(0.,0.));
#12993 = VECTOR('',#12994,1.);
#12994 = DIRECTION('',(1.,0.));
#12995 = ( GEOMETRIC_REPRESENTATION_CONTEXT(2) 
PARAMETRIC_REPRESENTATION_CONTEXT() REPRESENTATION_CONTEXT('2D SPACE',''
  ) );
#12996 = PCURVE('',#12453,#12997);
#12997 = DEFINITIONAL_REPRESENTATION('',(#12998),#13002);
#12998 = LINE('',#12999,#13000);
#12999 = CARTESIAN_POINT('',(0.5048828125,4.009521484375));
#13000 = VECTOR('',#13001,1.);
#13001 = DIRECTION('',(1.,0.));
#13002 = ( GEOMETRIC_REPRESENTATION_CONTEXT(2) 
PARAMETRIC_REPRESENTATION_CONTEXT() REPRESENTATION_CONTEXT('2D SPACE',''
  ) );
#13003 = ADVANCED_FACE('',(#13004),#5528,.F.);
#13004 = FACE_BOUND('',#13005,.F.);
#13005 = EDGE_LOOP('',(#13006,#13007,#13008,#13009));
#13006 = ORIENTED_EDGE('',*,*,#12416,.T.);
#13007 = ORIENTED_EDGE('',*,*,#5512,.T.);
#13008 = ORIENTED_EDGE('',*,*,#12958,.F.);
#13009 = ORIENTED_EDGE('',*,*,#13010,.F.);
#13010 = EDGE_CURVE('',#12417,#12959,#13011,.T.);
#13011 = SURFACE_CURVE('',#13012,(#13016,#13023),.PCURVE_S1.);
#13012 = LINE('',#13013,#13014);
#13013 = CARTESIAN_POINT('',(5.732299804688,-60.13405273437,1.2));
#13014 = VECTOR('',#13015,1.);
#13015 = DIRECTION('',(0.,1.,0.));
#13016 = PCURVE('',#5528,#13017);
#13017 = DEFINITIONAL_REPRESENTATION('',(#13018),#13022);
#13018 = LINE('',#13019,#13020);
#13019 = CARTESIAN_POINT('',(0.,0.));
#13020 = VECTOR('',#13021,1.);
#13021 = DIRECTION('',(1.,0.));
#13022 = ( GEOMETRIC_REPRESENTATION_CONTEXT(2) 
PARAMETRIC_REPRESENTATION_CONTEXT() REPRESENTATION_CONTEXT('2D SPACE',''
  ) );
#13023 = PCURVE('',#12453,#13024);
#13024 = DEFINITIONAL_REPRESENTATION('',(#13025),#13029);
#13025 = LINE('',#13026,#13027);
#13026 = CARTESIAN_POINT('',(0.5048828125,0.));
#13027 = VECTOR('',#13028,1.);
#13028 = DIRECTION('',(0.,1.));
#13029 = ( GEOMETRIC_REPRESENTATION_CONTEXT(2) 
PARAMETRIC_REPRESENTATION_CONTEXT() REPRESENTATION_CONTEXT('2D SPACE',''
  ) );
#13030 = ADVANCED_FACE('',(#13031),#5866,.F.);
#13031 = FACE_BOUND('',#13032,.F.);
#13032 = EDGE_LOOP('',(#13033,#13056,#13057,#13080));
#13033 = ORIENTED_EDGE('',*,*,#13034,.T.);
#13034 = EDGE_CURVE('',#13035,#5849,#13037,.T.);
#13035 = VERTEX_POINT('',#13036);
#13036 = CARTESIAN_POINT('',(14.930297851562,-60.13405273437,1.2));
#13037 = SURFACE_CURVE('',#13038,(#13042,#13049),.PCURVE_S1.);
#13038 = LINE('',#13039,#13040);
#13039 = CARTESIAN_POINT('',(14.930297851562,-60.13405273437,1.2));
#13040 = VECTOR('',#13041,1.);
#13041 = DIRECTION('',(0.,0.,1.));
#13042 = PCURVE('',#5866,#13043);
#13043 = DEFINITIONAL_REPRESENTATION('',(#13044),#13048);
#13044 = LINE('',#13045,#13046);
#13045 = CARTESIAN_POINT('',(0.,-0.));
#13046 = VECTOR('',#13047,1.);
#13047 = DIRECTION('',(0.,-1.));
#13048 = ( GEOMETRIC_REPRESENTATION_CONTEXT(2) 
PARAMETRIC_REPRESENTATION_CONTEXT() REPRESENTATION_CONTEXT('2D SPACE',''
  ) );
#13049 = PCURVE('',#6060,#13050);
#13050 = DEFINITIONAL_REPRESENTATION('',(#13051),#13055);
#13051 = LINE('',#13052,#13053);
#13052 = CARTESIAN_POINT('',(4.275722931642,0.));
#13053 = VECTOR('',#13054,1.);
#13054 = DIRECTION('',(0.,-1.));
#13055 = ( GEOMETRIC_REPRESENTATION_CONTEXT(2) 
PARAMETRIC_REPRESENTATION_CONTEXT() REPRESENTATION_CONTEXT('2D SPACE',''
  ) );
#13056 = ORIENTED_EDGE('',*,*,#5848,.T.);
#13057 = ORIENTED_EDGE('',*,*,#13058,.F.);
#13058 = EDGE_CURVE('',#13059,#5851,#13061,.T.);
#13059 = VERTEX_POINT('',#13060);
#13060 = CARTESIAN_POINT('',(13.890991210938,-60.13405273437,1.2));
#13061 = SURFACE_CURVE('',#13062,(#13066,#13073),.PCURVE_S1.);
#13062 = LINE('',#13063,#13064);
#13063 = CARTESIAN_POINT('',(13.890991210938,-60.13405273437,1.2));
#13064 = VECTOR('',#13065,1.);
#13065 = DIRECTION('',(0.,0.,1.));
#13066 = PCURVE('',#5866,#13067);
#13067 = DEFINITIONAL_REPRESENTATION('',(#13068),#13072);
#13068 = LINE('',#13069,#13070);
#13069 = CARTESIAN_POINT('',(1.039306640625,0.));
#13070 = VECTOR('',#13071,1.);
#13071 = DIRECTION('',(0.,-1.));
#13072 = ( GEOMETRIC_REPRESENTATION_CONTEXT(2) 
PARAMETRIC_REPRESENTATION_CONTEXT() REPRESENTATION_CONTEXT('2D SPACE',''
  ) );
#13073 = PCURVE('',#5894,#13074);
#13074 = DEFINITIONAL_REPRESENTATION('',(#13075),#13079);
#13075 = LINE('',#13076,#13077);
#13076 = CARTESIAN_POINT('',(0.,0.));
#13077 = VECTOR('',#13078,1.);
#13078 = DIRECTION('',(0.,-1.));
#13079 = ( GEOMETRIC_REPRESENTATION_CONTEXT(2) 
PARAMETRIC_REPRESENTATION_CONTEXT() REPRESENTATION_CONTEXT('2D SPACE',''
  ) );
#13080 = ORIENTED_EDGE('',*,*,#13081,.F.);
#13081 = EDGE_CURVE('',#13035,#13059,#13082,.T.);
#13082 = SURFACE_CURVE('',#13083,(#13087,#13094),.PCURVE_S1.);
#13083 = LINE('',#13084,#13085);
#13084 = CARTESIAN_POINT('',(14.930297851562,-60.13405273437,1.2));
#13085 = VECTOR('',#13086,1.);
#13086 = DIRECTION('',(-1.,0.,0.));
#13087 = PCURVE('',#5866,#13088);
#13088 = DEFINITIONAL_REPRESENTATION('',(#13089),#13093);
#13089 = LINE('',#13090,#13091);
#13090 = CARTESIAN_POINT('',(0.,-0.));
#13091 = VECTOR('',#13092,1.);
#13092 = DIRECTION('',(1.,0.));
#13093 = ( GEOMETRIC_REPRESENTATION_CONTEXT(2) 
PARAMETRIC_REPRESENTATION_CONTEXT() REPRESENTATION_CONTEXT('2D SPACE',''
  ) );
#13094 = PCURVE('',#13095,#13100);
#13095 = PLANE('',#13096);
#13096 = AXIS2_PLACEMENT_3D('',#13097,#13098,#13099);
#13097 = CARTESIAN_POINT('',(10.700561523438,-60.13405273437,1.2));
#13098 = DIRECTION('',(0.,0.,1.));
#13099 = DIRECTION('',(1.,0.,0.));
#13100 = DEFINITIONAL_REPRESENTATION('',(#13101),#13105);
#13101 = LINE('',#13102,#13103);
#13102 = CARTESIAN_POINT('',(4.229736328125,0.));
#13103 = VECTOR('',#13104,1.);
#13104 = DIRECTION('',(-1.,0.));
#13105 = ( GEOMETRIC_REPRESENTATION_CONTEXT(2) 
PARAMETRIC_REPRESENTATION_CONTEXT() REPRESENTATION_CONTEXT('2D SPACE',''
  ) );
#13106 = ADVANCED_FACE('',(#13107),#6060,.F.);
#13107 = FACE_BOUND('',#13108,.F.);
#13108 = EDGE_LOOP('',(#13109,#13132,#13133,#13134));
#13109 = ORIENTED_EDGE('',*,*,#13110,.T.);
#13110 = EDGE_CURVE('',#13111,#6019,#13113,.T.);
#13111 = VERTEX_POINT('',#13112);
#13112 = CARTESIAN_POINT('',(13.445190429688,-56.12453125,1.2));
#13113 = SURFACE_CURVE('',#13114,(#13118,#13125),.PCURVE_S1.);
#13114 = LINE('',#13115,#13116);
#13115 = CARTESIAN_POINT('',(13.445190429688,-56.12453125,1.2));
#13116 = VECTOR('',#13117,1.);
#13117 = DIRECTION('',(0.,0.,1.));
#13118 = PCURVE('',#6060,#13119);
#13119 = DEFINITIONAL_REPRESENTATION('',(#13120),#13124);
#13120 = LINE('',#13121,#13122);
#13121 = CARTESIAN_POINT('',(0.,0.));
#13122 = VECTOR('',#13123,1.);
#13123 = DIRECTION('',(0.,-1.));
#13124 = ( GEOMETRIC_REPRESENTATION_CONTEXT(2) 
PARAMETRIC_REPRESENTATION_CONTEXT() REPRESENTATION_CONTEXT('2D SPACE',''
  ) );
#13125 = PCURVE('',#6034,#13126);
#13126 = DEFINITIONAL_REPRESENTATION('',(#13127),#13131);
#13127 = LINE('',#13128,#13129);
#13128 = CARTESIAN_POINT('',(1.232666015625,0.));
#13129 = VECTOR('',#13130,1.);
#13130 = DIRECTION('',(0.,-1.));
#13131 = ( GEOMETRIC_REPRESENTATION_CONTEXT(2) 
PARAMETRIC_REPRESENTATION_CONTEXT() REPRESENTATION_CONTEXT('2D SPACE',''
  ) );
#13132 = ORIENTED_EDGE('',*,*,#6046,.T.);
#13133 = ORIENTED_EDGE('',*,*,#13034,.F.);
#13134 = ORIENTED_EDGE('',*,*,#13135,.F.);
#13135 = EDGE_CURVE('',#13111,#13035,#13136,.T.);
#13136 = SURFACE_CURVE('',#13137,(#13141,#13148),.PCURVE_S1.);
#13137 = LINE('',#13138,#13139);
#13138 = CARTESIAN_POINT('',(13.445190429688,-56.12453125,1.2));
#13139 = VECTOR('',#13140,1.);
#13140 = DIRECTION('',(0.347334812292,-0.937741184,0.));
#13141 = PCURVE('',#6060,#13142);
#13142 = DEFINITIONAL_REPRESENTATION('',(#13143),#13147);
#13143 = LINE('',#13144,#13145);
#13144 = CARTESIAN_POINT('',(0.,0.));
#13145 = VECTOR('',#13146,1.);
#13146 = DIRECTION('',(1.,0.));
#13147 = ( GEOMETRIC_REPRESENTATION_CONTEXT(2) 
PARAMETRIC_REPRESENTATION_CONTEXT() REPRESENTATION_CONTEXT('2D SPACE',''
  ) );
#13148 = PCURVE('',#13095,#13149);
#13149 = DEFINITIONAL_REPRESENTATION('',(#13150),#13154);
#13150 = LINE('',#13151,#13152);
#13151 = CARTESIAN_POINT('',(2.74462890625,4.009521484375));
#13152 = VECTOR('',#13153,1.);
#13153 = DIRECTION('',(0.347334812292,-0.937741184));
#13154 = ( GEOMETRIC_REPRESENTATION_CONTEXT(2) 
PARAMETRIC_REPRESENTATION_CONTEXT() REPRESENTATION_CONTEXT('2D SPACE',''
  ) );
#13155 = ADVANCED_FACE('',(#13156),#6034,.F.);
#13156 = FACE_BOUND('',#13157,.F.);
#13157 = EDGE_LOOP('',(#13158,#13181,#13182,#13183));
#13158 = ORIENTED_EDGE('',*,*,#13159,.T.);
#13159 = EDGE_CURVE('',#13160,#5991,#13162,.T.);
#13160 = VERTEX_POINT('',#13161);
#13161 = CARTESIAN_POINT('',(12.212524414062,-56.12453125,1.2));
#13162 = SURFACE_CURVE('',#13163,(#13167,#13174),.PCURVE_S1.);
#13163 = LINE('',#13164,#13165);
#13164 = CARTESIAN_POINT('',(12.212524414062,-56.12453125,1.2));
#13165 = VECTOR('',#13166,1.);
#13166 = DIRECTION('',(0.,0.,1.));
#13167 = PCURVE('',#6034,#13168);
#13168 = DEFINITIONAL_REPRESENTATION('',(#13169),#13173);
#13169 = LINE('',#13170,#13171);
#13170 = CARTESIAN_POINT('',(0.,0.));
#13171 = VECTOR('',#13172,1.);
#13172 = DIRECTION('',(0.,-1.));
#13173 = ( GEOMETRIC_REPRESENTATION_CONTEXT(2) 
PARAMETRIC_REPRESENTATION_CONTEXT() REPRESENTATION_CONTEXT('2D SPACE',''
  ) );
#13174 = PCURVE('',#6006,#13175);
#13175 = DEFINITIONAL_REPRESENTATION('',(#13176),#13180);
#13176 = LINE('',#13177,#13178);
#13177 = CARTESIAN_POINT('',(4.275722931642,0.));
#13178 = VECTOR('',#13179,1.);
#13179 = DIRECTION('',(0.,-1.));
#13180 = ( GEOMETRIC_REPRESENTATION_CONTEXT(2) 
PARAMETRIC_REPRESENTATION_CONTEXT() REPRESENTATION_CONTEXT('2D SPACE',''
  ) );
#13181 = ORIENTED_EDGE('',*,*,#6018,.T.);
#13182 = ORIENTED_EDGE('',*,*,#13110,.F.);
#13183 = ORIENTED_EDGE('',*,*,#13184,.F.);
#13184 = EDGE_CURVE('',#13160,#13111,#13185,.T.);
#13185 = SURFACE_CURVE('',#13186,(#13190,#13197),.PCURVE_S1.);
#13186 = LINE('',#13187,#13188);
#13187 = CARTESIAN_POINT('',(12.212524414062,-56.12453125,1.2));
#13188 = VECTOR('',#13189,1.);
#13189 = DIRECTION('',(1.,0.,0.));
#13190 = PCURVE('',#6034,#13191);
#13191 = DEFINITIONAL_REPRESENTATION('',(#13192),#13196);
#13192 = LINE('',#13193,#13194);
#13193 = CARTESIAN_POINT('',(0.,0.));
#13194 = VECTOR('',#13195,1.);
#13195 = DIRECTION('',(1.,0.));
#13196 = ( GEOMETRIC_REPRESENTATION_CONTEXT(2) 
PARAMETRIC_REPRESENTATION_CONTEXT() REPRESENTATION_CONTEXT('2D SPACE',''
  ) );
#13197 = PCURVE('',#13095,#13198);
#13198 = DEFINITIONAL_REPRESENTATION('',(#13199),#13203);
#13199 = LINE('',#13200,#13201);
#13200 = CARTESIAN_POINT('',(1.511962890625,4.009521484375));
#13201 = VECTOR('',#13202,1.);
#13202 = DIRECTION('',(1.,0.));
#13203 = ( GEOMETRIC_REPRESENTATION_CONTEXT(2) 
PARAMETRIC_REPRESENTATION_CONTEXT() REPRESENTATION_CONTEXT('2D SPACE',''
  ) );
#13204 = ADVANCED_FACE('',(#13205),#6006,.F.);
#13205 = FACE_BOUND('',#13206,.F.);
#13206 = EDGE_LOOP('',(#13207,#13230,#13231,#13232));
#13207 = ORIENTED_EDGE('',*,*,#13208,.T.);
#13208 = EDGE_CURVE('',#13209,#5963,#13211,.T.);
#13209 = VERTEX_POINT('',#13210);
#13210 = CARTESIAN_POINT('',(10.727416992188,-60.13405273437,1.2));
#13211 = SURFACE_CURVE('',#13212,(#13216,#13223),.PCURVE_S1.);
#13212 = LINE('',#13213,#13214);
#13213 = CARTESIAN_POINT('',(10.727416992188,-60.13405273437,1.2));
#13214 = VECTOR('',#13215,1.);
#13215 = DIRECTION('',(0.,0.,1.));
#13216 = PCURVE('',#6006,#13217);
#13217 = DEFINITIONAL_REPRESENTATION('',(#13218),#13222);
#13218 = LINE('',#13219,#13220);
#13219 = CARTESIAN_POINT('',(0.,0.));
#13220 = VECTOR('',#13221,1.);
#13221 = DIRECTION('',(0.,-1.));
#13222 = ( GEOMETRIC_REPRESENTATION_CONTEXT(2) 
PARAMETRIC_REPRESENTATION_CONTEXT() REPRESENTATION_CONTEXT('2D SPACE',''
  ) );
#13223 = PCURVE('',#5978,#13224);
#13224 = DEFINITIONAL_REPRESENTATION('',(#13225),#13229);
#13225 = LINE('',#13226,#13227);
#13226 = CARTESIAN_POINT('',(1.039306640625,0.));
#13227 = VECTOR('',#13228,1.);
#13228 = DIRECTION('',(0.,-1.));
#13229 = ( GEOMETRIC_REPRESENTATION_CONTEXT(2) 
PARAMETRIC_REPRESENTATION_CONTEXT() REPRESENTATION_CONTEXT('2D SPACE',''
  ) );
#13230 = ORIENTED_EDGE('',*,*,#5990,.T.);
#13231 = ORIENTED_EDGE('',*,*,#13159,.F.);
#13232 = ORIENTED_EDGE('',*,*,#13233,.F.);
#13233 = EDGE_CURVE('',#13209,#13160,#13234,.T.);
#13234 = SURFACE_CURVE('',#13235,(#13239,#13246),.PCURVE_S1.);
#13235 = LINE('',#13236,#13237);
#13236 = CARTESIAN_POINT('',(10.727416992188,-60.13405273437,1.2));
#13237 = VECTOR('',#13238,1.);
#13238 = DIRECTION('',(0.347334812292,0.937741184,0.));
#13239 = PCURVE('',#6006,#13240);
#13240 = DEFINITIONAL_REPRESENTATION('',(#13241),#13245);
#13241 = LINE('',#13242,#13243);
#13242 = CARTESIAN_POINT('',(0.,0.));
#13243 = VECTOR('',#13244,1.);
#13244 = DIRECTION('',(1.,0.));
#13245 = ( GEOMETRIC_REPRESENTATION_CONTEXT(2) 
PARAMETRIC_REPRESENTATION_CONTEXT() REPRESENTATION_CONTEXT('2D SPACE',''
  ) );
#13246 = PCURVE('',#13095,#13247);
#13247 = DEFINITIONAL_REPRESENTATION('',(#13248),#13252);
#13248 = LINE('',#13249,#13250);
#13249 = CARTESIAN_POINT('',(2.685546875E-02,0.));
#13250 = VECTOR('',#13251,1.);
#13251 = DIRECTION('',(0.347334812292,0.937741184));
#13252 = ( GEOMETRIC_REPRESENTATION_CONTEXT(2) 
PARAMETRIC_REPRESENTATION_CONTEXT() REPRESENTATION_CONTEXT('2D SPACE',''
  ) );
#13253 = ADVANCED_FACE('',(#13254),#5978,.F.);
#13254 = FACE_BOUND('',#13255,.F.);
#13255 = EDGE_LOOP('',(#13256,#13279,#13280,#13281));
#13256 = ORIENTED_EDGE('',*,*,#13257,.T.);
#13257 = EDGE_CURVE('',#13258,#5935,#13260,.T.);
#13258 = VERTEX_POINT('',#13259);
#13259 = CARTESIAN_POINT('',(11.766723632812,-60.13405273437,1.2));
#13260 = SURFACE_CURVE('',#13261,(#13265,#13272),.PCURVE_S1.);
#13261 = LINE('',#13262,#13263);
#13262 = CARTESIAN_POINT('',(11.766723632812,-60.13405273437,1.2));
#13263 = VECTOR('',#13264,1.);
#13264 = DIRECTION('',(0.,0.,1.));
#13265 = PCURVE('',#5978,#13266);
#13266 = DEFINITIONAL_REPRESENTATION('',(#13267),#13271);
#13267 = LINE('',#13268,#13269);
#13268 = CARTESIAN_POINT('',(0.,-0.));
#13269 = VECTOR('',#13270,1.);
#13270 = DIRECTION('',(0.,-1.));
#13271 = ( GEOMETRIC_REPRESENTATION_CONTEXT(2) 
PARAMETRIC_REPRESENTATION_CONTEXT() REPRESENTATION_CONTEXT('2D SPACE',''
  ) );
#13272 = PCURVE('',#5950,#13273);
#13273 = DEFINITIONAL_REPRESENTATION('',(#13274),#13278);
#13274 = LINE('',#13275,#13276);
#13275 = CARTESIAN_POINT('',(0.773740497155,0.));
#13276 = VECTOR('',#13277,1.);
#13277 = DIRECTION('',(0.,-1.));
#13278 = ( GEOMETRIC_REPRESENTATION_CONTEXT(2) 
PARAMETRIC_REPRESENTATION_CONTEXT() REPRESENTATION_CONTEXT('2D SPACE',''
  ) );
#13279 = ORIENTED_EDGE('',*,*,#5962,.T.);
#13280 = ORIENTED_EDGE('',*,*,#13208,.F.);
#13281 = ORIENTED_EDGE('',*,*,#13282,.F.);
#13282 = EDGE_CURVE('',#13258,#13209,#13283,.T.);
#13283 = SURFACE_CURVE('',#13284,(#13288,#13295),.PCURVE_S1.);
#13284 = LINE('',#13285,#13286);
#13285 = CARTESIAN_POINT('',(11.766723632812,-60.13405273437,1.2));
#13286 = VECTOR('',#13287,1.);
#13287 = DIRECTION('',(-1.,0.,0.));
#13288 = PCURVE('',#5978,#13289);
#13289 = DEFINITIONAL_REPRESENTATION('',(#13290),#13294);
#13290 = LINE('',#13291,#13292);
#13291 = CARTESIAN_POINT('',(0.,-0.));
#13292 = VECTOR('',#13293,1.);
#13293 = DIRECTION('',(1.,0.));
#13294 = ( GEOMETRIC_REPRESENTATION_CONTEXT(2) 
PARAMETRIC_REPRESENTATION_CONTEXT() REPRESENTATION_CONTEXT('2D SPACE',''
  ) );
#13295 = PCURVE('',#13095,#13296);
#13296 = DEFINITIONAL_REPRESENTATION('',(#13297),#13301);
#13297 = LINE('',#13298,#13299);
#13298 = CARTESIAN_POINT('',(1.066162109375,0.));
#13299 = VECTOR('',#13300,1.);
#13300 = DIRECTION('',(-1.,0.));
#13301 = ( GEOMETRIC_REPRESENTATION_CONTEXT(2) 
PARAMETRIC_REPRESENTATION_CONTEXT() REPRESENTATION_CONTEXT('2D SPACE',''
  ) );
#13302 = ADVANCED_FACE('',(#13303),#5950,.F.);
#13303 = FACE_BOUND('',#13304,.F.);
#13304 = EDGE_LOOP('',(#13305,#13328,#13329,#13330));
#13305 = ORIENTED_EDGE('',*,*,#13306,.T.);
#13306 = EDGE_CURVE('',#13307,#5907,#13309,.T.);
#13307 = VERTEX_POINT('',#13308);
#13308 = CARTESIAN_POINT('',(12.021850585938,-59.40358398437,1.2));
#13309 = SURFACE_CURVE('',#13310,(#13314,#13321),.PCURVE_S1.);
#13310 = LINE('',#13311,#13312);
#13311 = CARTESIAN_POINT('',(12.021850585938,-59.40358398437,1.2));
#13312 = VECTOR('',#13313,1.);
#13313 = DIRECTION('',(0.,0.,1.));
#13314 = PCURVE('',#5950,#13315);
#13315 = DEFINITIONAL_REPRESENTATION('',(#13316),#13320);
#13316 = LINE('',#13317,#13318);
#13317 = CARTESIAN_POINT('',(0.,0.));
#13318 = VECTOR('',#13319,1.);
#13319 = DIRECTION('',(0.,-1.));
#13320 = ( GEOMETRIC_REPRESENTATION_CONTEXT(2) 
PARAMETRIC_REPRESENTATION_CONTEXT() REPRESENTATION_CONTEXT('2D SPACE',''
  ) );
#13321 = PCURVE('',#5922,#13322);
#13322 = DEFINITIONAL_REPRESENTATION('',(#13323),#13327);
#13323 = LINE('',#13324,#13325);
#13324 = CARTESIAN_POINT('',(1.61669921875,0.));
#13325 = VECTOR('',#13326,1.);
#13326 = DIRECTION('',(0.,-1.));
#13327 = ( GEOMETRIC_REPRESENTATION_CONTEXT(2) 
PARAMETRIC_REPRESENTATION_CONTEXT() REPRESENTATION_CONTEXT('2D SPACE',''
  ) );
#13328 = ORIENTED_EDGE('',*,*,#5934,.T.);
#13329 = ORIENTED_EDGE('',*,*,#13257,.F.);
#13330 = ORIENTED_EDGE('',*,*,#13331,.F.);
#13331 = EDGE_CURVE('',#13307,#13258,#13332,.T.);
#13332 = SURFACE_CURVE('',#13333,(#13337,#13344),.PCURVE_S1.);
#13333 = LINE('',#13334,#13335);
#13334 = CARTESIAN_POINT('',(12.021850585938,-59.40358398437,1.2));
#13335 = VECTOR('',#13336,1.);
#13336 = DIRECTION('',(-0.32973193734,-0.944074599541,0.));
#13337 = PCURVE('',#5950,#13338);
#13338 = DEFINITIONAL_REPRESENTATION('',(#13339),#13343);
#13339 = LINE('',#13340,#13341);
#13340 = CARTESIAN_POINT('',(0.,0.));
#13341 = VECTOR('',#13342,1.);
#13342 = DIRECTION('',(1.,0.));
#13343 = ( GEOMETRIC_REPRESENTATION_CONTEXT(2) 
PARAMETRIC_REPRESENTATION_CONTEXT() REPRESENTATION_CONTEXT('2D SPACE',''
  ) );
#13344 = PCURVE('',#13095,#13345);
#13345 = DEFINITIONAL_REPRESENTATION('',(#13346),#13350);
#13346 = LINE('',#13347,#13348);
#13347 = CARTESIAN_POINT('',(1.3212890625,0.73046875));
#13348 = VECTOR('',#13349,1.);
#13349 = DIRECTION('',(-0.32973193734,-0.944074599541));
#13350 = ( GEOMETRIC_REPRESENTATION_CONTEXT(2) 
PARAMETRIC_REPRESENTATION_CONTEXT() REPRESENTATION_CONTEXT('2D SPACE',''
  ) );
#13351 = ADVANCED_FACE('',(#13352),#5922,.F.);
#13352 = FACE_BOUND('',#13353,.F.);
#13353 = EDGE_LOOP('',(#13354,#13377,#13378,#13379));
#13354 = ORIENTED_EDGE('',*,*,#13355,.T.);
#13355 = EDGE_CURVE('',#13356,#5879,#13358,.T.);
#13356 = VERTEX_POINT('',#13357);
#13357 = CARTESIAN_POINT('',(13.638549804688,-59.40358398437,1.2));
#13358 = SURFACE_CURVE('',#13359,(#13363,#13370),.PCURVE_S1.);
#13359 = LINE('',#13360,#13361);
#13360 = CARTESIAN_POINT('',(13.638549804688,-59.40358398437,1.2));
#13361 = VECTOR('',#13362,1.);
#13362 = DIRECTION('',(0.,0.,1.));
#13363 = PCURVE('',#5922,#13364);
#13364 = DEFINITIONAL_REPRESENTATION('',(#13365),#13369);
#13365 = LINE('',#13366,#13367);
#13366 = CARTESIAN_POINT('',(0.,-0.));
#13367 = VECTOR('',#13368,1.);
#13368 = DIRECTION('',(0.,-1.));
#13369 = ( GEOMETRIC_REPRESENTATION_CONTEXT(2) 
PARAMETRIC_REPRESENTATION_CONTEXT() REPRESENTATION_CONTEXT('2D SPACE',''
  ) );
#13370 = PCURVE('',#5894,#13371);
#13371 = DEFINITIONAL_REPRESENTATION('',(#13372),#13376);
#13372 = LINE('',#13373,#13374);
#13373 = CARTESIAN_POINT('',(0.772859145198,0.));
#13374 = VECTOR('',#13375,1.);
#13375 = DIRECTION('',(0.,-1.));
#13376 = ( GEOMETRIC_REPRESENTATION_CONTEXT(2) 
PARAMETRIC_REPRESENTATION_CONTEXT() REPRESENTATION_CONTEXT('2D SPACE',''
  ) );
#13377 = ORIENTED_EDGE('',*,*,#5906,.T.);
#13378 = ORIENTED_EDGE('',*,*,#13306,.F.);
#13379 = ORIENTED_EDGE('',*,*,#13380,.F.);
#13380 = EDGE_CURVE('',#13356,#13307,#13381,.T.);
#13381 = SURFACE_CURVE('',#13382,(#13386,#13393),.PCURVE_S1.);
#13382 = LINE('',#13383,#13384);
#13383 = CARTESIAN_POINT('',(13.638549804688,-59.40358398437,1.2));
#13384 = VECTOR('',#13385,1.);
#13385 = DIRECTION('',(-1.,0.,0.));
#13386 = PCURVE('',#5922,#13387);
#13387 = DEFINITIONAL_REPRESENTATION('',(#13388),#13392);
#13388 = LINE('',#13389,#13390);
#13389 = CARTESIAN_POINT('',(0.,-0.));
#13390 = VECTOR('',#13391,1.);
#13391 = DIRECTION('',(1.,0.));
#13392 = ( GEOMETRIC_REPRESENTATION_CONTEXT(2) 
PARAMETRIC_REPRESENTATION_CONTEXT() REPRESENTATION_CONTEXT('2D SPACE',''
  ) );
#13393 = PCURVE('',#13095,#13394);
#13394 = DEFINITIONAL_REPRESENTATION('',(#13395),#13399);
#13395 = LINE('',#13396,#13397);
#13396 = CARTESIAN_POINT('',(2.93798828125,0.73046875));
#13397 = VECTOR('',#13398,1.);
#13398 = DIRECTION('',(-1.,0.));
#13399 = ( GEOMETRIC_REPRESENTATION_CONTEXT(2) 
PARAMETRIC_REPRESENTATION_CONTEXT() REPRESENTATION_CONTEXT('2D SPACE',''
  ) );
#13400 = ADVANCED_FACE('',(#13401),#5894,.F.);
#13401 = FACE_BOUND('',#13402,.F.);
#13402 = EDGE_LOOP('',(#13403,#13404,#13405,#13406));
#13403 = ORIENTED_EDGE('',*,*,#13058,.T.);
#13404 = ORIENTED_EDGE('',*,*,#5878,.T.);
#13405 = ORIENTED_EDGE('',*,*,#13355,.F.);
#13406 = ORIENTED_EDGE('',*,*,#13407,.F.);
#13407 = EDGE_CURVE('',#13059,#13356,#13408,.T.);
#13408 = SURFACE_CURVE('',#13409,(#13413,#13420),.PCURVE_S1.);
#13409 = LINE('',#13410,#13411);
#13410 = CARTESIAN_POINT('',(13.890991210938,-60.13405273437,1.2));
#13411 = VECTOR('',#13412,1.);
#13412 = DIRECTION('',(-0.326633135958,0.945151201922,0.));
#13413 = PCURVE('',#5894,#13414);
#13414 = DEFINITIONAL_REPRESENTATION('',(#13415),#13419);
#13415 = LINE('',#13416,#13417);
#13416 = CARTESIAN_POINT('',(0.,0.));
#13417 = VECTOR('',#13418,1.);
#13418 = DIRECTION('',(1.,0.));
#13419 = ( GEOMETRIC_REPRESENTATION_CONTEXT(2) 
PARAMETRIC_REPRESENTATION_CONTEXT() REPRESENTATION_CONTEXT('2D SPACE',''
  ) );
#13420 = PCURVE('',#13095,#13421);
#13421 = DEFINITIONAL_REPRESENTATION('',(#13422),#13426);
#13422 = LINE('',#13423,#13424);
#13423 = CARTESIAN_POINT('',(3.1904296875,0.));
#13424 = VECTOR('',#13425,1.);
#13425 = DIRECTION('',(-0.326633135958,0.945151201922));
#13426 = ( GEOMETRIC_REPRESENTATION_CONTEXT(2) 
PARAMETRIC_REPRESENTATION_CONTEXT() REPRESENTATION_CONTEXT('2D SPACE',''
  ) );
#13427 = ADVANCED_FACE('',(#13428),#6092,.F.);
#13428 = FACE_BOUND('',#13429,.F.);
#13429 = EDGE_LOOP('',(#13430,#13453,#13454,#13477));
#13430 = ORIENTED_EDGE('',*,*,#13431,.T.);
#13431 = EDGE_CURVE('',#13432,#6075,#13434,.T.);
#13432 = VERTEX_POINT('',#13433);
#13433 = CARTESIAN_POINT('',(17.948852539062,-56.12453125,1.2));
#13434 = SURFACE_CURVE('',#13435,(#13439,#13446),.PCURVE_S1.);
#13435 = LINE('',#13436,#13437);
#13436 = CARTESIAN_POINT('',(17.948852539062,-56.12453125,1.2));
#13437 = VECTOR('',#13438,1.);
#13438 = DIRECTION('',(0.,0.,1.));
#13439 = PCURVE('',#6092,#13440);
#13440 = DEFINITIONAL_REPRESENTATION('',(#13441),#13445);
#13441 = LINE('',#13442,#13443);
#13442 = CARTESIAN_POINT('',(0.,0.));
#13443 = VECTOR('',#13444,1.);
#13444 = DIRECTION('',(0.,-1.));
#13445 = ( GEOMETRIC_REPRESENTATION_CONTEXT(2) 
PARAMETRIC_REPRESENTATION_CONTEXT() REPRESENTATION_CONTEXT('2D SPACE',''
  ) );
#13446 = PCURVE('',#6398,#13447);
#13447 = DEFINITIONAL_REPRESENTATION('',(#13448),#13452);
#13448 = LINE('',#13449,#13450);
#13449 = CARTESIAN_POINT('',(1.560478371273,0.));
#13450 = VECTOR('',#13451,1.);
#13451 = DIRECTION('',(0.,-1.));
#13452 = ( GEOMETRIC_REPRESENTATION_CONTEXT(2) 
PARAMETRIC_REPRESENTATION_CONTEXT() REPRESENTATION_CONTEXT('2D SPACE',''
  ) );
#13453 = ORIENTED_EDGE('',*,*,#6074,.T.);
#13454 = ORIENTED_EDGE('',*,*,#13455,.F.);
#13455 = EDGE_CURVE('',#13456,#6077,#13458,.T.);
#13456 = VERTEX_POINT('',#13457);
#13457 = CARTESIAN_POINT('',(19.033813476562,-56.12453125,1.2));
#13458 = SURFACE_CURVE('',#13459,(#13463,#13470),.PCURVE_S1.);
#13459 = LINE('',#13460,#13461);
#13460 = CARTESIAN_POINT('',(19.033813476562,-56.12453125,1.2));
#13461 = VECTOR('',#13462,1.);
#13462 = DIRECTION('',(0.,0.,1.));
#13463 = PCURVE('',#6092,#13464);
#13464 = DEFINITIONAL_REPRESENTATION('',(#13465),#13469);
#13465 = LINE('',#13466,#13467);
#13466 = CARTESIAN_POINT('',(1.0849609375,0.));
#13467 = VECTOR('',#13468,1.);
#13468 = DIRECTION('',(0.,-1.));
#13469 = ( GEOMETRIC_REPRESENTATION_CONTEXT(2) 
PARAMETRIC_REPRESENTATION_CONTEXT() REPRESENTATION_CONTEXT('2D SPACE',''
  ) );
#13470 = PCURVE('',#6120,#13471);
#13471 = DEFINITIONAL_REPRESENTATION('',(#13472),#13476);
#13472 = LINE('',#13473,#13474);
#13473 = CARTESIAN_POINT('',(0.,0.));
#13474 = VECTOR('',#13475,1.);
#13475 = DIRECTION('',(0.,-1.));
#13476 = ( GEOMETRIC_REPRESENTATION_CONTEXT(2) 
PARAMETRIC_REPRESENTATION_CONTEXT() REPRESENTATION_CONTEXT('2D SPACE',''
  ) );
#13477 = ORIENTED_EDGE('',*,*,#13478,.F.);
#13478 = EDGE_CURVE('',#13432,#13456,#13479,.T.);
#13479 = SURFACE_CURVE('',#13480,(#13484,#13491),.PCURVE_S1.);
#13480 = LINE('',#13481,#13482);
#13481 = CARTESIAN_POINT('',(17.948852539062,-56.12453125,1.2));
#13482 = VECTOR('',#13483,1.);
#13483 = DIRECTION('',(1.,0.,0.));
#13484 = PCURVE('',#6092,#13485);
#13485 = DEFINITIONAL_REPRESENTATION('',(#13486),#13490);
#13486 = LINE('',#13487,#13488);
#13487 = CARTESIAN_POINT('',(0.,0.));
#13488 = VECTOR('',#13489,1.);
#13489 = DIRECTION('',(1.,0.));
#13490 = ( GEOMETRIC_REPRESENTATION_CONTEXT(2) 
PARAMETRIC_REPRESENTATION_CONTEXT() REPRESENTATION_CONTEXT('2D SPACE',''
  ) );
#13491 = PCURVE('',#13492,#13497);
#13492 = PLANE('',#13493);
#13493 = AXIS2_PLACEMENT_3D('',#13494,#13495,#13496);
#13494 = CARTESIAN_POINT('',(14.957153320312,-60.13405273437,1.2));
#13495 = DIRECTION('',(0.,0.,1.));
#13496 = DIRECTION('',(1.,0.,0.));
#13497 = DEFINITIONAL_REPRESENTATION('',(#13498),#13502);
#13498 = LINE('',#13499,#13500);
#13499 = CARTESIAN_POINT('',(2.99169921875,4.009521484375));
#13500 = VECTOR('',#13501,1.);
#13501 = DIRECTION('',(1.,0.));
#13502 = ( GEOMETRIC_REPRESENTATION_CONTEXT(2) 
PARAMETRIC_REPRESENTATION_CONTEXT() REPRESENTATION_CONTEXT('2D SPACE',''
  ) );
#13503 = ADVANCED_FACE('',(#13504),#6398,.F.);
#13504 = FACE_BOUND('',#13505,.F.);
#13505 = EDGE_LOOP('',(#13506,#13529,#13530,#13531));
#13506 = ORIENTED_EDGE('',*,*,#13507,.T.);
#13507 = EDGE_CURVE('',#13508,#6357,#13510,.T.);
#13508 = VERTEX_POINT('',#13509);
#13509 = CARTESIAN_POINT('',(17.073364257812,-57.41627929687,1.2));
#13510 = SURFACE_CURVE('',#13511,(#13515,#13522),.PCURVE_S1.);
#13511 = LINE('',#13512,#13513);
#13512 = CARTESIAN_POINT('',(17.073364257812,-57.41627929687,1.2));
#13513 = VECTOR('',#13514,1.);
#13514 = DIRECTION('',(0.,0.,1.));
#13515 = PCURVE('',#6398,#13516);
#13516 = DEFINITIONAL_REPRESENTATION('',(#13517),#13521);
#13517 = LINE('',#13518,#13519);
#13518 = CARTESIAN_POINT('',(0.,0.));
#13519 = VECTOR('',#13520,1.);
#13520 = DIRECTION('',(0.,-1.));
#13521 = ( GEOMETRIC_REPRESENTATION_CONTEXT(2) 
PARAMETRIC_REPRESENTATION_CONTEXT() REPRESENTATION_CONTEXT('2D SPACE',''
  ) );
#13522 = PCURVE('',#6372,#13523);
#13523 = DEFINITIONAL_REPRESENTATION('',(#13524),#13528);
#13524 = LINE('',#13525,#13526);
#13525 = CARTESIAN_POINT('',(1.561986648153,0.));
#13526 = VECTOR('',#13527,1.);
#13527 = DIRECTION('',(0.,-1.));
#13528 = ( GEOMETRIC_REPRESENTATION_CONTEXT(2) 
PARAMETRIC_REPRESENTATION_CONTEXT() REPRESENTATION_CONTEXT('2D SPACE',''
  ) );
#13529 = ORIENTED_EDGE('',*,*,#6384,.T.);
#13530 = ORIENTED_EDGE('',*,*,#13431,.F.);
#13531 = ORIENTED_EDGE('',*,*,#13532,.F.);
#13532 = EDGE_CURVE('',#13508,#13432,#13533,.T.);
#13533 = SURFACE_CURVE('',#13534,(#13538,#13545),.PCURVE_S1.);
#13534 = LINE('',#13535,#13536);
#13535 = CARTESIAN_POINT('',(17.073364257812,-57.41627929687,1.2));
#13536 = VECTOR('',#13537,1.);
#13537 = DIRECTION('',(0.561038395255,0.827789779503,0.));
#13538 = PCURVE('',#6398,#13539);
#13539 = DEFINITIONAL_REPRESENTATION('',(#13540),#13544);
#13540 = LINE('',#13541,#13542);
#13541 = CARTESIAN_POINT('',(0.,0.));
#13542 = VECTOR('',#13543,1.);
#13543 = DIRECTION('',(1.,0.));
#13544 = ( GEOMETRIC_REPRESENTATION_CONTEXT(2) 
PARAMETRIC_REPRESENTATION_CONTEXT() REPRESENTATION_CONTEXT('2D SPACE',''
  ) );
#13545 = PCURVE('',#13492,#13546);
#13546 = DEFINITIONAL_REPRESENTATION('',(#13547),#13551);
#13547 = LINE('',#13548,#13549);
#13548 = CARTESIAN_POINT('',(2.1162109375,2.7177734375));
#13549 = VECTOR('',#13550,1.);
#13550 = DIRECTION('',(0.561038395255,0.827789779503));
#13551 = ( GEOMETRIC_REPRESENTATION_CONTEXT(2) 
PARAMETRIC_REPRESENTATION_CONTEXT() REPRESENTATION_CONTEXT('2D SPACE',''
  ) );
#13552 = ADVANCED_FACE('',(#13553),#6372,.F.);
#13553 = FACE_BOUND('',#13554,.F.);
#13554 = EDGE_LOOP('',(#13555,#13578,#13579,#13580));
#13555 = ORIENTED_EDGE('',*,*,#13556,.T.);
#13556 = EDGE_CURVE('',#13557,#6329,#13559,.T.);
#13557 = VERTEX_POINT('',#13558);
#13558 = CARTESIAN_POINT('',(16.195190429688,-56.12453125,1.2));
#13559 = SURFACE_CURVE('',#13560,(#13564,#13571),.PCURVE_S1.);
#13560 = LINE('',#13561,#13562);
#13561 = CARTESIAN_POINT('',(16.195190429688,-56.12453125,1.2));
#13562 = VECTOR('',#13563,1.);
#13563 = DIRECTION('',(0.,0.,1.));
#13564 = PCURVE('',#6372,#13565);
#13565 = DEFINITIONAL_REPRESENTATION('',(#13566),#13570);
#13566 = LINE('',#13567,#13568);
#13567 = CARTESIAN_POINT('',(0.,0.));
#13568 = VECTOR('',#13569,1.);
#13569 = DIRECTION('',(0.,-1.));
#13570 = ( GEOMETRIC_REPRESENTATION_CONTEXT(2) 
PARAMETRIC_REPRESENTATION_CONTEXT() REPRESENTATION_CONTEXT('2D SPACE',''
  ) );
#13571 = PCURVE('',#6344,#13572);
#13572 = DEFINITIONAL_REPRESENTATION('',(#13573),#13577);
#13573 = LINE('',#13574,#13575);
#13574 = CARTESIAN_POINT('',(1.07958984375,0.));
#13575 = VECTOR('',#13576,1.);
#13576 = DIRECTION('',(0.,-1.));
#13577 = ( GEOMETRIC_REPRESENTATION_CONTEXT(2) 
PARAMETRIC_REPRESENTATION_CONTEXT() REPRESENTATION_CONTEXT('2D SPACE',''
  ) );
#13578 = ORIENTED_EDGE('',*,*,#6356,.T.);
#13579 = ORIENTED_EDGE('',*,*,#13507,.F.);
#13580 = ORIENTED_EDGE('',*,*,#13581,.F.);
#13581 = EDGE_CURVE('',#13557,#13508,#13582,.T.);
#13582 = SURFACE_CURVE('',#13583,(#13587,#13594),.PCURVE_S1.);
#13583 = LINE('',#13584,#13585);
#13584 = CARTESIAN_POINT('',(16.195190429688,-56.12453125,1.2));
#13585 = VECTOR('',#13586,1.);
#13586 = DIRECTION('',(0.562215963346,-0.826990453729,0.));
#13587 = PCURVE('',#6372,#13588);
#13588 = DEFINITIONAL_REPRESENTATION('',(#13589),#13593);
#13589 = LINE('',#13590,#13591);
#13590 = CARTESIAN_POINT('',(0.,0.));
#13591 = VECTOR('',#13592,1.);
#13592 = DIRECTION('',(1.,0.));
#13593 = ( GEOMETRIC_REPRESENTATION_CONTEXT(2) 
PARAMETRIC_REPRESENTATION_CONTEXT() REPRESENTATION_CONTEXT('2D SPACE',''
  ) );
#13594 = PCURVE('',#13492,#13595);
#13595 = DEFINITIONAL_REPRESENTATION('',(#13596),#13600);
#13596 = LINE('',#13597,#13598);
#13597 = CARTESIAN_POINT('',(1.238037109375,4.009521484375));
#13598 = VECTOR('',#13599,1.);
#13599 = DIRECTION('',(0.562215963346,-0.826990453729));
#13600 = ( GEOMETRIC_REPRESENTATION_CONTEXT(2) 
PARAMETRIC_REPRESENTATION_CONTEXT() REPRESENTATION_CONTEXT('2D SPACE',''
  ) );
#13601 = ADVANCED_FACE('',(#13602),#6344,.F.);
#13602 = FACE_BOUND('',#13603,.F.);
#13603 = EDGE_LOOP('',(#13604,#13627,#13628,#13629));
#13604 = ORIENTED_EDGE('',*,*,#13605,.T.);
#13605 = EDGE_CURVE('',#13606,#6301,#13608,.T.);
#13606 = VERTEX_POINT('',#13607);
#13607 = CARTESIAN_POINT('',(15.115600585938,-56.12453125,1.2));
#13608 = SURFACE_CURVE('',#13609,(#13613,#13620),.PCURVE_S1.);
#13609 = LINE('',#13610,#13611);
#13610 = CARTESIAN_POINT('',(15.115600585938,-56.12453125,1.2));
#13611 = VECTOR('',#13612,1.);
#13612 = DIRECTION('',(0.,0.,1.));
#13613 = PCURVE('',#6344,#13614);
#13614 = DEFINITIONAL_REPRESENTATION('',(#13615),#13619);
#13615 = LINE('',#13616,#13617);
#13616 = CARTESIAN_POINT('',(0.,0.));
#13617 = VECTOR('',#13618,1.);
#13618 = DIRECTION('',(0.,-1.));
#13619 = ( GEOMETRIC_REPRESENTATION_CONTEXT(2) 
PARAMETRIC_REPRESENTATION_CONTEXT() REPRESENTATION_CONTEXT('2D SPACE',''
  ) );
#13620 = PCURVE('',#6316,#13621);
#13621 = DEFINITIONAL_REPRESENTATION('',(#13622),#13626);
#13622 = LINE('',#13623,#13624);
#13623 = CARTESIAN_POINT('',(2.375403784007,0.));
#13624 = VECTOR('',#13625,1.);
#13625 = DIRECTION('',(0.,-1.));
#13626 = ( GEOMETRIC_REPRESENTATION_CONTEXT(2) 
PARAMETRIC_REPRESENTATION_CONTEXT() REPRESENTATION_CONTEXT('2D SPACE',''
  ) );
#13627 = ORIENTED_EDGE('',*,*,#6328,.T.);
#13628 = ORIENTED_EDGE('',*,*,#13556,.F.);
#13629 = ORIENTED_EDGE('',*,*,#13630,.F.);
#13630 = EDGE_CURVE('',#13606,#13557,#13631,.T.);
#13631 = SURFACE_CURVE('',#13632,(#13636,#13643),.PCURVE_S1.);
#13632 = LINE('',#13633,#13634);
#13633 = CARTESIAN_POINT('',(15.115600585938,-56.12453125,1.2));
#13634 = VECTOR('',#13635,1.);
#13635 = DIRECTION('',(1.,0.,0.));
#13636 = PCURVE('',#6344,#13637);
#13637 = DEFINITIONAL_REPRESENTATION('',(#13638),#13642);
#13638 = LINE('',#13639,#13640);
#13639 = CARTESIAN_POINT('',(0.,0.));
#13640 = VECTOR('',#13641,1.);
#13641 = DIRECTION('',(1.,0.));
#13642 = ( GEOMETRIC_REPRESENTATION_CONTEXT(2) 
PARAMETRIC_REPRESENTATION_CONTEXT() REPRESENTATION_CONTEXT('2D SPACE',''
  ) );
#13643 = PCURVE('',#13492,#13644);
#13644 = DEFINITIONAL_REPRESENTATION('',(#13645),#13649);
#13645 = LINE('',#13646,#13647);
#13646 = CARTESIAN_POINT('',(0.158447265625,4.009521484375));
#13647 = VECTOR('',#13648,1.);
#13648 = DIRECTION('',(1.,0.));
#13649 = ( GEOMETRIC_REPRESENTATION_CONTEXT(2) 
PARAMETRIC_REPRESENTATION_CONTEXT() REPRESENTATION_CONTEXT('2D SPACE',''
  ) );
#13650 = ADVANCED_FACE('',(#13651),#6316,.F.);
#13651 = FACE_BOUND('',#13652,.F.);
#13652 = EDGE_LOOP('',(#13653,#13676,#13677,#13678));
#13653 = ORIENTED_EDGE('',*,*,#13654,.T.);
#13654 = EDGE_CURVE('',#13655,#6273,#13657,.T.);
#13655 = VERTEX_POINT('',#13656);
#13656 = CARTESIAN_POINT('',(16.453002929688,-58.08766601562,1.2));
#13657 = SURFACE_CURVE('',#13658,(#13662,#13669),.PCURVE_S1.);
#13658 = LINE('',#13659,#13660);
#13659 = CARTESIAN_POINT('',(16.453002929688,-58.08766601562,1.2));
#13660 = VECTOR('',#13661,1.);
#13661 = DIRECTION('',(0.,0.,1.));
#13662 = PCURVE('',#6316,#13663);
#13663 = DEFINITIONAL_REPRESENTATION('',(#13664),#13668);
#13664 = LINE('',#13665,#13666);
#13665 = CARTESIAN_POINT('',(0.,0.));
#13666 = VECTOR('',#13667,1.);
#13667 = DIRECTION('',(0.,-1.));
#13668 = ( GEOMETRIC_REPRESENTATION_CONTEXT(2) 
PARAMETRIC_REPRESENTATION_CONTEXT() REPRESENTATION_CONTEXT('2D SPACE',''
  ) );
#13669 = PCURVE('',#6288,#13670);
#13670 = DEFINITIONAL_REPRESENTATION('',(#13671),#13675);
#13671 = LINE('',#13672,#13673);
#13672 = CARTESIAN_POINT('',(2.474448375688,0.));
#13673 = VECTOR('',#13674,1.);
#13674 = DIRECTION('',(0.,-1.));
#13675 = ( GEOMETRIC_REPRESENTATION_CONTEXT(2) 
PARAMETRIC_REPRESENTATION_CONTEXT() REPRESENTATION_CONTEXT('2D SPACE',''
  ) );
#13676 = ORIENTED_EDGE('',*,*,#6300,.T.);
#13677 = ORIENTED_EDGE('',*,*,#13605,.F.);
#13678 = ORIENTED_EDGE('',*,*,#13679,.F.);
#13679 = EDGE_CURVE('',#13655,#13606,#13680,.T.);
#13680 = SURFACE_CURVE('',#13681,(#13685,#13692),.PCURVE_S1.);
#13681 = LINE('',#13682,#13683);
#13682 = CARTESIAN_POINT('',(16.453002929688,-58.08766601562,1.2));
#13683 = VECTOR('',#13684,1.);
#13684 = DIRECTION('',(-0.563021054675,0.826442552143,0.));
#13685 = PCURVE('',#6316,#13686);
#13686 = DEFINITIONAL_REPRESENTATION('',(#13687),#13691);
#13687 = LINE('',#13688,#13689);
#13688 = CARTESIAN_POINT('',(0.,0.));
#13689 = VECTOR('',#13690,1.);
#13690 = DIRECTION('',(1.,0.));
#13691 = ( GEOMETRIC_REPRESENTATION_CONTEXT(2) 
PARAMETRIC_REPRESENTATION_CONTEXT() REPRESENTATION_CONTEXT('2D SPACE',''
  ) );
#13692 = PCURVE('',#13492,#13693);
#13693 = DEFINITIONAL_REPRESENTATION('',(#13694),#13698);
#13694 = LINE('',#13695,#13696);
#13695 = CARTESIAN_POINT('',(1.495849609375,2.04638671875));
#13696 = VECTOR('',#13697,1.);
#13697 = DIRECTION('',(-0.563021054675,0.826442552143));
#13698 = ( GEOMETRIC_REPRESENTATION_CONTEXT(2) 
PARAMETRIC_REPRESENTATION_CONTEXT() REPRESENTATION_CONTEXT('2D SPACE',''
  ) );
#13699 = ADVANCED_FACE('',(#13700),#6288,.F.);
#13700 = FACE_BOUND('',#13701,.F.);
#13701 = EDGE_LOOP('',(#13702,#13725,#13726,#13727));
#13702 = ORIENTED_EDGE('',*,*,#13703,.T.);
#13703 = EDGE_CURVE('',#13704,#6245,#13706,.T.);
#13704 = VERTEX_POINT('',#13705);
#13705 = CARTESIAN_POINT('',(15.061889648438,-60.13405273437,1.2));
#13706 = SURFACE_CURVE('',#13707,(#13711,#13718),.PCURVE_S1.);
#13707 = LINE('',#13708,#13709);
#13708 = CARTESIAN_POINT('',(15.061889648438,-60.13405273437,1.2));
#13709 = VECTOR('',#13710,1.);
#13710 = DIRECTION('',(0.,0.,1.));
#13711 = PCURVE('',#6288,#13712);
#13712 = DEFINITIONAL_REPRESENTATION('',(#13713),#13717);
#13713 = LINE('',#13714,#13715);
#13714 = CARTESIAN_POINT('',(0.,0.));
#13715 = VECTOR('',#13716,1.);
#13716 = DIRECTION('',(0.,-1.));
#13717 = ( GEOMETRIC_REPRESENTATION_CONTEXT(2) 
PARAMETRIC_REPRESENTATION_CONTEXT() REPRESENTATION_CONTEXT('2D SPACE',''
  ) );
#13718 = PCURVE('',#6260,#13719);
#13719 = DEFINITIONAL_REPRESENTATION('',(#13720),#13724);
#13720 = LINE('',#13721,#13722);
#13721 = CARTESIAN_POINT('',(1.082275390625,0.));
#13722 = VECTOR('',#13723,1.);
#13723 = DIRECTION('',(0.,-1.));
#13724 = ( GEOMETRIC_REPRESENTATION_CONTEXT(2) 
PARAMETRIC_REPRESENTATION_CONTEXT() REPRESENTATION_CONTEXT('2D SPACE',''
  ) );
#13725 = ORIENTED_EDGE('',*,*,#6272,.T.);
#13726 = ORIENTED_EDGE('',*,*,#13654,.F.);
#13727 = ORIENTED_EDGE('',*,*,#13728,.F.);
#13728 = EDGE_CURVE('',#13704,#13655,#13729,.T.);
#13729 = SURFACE_CURVE('',#13730,(#13734,#13741),.PCURVE_S1.);
#13730 = LINE('',#13731,#13732);
#13731 = CARTESIAN_POINT('',(15.061889648438,-60.13405273437,1.2));
#13732 = VECTOR('',#13733,1.);
#13733 = DIRECTION('',(0.562191272575,0.827007238808,0.));
#13734 = PCURVE('',#6288,#13735);
#13735 = DEFINITIONAL_REPRESENTATION('',(#13736),#13740);
#13736 = LINE('',#13737,#13738);
#13737 = CARTESIAN_POINT('',(0.,0.));
#13738 = VECTOR('',#13739,1.);
#13739 = DIRECTION('',(1.,0.));
#13740 = ( GEOMETRIC_REPRESENTATION_CONTEXT(2) 
PARAMETRIC_REPRESENTATION_CONTEXT() REPRESENTATION_CONTEXT('2D SPACE',''
  ) );
#13741 = PCURVE('',#13492,#13742);
#13742 = DEFINITIONAL_REPRESENTATION('',(#13743),#13747);
#13743 = LINE('',#13744,#13745);
#13744 = CARTESIAN_POINT('',(0.104736328125,0.));
#13745 = VECTOR('',#13746,1.);
#13746 = DIRECTION('',(0.562191272575,0.827007238808));
#13747 = ( GEOMETRIC_REPRESENTATION_CONTEXT(2) 
PARAMETRIC_REPRESENTATION_CONTEXT() REPRESENTATION_CONTEXT('2D SPACE',''
  ) );
#13748 = ADVANCED_FACE('',(#13749),#6260,.F.);
#13749 = FACE_BOUND('',#13750,.F.);
#13750 = EDGE_LOOP('',(#13751,#13774,#13775,#13776));
#13751 = ORIENTED_EDGE('',*,*,#13752,.T.);
#13752 = EDGE_CURVE('',#13753,#6217,#13755,.T.);
#13753 = VERTEX_POINT('',#13754);
#13754 = CARTESIAN_POINT('',(16.144165039062,-60.13405273437,1.2));
#13755 = SURFACE_CURVE('',#13756,(#13760,#13767),.PCURVE_S1.);
#13756 = LINE('',#13757,#13758);
#13757 = CARTESIAN_POINT('',(16.144165039062,-60.13405273437,1.2));
#13758 = VECTOR('',#13759,1.);
#13759 = DIRECTION('',(0.,0.,1.));
#13760 = PCURVE('',#6260,#13761);
#13761 = DEFINITIONAL_REPRESENTATION('',(#13762),#13766);
#13762 = LINE('',#13763,#13764);
#13763 = CARTESIAN_POINT('',(0.,-0.));
#13764 = VECTOR('',#13765,1.);
#13765 = DIRECTION('',(0.,-1.));
#13766 = ( GEOMETRIC_REPRESENTATION_CONTEXT(2) 
PARAMETRIC_REPRESENTATION_CONTEXT() REPRESENTATION_CONTEXT('2D SPACE',''
  ) );
#13767 = PCURVE('',#6232,#13768);
#13768 = DEFINITIONAL_REPRESENTATION('',(#13769),#13773);
#13769 = LINE('',#13770,#13771);
#13770 = CARTESIAN_POINT('',(1.655081426686,0.));
#13771 = VECTOR('',#13772,1.);
#13772 = DIRECTION('',(0.,-1.));
#13773 = ( GEOMETRIC_REPRESENTATION_CONTEXT(2) 
PARAMETRIC_REPRESENTATION_CONTEXT() REPRESENTATION_CONTEXT('2D SPACE',''
  ) );
#13774 = ORIENTED_EDGE('',*,*,#6244,.T.);
#13775 = ORIENTED_EDGE('',*,*,#13703,.F.);
#13776 = ORIENTED_EDGE('',*,*,#13777,.F.);
#13777 = EDGE_CURVE('',#13753,#13704,#13778,.T.);
#13778 = SURFACE_CURVE('',#13779,(#13783,#13790),.PCURVE_S1.);
#13779 = LINE('',#13780,#13781);
#13780 = CARTESIAN_POINT('',(16.144165039062,-60.13405273437,1.2));
#13781 = VECTOR('',#13782,1.);
#13782 = DIRECTION('',(-1.,0.,0.));
#13783 = PCURVE('',#6260,#13784);
#13784 = DEFINITIONAL_REPRESENTATION('',(#13785),#13789);
#13785 = LINE('',#13786,#13787);
#13786 = CARTESIAN_POINT('',(0.,-0.));
#13787 = VECTOR('',#13788,1.);
#13788 = DIRECTION('',(1.,0.));
#13789 = ( GEOMETRIC_REPRESENTATION_CONTEXT(2) 
PARAMETRIC_REPRESENTATION_CONTEXT() REPRESENTATION_CONTEXT('2D SPACE',''
  ) );
#13790 = PCURVE('',#13492,#13791);
#13791 = DEFINITIONAL_REPRESENTATION('',(#13792),#13796);
#13792 = LINE('',#13793,#13794);
#13793 = CARTESIAN_POINT('',(1.18701171875,0.));
#13794 = VECTOR('',#13795,1.);
#13795 = DIRECTION('',(-1.,0.));
#13796 = ( GEOMETRIC_REPRESENTATION_CONTEXT(2) 
PARAMETRIC_REPRESENTATION_CONTEXT() REPRESENTATION_CONTEXT('2D SPACE',''
  ) );
#13797 = ADVANCED_FACE('',(#13798),#6232,.F.);
#13798 = FACE_BOUND('',#13799,.F.);
#13799 = EDGE_LOOP('',(#13800,#13823,#13824,#13825));
#13800 = ORIENTED_EDGE('',*,*,#13801,.T.);
#13801 = EDGE_CURVE('',#13802,#6189,#13804,.T.);
#13802 = VERTEX_POINT('',#13803);
#13803 = CARTESIAN_POINT('',(17.073364257812,-58.76442382812,1.2));
#13804 = SURFACE_CURVE('',#13805,(#13809,#13816),.PCURVE_S1.);
#13805 = LINE('',#13806,#13807);
#13806 = CARTESIAN_POINT('',(17.073364257812,-58.76442382812,1.2));
#13807 = VECTOR('',#13808,1.);
#13808 = DIRECTION('',(0.,0.,1.));
#13809 = PCURVE('',#6232,#13810);
#13810 = DEFINITIONAL_REPRESENTATION('',(#13811),#13815);
#13811 = LINE('',#13812,#13813);
#13812 = CARTESIAN_POINT('',(0.,0.));
#13813 = VECTOR('',#13814,1.);
#13814 = DIRECTION('',(0.,-1.));
#13815 = ( GEOMETRIC_REPRESENTATION_CONTEXT(2) 
PARAMETRIC_REPRESENTATION_CONTEXT() REPRESENTATION_CONTEXT('2D SPACE',''
  ) );
#13816 = PCURVE('',#6204,#13817);
#13817 = DEFINITIONAL_REPRESENTATION('',(#13818),#13822);
#13818 = LINE('',#13819,#13820);
#13819 = CARTESIAN_POINT('',(1.659617994229,0.));
#13820 = VECTOR('',#13821,1.);
#13821 = DIRECTION('',(0.,-1.));
#13822 = ( GEOMETRIC_REPRESENTATION_CONTEXT(2) 
PARAMETRIC_REPRESENTATION_CONTEXT() REPRESENTATION_CONTEXT('2D SPACE',''
  ) );
#13823 = ORIENTED_EDGE('',*,*,#6216,.T.);
#13824 = ORIENTED_EDGE('',*,*,#13752,.F.);
#13825 = ORIENTED_EDGE('',*,*,#13826,.F.);
#13826 = EDGE_CURVE('',#13802,#13753,#13827,.T.);
#13827 = SURFACE_CURVE('',#13828,(#13832,#13839),.PCURVE_S1.);
#13828 = LINE('',#13829,#13830);
#13829 = CARTESIAN_POINT('',(17.073364257812,-58.76442382812,1.2));
#13830 = VECTOR('',#13831,1.);
#13831 = DIRECTION('',(-0.561422056805,-0.827529621302,0.));
#13832 = PCURVE('',#6232,#13833);
#13833 = DEFINITIONAL_REPRESENTATION('',(#13834),#13838);
#13834 = LINE('',#13835,#13836);
#13835 = CARTESIAN_POINT('',(0.,0.));
#13836 = VECTOR('',#13837,1.);
#13837 = DIRECTION('',(1.,0.));
#13838 = ( GEOMETRIC_REPRESENTATION_CONTEXT(2) 
PARAMETRIC_REPRESENTATION_CONTEXT() REPRESENTATION_CONTEXT('2D SPACE',''
  ) );
#13839 = PCURVE('',#13492,#13840);
#13840 = DEFINITIONAL_REPRESENTATION('',(#13841),#13845);
#13841 = LINE('',#13842,#13843);
#13842 = CARTESIAN_POINT('',(2.1162109375,1.36962890625));
#13843 = VECTOR('',#13844,1.);
#13844 = DIRECTION('',(-0.561422056805,-0.827529621302));
#13845 = ( GEOMETRIC_REPRESENTATION_CONTEXT(2) 
PARAMETRIC_REPRESENTATION_CONTEXT() REPRESENTATION_CONTEXT('2D SPACE',''
  ) );
#13846 = ADVANCED_FACE('',(#13847),#6204,.F.);
#13847 = FACE_BOUND('',#13848,.F.);
#13848 = EDGE_LOOP('',(#13849,#13872,#13873,#13874));
#13849 = ORIENTED_EDGE('',*,*,#13850,.T.);
#13850 = EDGE_CURVE('',#13851,#6161,#13853,.T.);
#13851 = VERTEX_POINT('',#13852);
#13852 = CARTESIAN_POINT('',(18.010620117188,-60.13405273437,1.2));
#13853 = SURFACE_CURVE('',#13854,(#13858,#13865),.PCURVE_S1.);
#13854 = LINE('',#13855,#13856);
#13855 = CARTESIAN_POINT('',(18.010620117188,-60.13405273437,1.2));
#13856 = VECTOR('',#13857,1.);
#13857 = DIRECTION('',(0.,0.,1.));
#13858 = PCURVE('',#6204,#13859);
#13859 = DEFINITIONAL_REPRESENTATION('',(#13860),#13864);
#13860 = LINE('',#13861,#13862);
#13861 = CARTESIAN_POINT('',(0.,0.));
#13862 = VECTOR('',#13863,1.);
#13863 = DIRECTION('',(0.,-1.));
#13864 = ( GEOMETRIC_REPRESENTATION_CONTEXT(2) 
PARAMETRIC_REPRESENTATION_CONTEXT() REPRESENTATION_CONTEXT('2D SPACE',''
  ) );
#13865 = PCURVE('',#6176,#13866);
#13866 = DEFINITIONAL_REPRESENTATION('',(#13867),#13871);
#13867 = LINE('',#13868,#13869);
#13868 = CARTESIAN_POINT('',(1.076904296875,0.));
#13869 = VECTOR('',#13870,1.);
#13870 = DIRECTION('',(0.,-1.));
#13871 = ( GEOMETRIC_REPRESENTATION_CONTEXT(2) 
PARAMETRIC_REPRESENTATION_CONTEXT() REPRESENTATION_CONTEXT('2D SPACE',''
  ) );
#13872 = ORIENTED_EDGE('',*,*,#6188,.T.);
#13873 = ORIENTED_EDGE('',*,*,#13801,.F.);
#13874 = ORIENTED_EDGE('',*,*,#13875,.F.);
#13875 = EDGE_CURVE('',#13851,#13802,#13876,.T.);
#13876 = SURFACE_CURVE('',#13877,(#13881,#13888),.PCURVE_S1.);
#13877 = LINE('',#13878,#13879);
#13878 = CARTESIAN_POINT('',(18.010620117188,-60.13405273437,1.2));
#13879 = VECTOR('',#13880,1.);
#13880 = DIRECTION('',(-0.564741924126,0.825267568207,0.));
#13881 = PCURVE('',#6204,#13882);
#13882 = DEFINITIONAL_REPRESENTATION('',(#13883),#13887);
#13883 = LINE('',#13884,#13885);
#13884 = CARTESIAN_POINT('',(0.,0.));
#13885 = VECTOR('',#13886,1.);
#13886 = DIRECTION('',(1.,0.));
#13887 = ( GEOMETRIC_REPRESENTATION_CONTEXT(2) 
PARAMETRIC_REPRESENTATION_CONTEXT() REPRESENTATION_CONTEXT('2D SPACE',''
  ) );
#13888 = PCURVE('',#13492,#13889);
#13889 = DEFINITIONAL_REPRESENTATION('',(#13890),#13894);
#13890 = LINE('',#13891,#13892);
#13891 = CARTESIAN_POINT('',(3.053466796875,0.));
#13892 = VECTOR('',#13893,1.);
#13893 = DIRECTION('',(-0.564741924126,0.825267568207));
#13894 = ( GEOMETRIC_REPRESENTATION_CONTEXT(2) 
PARAMETRIC_REPRESENTATION_CONTEXT() REPRESENTATION_CONTEXT('2D SPACE',''
  ) );
#13895 = ADVANCED_FACE('',(#13896),#6176,.F.);
#13896 = FACE_BOUND('',#13897,.F.);
#13897 = EDGE_LOOP('',(#13898,#13921,#13922,#13923));
#13898 = ORIENTED_EDGE('',*,*,#13899,.T.);
#13899 = EDGE_CURVE('',#13900,#6133,#13902,.T.);
#13900 = VERTEX_POINT('',#13901);
#13901 = CARTESIAN_POINT('',(19.087524414062,-60.13405273437,1.2));
#13902 = SURFACE_CURVE('',#13903,(#13907,#13914),.PCURVE_S1.);
#13903 = LINE('',#13904,#13905);
#13904 = CARTESIAN_POINT('',(19.087524414062,-60.13405273437,1.2));
#13905 = VECTOR('',#13906,1.);
#13906 = DIRECTION('',(0.,0.,1.));
#13907 = PCURVE('',#6176,#13908);
#13908 = DEFINITIONAL_REPRESENTATION('',(#13909),#13913);
#13909 = LINE('',#13910,#13911);
#13910 = CARTESIAN_POINT('',(0.,-0.));
#13911 = VECTOR('',#13912,1.);
#13912 = DIRECTION('',(0.,-1.));
#13913 = ( GEOMETRIC_REPRESENTATION_CONTEXT(2) 
PARAMETRIC_REPRESENTATION_CONTEXT() REPRESENTATION_CONTEXT('2D SPACE',''
  ) );
#13914 = PCURVE('',#6148,#13915);
#13915 = DEFINITIONAL_REPRESENTATION('',(#13916),#13920);
#13916 = LINE('',#13917,#13918);
#13917 = CARTESIAN_POINT('',(2.474448375688,0.));
#13918 = VECTOR('',#13919,1.);
#13919 = DIRECTION('',(0.,-1.));
#13920 = ( GEOMETRIC_REPRESENTATION_CONTEXT(2) 
PARAMETRIC_REPRESENTATION_CONTEXT() REPRESENTATION_CONTEXT('2D SPACE',''
  ) );
#13921 = ORIENTED_EDGE('',*,*,#6160,.T.);
#13922 = ORIENTED_EDGE('',*,*,#13850,.F.);
#13923 = ORIENTED_EDGE('',*,*,#13924,.F.);
#13924 = EDGE_CURVE('',#13900,#13851,#13925,.T.);
#13925 = SURFACE_CURVE('',#13926,(#13930,#13937),.PCURVE_S1.);
#13926 = LINE('',#13927,#13928);
#13927 = CARTESIAN_POINT('',(19.087524414062,-60.13405273437,1.2));
#13928 = VECTOR('',#13929,1.);
#13929 = DIRECTION('',(-1.,0.,0.));
#13930 = PCURVE('',#6176,#13931);
#13931 = DEFINITIONAL_REPRESENTATION('',(#13932),#13936);
#13932 = LINE('',#13933,#13934);
#13933 = CARTESIAN_POINT('',(0.,-0.));
#13934 = VECTOR('',#13935,1.);
#13935 = DIRECTION('',(1.,0.));
#13936 = ( GEOMETRIC_REPRESENTATION_CONTEXT(2) 
PARAMETRIC_REPRESENTATION_CONTEXT() REPRESENTATION_CONTEXT('2D SPACE',''
  ) );
#13937 = PCURVE('',#13492,#13938);
#13938 = DEFINITIONAL_REPRESENTATION('',(#13939),#13943);
#13939 = LINE('',#13940,#13941);
#13940 = CARTESIAN_POINT('',(4.13037109375,0.));
#13941 = VECTOR('',#13942,1.);
#13942 = DIRECTION('',(-1.,0.));
#13943 = ( GEOMETRIC_REPRESENTATION_CONTEXT(2) 
PARAMETRIC_REPRESENTATION_CONTEXT() REPRESENTATION_CONTEXT('2D SPACE',''
  ) );
#13944 = ADVANCED_FACE('',(#13945),#6148,.F.);
#13945 = FACE_BOUND('',#13946,.F.);
#13946 = EDGE_LOOP('',(#13947,#13970,#13971,#13972));
#13947 = ORIENTED_EDGE('',*,*,#13948,.T.);
#13948 = EDGE_CURVE('',#13949,#6105,#13951,.T.);
#13949 = VERTEX_POINT('',#13950);
#13950 = CARTESIAN_POINT('',(17.696411132812,-58.08766601562,1.2));
#13951 = SURFACE_CURVE('',#13952,(#13956,#13963),.PCURVE_S1.);
#13952 = LINE('',#13953,#13954);
#13953 = CARTESIAN_POINT('',(17.696411132812,-58.08766601562,1.2));
#13954 = VECTOR('',#13955,1.);
#13955 = DIRECTION('',(0.,0.,1.));
#13956 = PCURVE('',#6148,#13957);
#13957 = DEFINITIONAL_REPRESENTATION('',(#13958),#13962);
#13958 = LINE('',#13959,#13960);
#13959 = CARTESIAN_POINT('',(0.,0.));
#13960 = VECTOR('',#13961,1.);
#13961 = DIRECTION('',(0.,-1.));
#13962 = ( GEOMETRIC_REPRESENTATION_CONTEXT(2) 
PARAMETRIC_REPRESENTATION_CONTEXT() REPRESENTATION_CONTEXT('2D SPACE',''
  ) );
#13963 = PCURVE('',#6120,#13964);
#13964 = DEFINITIONAL_REPRESENTATION('',(#13965),#13969);
#13965 = LINE('',#13966,#13967);
#13966 = CARTESIAN_POINT('',(2.375403784007,0.));
#13967 = VECTOR('',#13968,1.);
#13968 = DIRECTION('',(0.,-1.));
#13969 = ( GEOMETRIC_REPRESENTATION_CONTEXT(2) 
PARAMETRIC_REPRESENTATION_CONTEXT() REPRESENTATION_CONTEXT('2D SPACE',''
  ) );
#13970 = ORIENTED_EDGE('',*,*,#6132,.T.);
#13971 = ORIENTED_EDGE('',*,*,#13899,.F.);
#13972 = ORIENTED_EDGE('',*,*,#13973,.F.);
#13973 = EDGE_CURVE('',#13949,#13900,#13974,.T.);
#13974 = SURFACE_CURVE('',#13975,(#13979,#13986),.PCURVE_S1.);
#13975 = LINE('',#13976,#13977);
#13976 = CARTESIAN_POINT('',(17.696411132812,-58.08766601562,1.2));
#13977 = VECTOR('',#13978,1.);
#13978 = DIRECTION('',(0.562191272575,-0.827007238808,0.));
#13979 = PCURVE('',#6148,#13980);
#13980 = DEFINITIONAL_REPRESENTATION('',(#13981),#13985);
#13981 = LINE('',#13982,#13983);
#13982 = CARTESIAN_POINT('',(0.,0.));
#13983 = VECTOR('',#13984,1.);
#13984 = DIRECTION('',(1.,0.));
#13985 = ( GEOMETRIC_REPRESENTATION_CONTEXT(2) 
PARAMETRIC_REPRESENTATION_CONTEXT() REPRESENTATION_CONTEXT('2D SPACE',''
  ) );
#13986 = PCURVE('',#13492,#13987);
#13987 = DEFINITIONAL_REPRESENTATION('',(#13988),#13992);
#13988 = LINE('',#13989,#13990);
#13989 = CARTESIAN_POINT('',(2.7392578125,2.04638671875));
#13990 = VECTOR('',#13991,1.);
#13991 = DIRECTION('',(0.562191272575,-0.827007238808));
#13992 = ( GEOMETRIC_REPRESENTATION_CONTEXT(2) 
PARAMETRIC_REPRESENTATION_CONTEXT() REPRESENTATION_CONTEXT('2D SPACE',''
  ) );
#13993 = ADVANCED_FACE('',(#13994),#6120,.F.);
#13994 = FACE_BOUND('',#13995,.F.);
#13995 = EDGE_LOOP('',(#13996,#13997,#13998,#13999));
#13996 = ORIENTED_EDGE('',*,*,#13455,.T.);
#13997 = ORIENTED_EDGE('',*,*,#6104,.T.);
#13998 = ORIENTED_EDGE('',*,*,#13948,.F.);
#13999 = ORIENTED_EDGE('',*,*,#14000,.F.);
#14000 = EDGE_CURVE('',#13456,#13949,#14001,.T.);
#14001 = SURFACE_CURVE('',#14002,(#14006,#14013),.PCURVE_S1.);
#14002 = LINE('',#14003,#14004);
#14003 = CARTESIAN_POINT('',(19.033813476562,-56.12453125,1.2));
#14004 = VECTOR('',#14005,1.);
#14005 = DIRECTION('',(-0.563021054675,-0.826442552143,0.));
#14006 = PCURVE('',#6120,#14007);
#14007 = DEFINITIONAL_REPRESENTATION('',(#14008),#14012);
#14008 = LINE('',#14009,#14010);
#14009 = CARTESIAN_POINT('',(0.,0.));
#14010 = VECTOR('',#14011,1.);
#14011 = DIRECTION('',(1.,0.));
#14012 = ( GEOMETRIC_REPRESENTATION_CONTEXT(2) 
PARAMETRIC_REPRESENTATION_CONTEXT() REPRESENTATION_CONTEXT('2D SPACE',''
  ) );
#14013 = PCURVE('',#13492,#14014);
#14014 = DEFINITIONAL_REPRESENTATION('',(#14015),#14019);
#14015 = LINE('',#14016,#14017);
#14016 = CARTESIAN_POINT('',(4.07666015625,4.009521484375));
#14017 = VECTOR('',#14018,1.);
#14018 = DIRECTION('',(-0.563021054675,-0.826442552143));
#14019 = ( GEOMETRIC_REPRESENTATION_CONTEXT(2) 
PARAMETRIC_REPRESENTATION_CONTEXT() REPRESENTATION_CONTEXT('2D SPACE',''
  ) );
#14020 = ADVANCED_FACE('',(#14021),#6855,.T.);
#14021 = FACE_BOUND('',#14022,.T.);
#14022 = EDGE_LOOP('',(#14023,#14024,#14025,#14046));
#14023 = ORIENTED_EDGE('',*,*,#6840,.F.);
#14024 = ORIENTED_EDGE('',*,*,#8771,.T.);
#14025 = ORIENTED_EDGE('',*,*,#14026,.T.);
#14026 = EDGE_CURVE('',#8739,#8826,#14027,.T.);
#14027 = SURFACE_CURVE('',#14028,(#14032,#14039),.PCURVE_S1.);
#14028 = LINE('',#14029,#14030);
#14029 = CARTESIAN_POINT('',(-38.665,-80.23,10.15));
#14030 = VECTOR('',#14031,1.);
#14031 = DIRECTION('',(1.,0.,0.));
#14032 = PCURVE('',#6855,#14033);
#14033 = DEFINITIONAL_REPRESENTATION('',(#14034),#14038);
#14034 = LINE('',#14035,#14036);
#14035 = CARTESIAN_POINT('',(0.,-8.55));
#14036 = VECTOR('',#14037,1.);
#14037 = DIRECTION('',(1.,0.));
#14038 = ( GEOMETRIC_REPRESENTATION_CONTEXT(2) 
PARAMETRIC_REPRESENTATION_CONTEXT() REPRESENTATION_CONTEXT('2D SPACE',''
  ) );
#14039 = PCURVE('',#8755,#14040);
#14040 = DEFINITIONAL_REPRESENTATION('',(#14041),#14045);
#14041 = LINE('',#14042,#14043);
#14042 = CARTESIAN_POINT('',(-38.665,-80.23));
#14043 = VECTOR('',#14044,1.);
#14044 = DIRECTION('',(1.,0.));
#14045 = ( GEOMETRIC_REPRESENTATION_CONTEXT(2) 
PARAMETRIC_REPRESENTATION_CONTEXT() REPRESENTATION_CONTEXT('2D SPACE',''
  ) );
#14046 = ORIENTED_EDGE('',*,*,#8849,.F.);
#14047 = ADVANCED_FACE('',(#14048),#6907,.T.);
#14048 = FACE_BOUND('',#14049,.F.);
#14049 = EDGE_LOOP('',(#14050,#14051,#14072,#14073));
#14050 = ORIENTED_EDGE('',*,*,#6946,.T.);
#14051 = ORIENTED_EDGE('',*,*,#14052,.T.);
#14052 = EDGE_CURVE('',#6947,#7188,#14053,.T.);
#14053 = SURFACE_CURVE('',#14054,(#14058,#14065),.PCURVE_S1.);
#14054 = LINE('',#14055,#14056);
#14055 = CARTESIAN_POINT('',(-22.865,-81.43,11.15));
#14056 = VECTOR('',#14057,1.);
#14057 = DIRECTION('',(1.,0.,0.));
#14058 = PCURVE('',#6907,#14059);
#14059 = DEFINITIONAL_REPRESENTATION('',(#14060),#14064);
#14060 = LINE('',#14061,#14062);
#14061 = CARTESIAN_POINT('',(-1.570796326795,0.));
#14062 = VECTOR('',#14063,1.);
#14063 = DIRECTION('',(-0.,1.));
#14064 = ( GEOMETRIC_REPRESENTATION_CONTEXT(2) 
PARAMETRIC_REPRESENTATION_CONTEXT() REPRESENTATION_CONTEXT('2D SPACE',''
  ) );
#14065 = PCURVE('',#6983,#14066);
#14066 = DEFINITIONAL_REPRESENTATION('',(#14067),#14071);
#14067 = LINE('',#14068,#14069);
#14068 = CARTESIAN_POINT('',(-22.865,-81.43));
#14069 = VECTOR('',#14070,1.);
#14070 = DIRECTION('',(1.,0.));
#14071 = ( GEOMETRIC_REPRESENTATION_CONTEXT(2) 
PARAMETRIC_REPRESENTATION_CONTEXT() REPRESENTATION_CONTEXT('2D SPACE',''
  ) );
#14072 = ORIENTED_EDGE('',*,*,#7187,.F.);
#14073 = ORIENTED_EDGE('',*,*,#6893,.F.);
#14074 = ADVANCED_FACE('',(#14075,#14085),#6983,.T.);
#14075 = FACE_BOUND('',#14076,.T.);
#14076 = EDGE_LOOP('',(#14077,#14078,#14079,#14080,#14081,#14082,#14083,
    #14084));
#14077 = ORIENTED_EDGE('',*,*,#14052,.T.);
#14078 = ORIENTED_EDGE('',*,*,#7232,.T.);
#14079 = ORIENTED_EDGE('',*,*,#8098,.T.);
#14080 = ORIENTED_EDGE('',*,*,#8614,.T.);
#14081 = ORIENTED_EDGE('',*,*,#8640,.T.);
#14082 = ORIENTED_EDGE('',*,*,#8565,.T.);
#14083 = ORIENTED_EDGE('',*,*,#7279,.T.);
#14084 = ORIENTED_EDGE('',*,*,#6968,.T.);
#14085 = FACE_BOUND('',#14086,.T.);
#14086 = EDGE_LOOP('',(#14087,#14118,#14146,#14175,#14203,#14232,#14260,
    #14289));
#14087 = ORIENTED_EDGE('',*,*,#14088,.F.);
#14088 = EDGE_CURVE('',#14089,#14091,#14093,.T.);
#14089 = VERTEX_POINT('',#14090);
#14090 = CARTESIAN_POINT('',(22.865,-79.58,11.15));
#14091 = VERTEX_POINT('',#14092);
#14092 = CARTESIAN_POINT('',(38.015,-64.43,11.15));
#14093 = SURFACE_CURVE('',#14094,(#14099,#14106),.PCURVE_S1.);
#14094 = CIRCLE('',#14095,15.15);
#14095 = AXIS2_PLACEMENT_3D('',#14096,#14097,#14098);
#14096 = CARTESIAN_POINT('',(22.865,-64.43,11.15));
#14097 = DIRECTION('',(0.,0.,1.));
#14098 = DIRECTION('',(0.,-1.,0.));
#14099 = PCURVE('',#6983,#14100);
#14100 = DEFINITIONAL_REPRESENTATION('',(#14101),#14105);
#14101 = CIRCLE('',#14102,15.15);
#14102 = AXIS2_PLACEMENT_2D('',#14103,#14104);
#14103 = CARTESIAN_POINT('',(22.865,-64.43));
#14104 = DIRECTION('',(0.,-1.));
#14105 = ( GEOMETRIC_REPRESENTATION_CONTEXT(2) 
PARAMETRIC_REPRESENTATION_CONTEXT() REPRESENTATION_CONTEXT('2D SPACE',''
  ) );
#14106 = PCURVE('',#14107,#14112);
#14107 = TOROIDAL_SURFACE('',#14108,15.15,0.5);
#14108 = AXIS2_PLACEMENT_3D('',#14109,#14110,#14111);
#14109 = CARTESIAN_POINT('',(22.865,-64.43,10.65));
#14110 = DIRECTION('',(0.,0.,1.));
#14111 = DIRECTION('',(0.,-1.,0.));
#14112 = DEFINITIONAL_REPRESENTATION('',(#14113),#14117);
#14113 = LINE('',#14114,#14115);
#14114 = CARTESIAN_POINT('',(0.,1.570796326795));
#14115 = VECTOR('',#14116,1.);
#14116 = DIRECTION('',(1.,0.));
#14117 = ( GEOMETRIC_REPRESENTATION_CONTEXT(2) 
PARAMETRIC_REPRESENTATION_CONTEXT() REPRESENTATION_CONTEXT('2D SPACE',''
  ) );
#14118 = ORIENTED_EDGE('',*,*,#14119,.F.);
#14119 = EDGE_CURVE('',#14120,#14089,#14122,.T.);
#14120 = VERTEX_POINT('',#14121);
#14121 = CARTESIAN_POINT('',(-22.865,-79.58,11.15));
#14122 = SURFACE_CURVE('',#14123,(#14127,#14134),.PCURVE_S1.);
#14123 = LINE('',#14124,#14125);
#14124 = CARTESIAN_POINT('',(-22.865,-79.58,11.15));
#14125 = VECTOR('',#14126,1.);
#14126 = DIRECTION('',(1.,-0.,-0.));
#14127 = PCURVE('',#6983,#14128);
#14128 = DEFINITIONAL_REPRESENTATION('',(#14129),#14133);
#14129 = LINE('',#14130,#14131);
#14130 = CARTESIAN_POINT('',(-22.865,-79.58));
#14131 = VECTOR('',#14132,1.);
#14132 = DIRECTION('',(1.,-0.));
#14133 = ( GEOMETRIC_REPRESENTATION_CONTEXT(2) 
PARAMETRIC_REPRESENTATION_CONTEXT() REPRESENTATION_CONTEXT('2D SPACE',''
  ) );
#14134 = PCURVE('',#14135,#14140);
#14135 = CYLINDRICAL_SURFACE('',#14136,0.5);
#14136 = AXIS2_PLACEMENT_3D('',#14137,#14138,#14139);
#14137 = CARTESIAN_POINT('',(-22.865,-79.58,10.65));
#14138 = DIRECTION('',(1.,-0.,-0.));
#14139 = DIRECTION('',(0.,0.,1.));
#14140 = DEFINITIONAL_REPRESENTATION('',(#14141),#14145);
#14141 = LINE('',#14142,#14143);
#14142 = CARTESIAN_POINT('',(-0.,0.));
#14143 = VECTOR('',#14144,1.);
#14144 = DIRECTION('',(-0.,1.));
#14145 = ( GEOMETRIC_REPRESENTATION_CONTEXT(2) 
PARAMETRIC_REPRESENTATION_CONTEXT() REPRESENTATION_CONTEXT('2D SPACE',''
  ) );
#14146 = ORIENTED_EDGE('',*,*,#14147,.F.);
#14147 = EDGE_CURVE('',#14148,#14120,#14150,.T.);
#14148 = VERTEX_POINT('',#14149);
#14149 = CARTESIAN_POINT('',(-38.015,-64.43,11.15));
#14150 = SURFACE_CURVE('',#14151,(#14156,#14163),.PCURVE_S1.);
#14151 = CIRCLE('',#14152,15.15);
#14152 = AXIS2_PLACEMENT_3D('',#14153,#14154,#14155);
#14153 = CARTESIAN_POINT('',(-22.865,-64.43,11.15));
#14154 = DIRECTION('',(0.,0.,1.));
#14155 = DIRECTION('',(-1.,0.,0.));
#14156 = PCURVE('',#6983,#14157);
#14157 = DEFINITIONAL_REPRESENTATION('',(#14158),#14162);
#14158 = CIRCLE('',#14159,15.15);
#14159 = AXIS2_PLACEMENT_2D('',#14160,#14161);
#14160 = CARTESIAN_POINT('',(-22.865,-64.43));
#14161 = DIRECTION('',(-1.,0.));
#14162 = ( GEOMETRIC_REPRESENTATION_CONTEXT(2) 
PARAMETRIC_REPRESENTATION_CONTEXT() REPRESENTATION_CONTEXT('2D SPACE',''
  ) );
#14163 = PCURVE('',#14164,#14169);
#14164 = TOROIDAL_SURFACE('',#14165,15.15,0.5);
#14165 = AXIS2_PLACEMENT_3D('',#14166,#14167,#14168);
#14166 = CARTESIAN_POINT('',(-22.865,-64.43,10.65));
#14167 = DIRECTION('',(0.,0.,1.));
#14168 = DIRECTION('',(-1.,0.,0.));
#14169 = DEFINITIONAL_REPRESENTATION('',(#14170),#14174);
#14170 = LINE('',#14171,#14172);
#14171 = CARTESIAN_POINT('',(0.,1.570796326795));
#14172 = VECTOR('',#14173,1.);
#14173 = DIRECTION('',(1.,0.));
#14174 = ( GEOMETRIC_REPRESENTATION_CONTEXT(2) 
PARAMETRIC_REPRESENTATION_CONTEXT() REPRESENTATION_CONTEXT('2D SPACE',''
  ) );
#14175 = ORIENTED_EDGE('',*,*,#14176,.F.);
#14176 = EDGE_CURVE('',#14177,#14148,#14179,.T.);
#14177 = VERTEX_POINT('',#14178);
#14178 = CARTESIAN_POINT('',(-38.015,64.43,11.15));
#14179 = SURFACE_CURVE('',#14180,(#14184,#14191),.PCURVE_S1.);
#14180 = LINE('',#14181,#14182);
#14181 = CARTESIAN_POINT('',(-38.015,64.43,11.15));
#14182 = VECTOR('',#14183,1.);
#14183 = DIRECTION('',(0.,-1.,-0.));
#14184 = PCURVE('',#6983,#14185);
#14185 = DEFINITIONAL_REPRESENTATION('',(#14186),#14190);
#14186 = LINE('',#14187,#14188);
#14187 = CARTESIAN_POINT('',(-38.015,64.43));
#14188 = VECTOR('',#14189,1.);
#14189 = DIRECTION('',(0.,-1.));
#14190 = ( GEOMETRIC_REPRESENTATION_CONTEXT(2) 
PARAMETRIC_REPRESENTATION_CONTEXT() REPRESENTATION_CONTEXT('2D SPACE',''
  ) );
#14191 = PCURVE('',#14192,#14197);
#14192 = CYLINDRICAL_SURFACE('',#14193,0.5);
#14193 = AXIS2_PLACEMENT_3D('',#14194,#14195,#14196);
#14194 = CARTESIAN_POINT('',(-38.015,64.43,10.65));
#14195 = DIRECTION('',(0.,-1.,-0.));
#14196 = DIRECTION('',(0.,0.,1.));
#14197 = DEFINITIONAL_REPRESENTATION('',(#14198),#14202);
#14198 = LINE('',#14199,#14200);
#14199 = CARTESIAN_POINT('',(-0.,0.));
#14200 = VECTOR('',#14201,1.);
#14201 = DIRECTION('',(-0.,1.));
#14202 = ( GEOMETRIC_REPRESENTATION_CONTEXT(2) 
PARAMETRIC_REPRESENTATION_CONTEXT() REPRESENTATION_CONTEXT('2D SPACE',''
  ) );
#14203 = ORIENTED_EDGE('',*,*,#14204,.F.);
#14204 = EDGE_CURVE('',#14205,#14177,#14207,.T.);
#14205 = VERTEX_POINT('',#14206);
#14206 = CARTESIAN_POINT('',(-22.865,79.58,11.15));
#14207 = SURFACE_CURVE('',#14208,(#14213,#14220),.PCURVE_S1.);
#14208 = CIRCLE('',#14209,15.15);
#14209 = AXIS2_PLACEMENT_3D('',#14210,#14211,#14212);
#14210 = CARTESIAN_POINT('',(-22.865,64.43,11.15));
#14211 = DIRECTION('',(0.,0.,1.));
#14212 = DIRECTION('',(0.,1.,-0.));
#14213 = PCURVE('',#6983,#14214);
#14214 = DEFINITIONAL_REPRESENTATION('',(#14215),#14219);
#14215 = CIRCLE('',#14216,15.15);
#14216 = AXIS2_PLACEMENT_2D('',#14217,#14218);
#14217 = CARTESIAN_POINT('',(-22.865,64.43));
#14218 = DIRECTION('',(0.,1.));
#14219 = ( GEOMETRIC_REPRESENTATION_CONTEXT(2) 
PARAMETRIC_REPRESENTATION_CONTEXT() REPRESENTATION_CONTEXT('2D SPACE',''
  ) );
#14220 = PCURVE('',#14221,#14226);
#14221 = TOROIDAL_SURFACE('',#14222,15.15,0.5);
#14222 = AXIS2_PLACEMENT_3D('',#14223,#14224,#14225);
#14223 = CARTESIAN_POINT('',(-22.865,64.43,10.65));
#14224 = DIRECTION('',(0.,0.,1.));
#14225 = DIRECTION('',(0.,1.,-0.));
#14226 = DEFINITIONAL_REPRESENTATION('',(#14227),#14231);
#14227 = LINE('',#14228,#14229);
#14228 = CARTESIAN_POINT('',(0.,1.570796326795));
#14229 = VECTOR('',#14230,1.);
#14230 = DIRECTION('',(1.,0.));
#14231 = ( GEOMETRIC_REPRESENTATION_CONTEXT(2) 
PARAMETRIC_REPRESENTATION_CONTEXT() REPRESENTATION_CONTEXT('2D SPACE',''
  ) );
#14232 = ORIENTED_EDGE('',*,*,#14233,.F.);
#14233 = EDGE_CURVE('',#14234,#14205,#14236,.T.);
#14234 = VERTEX_POINT('',#14235);
#14235 = CARTESIAN_POINT('',(22.865,79.58,11.15));
#14236 = SURFACE_CURVE('',#14237,(#14241,#14248),.PCURVE_S1.);
#14237 = LINE('',#14238,#14239);
#14238 = CARTESIAN_POINT('',(22.865,79.58,11.15));
#14239 = VECTOR('',#14240,1.);
#14240 = DIRECTION('',(-1.,-0.,0.));
#14241 = PCURVE('',#6983,#14242);
#14242 = DEFINITIONAL_REPRESENTATION('',(#14243),#14247);
#14243 = LINE('',#14244,#14245);
#14244 = CARTESIAN_POINT('',(22.865,79.58));
#14245 = VECTOR('',#14246,1.);
#14246 = DIRECTION('',(-1.,0.));
#14247 = ( GEOMETRIC_REPRESENTATION_CONTEXT(2) 
PARAMETRIC_REPRESENTATION_CONTEXT() REPRESENTATION_CONTEXT('2D SPACE',''
  ) );
#14248 = PCURVE('',#14249,#14254);
#14249 = CYLINDRICAL_SURFACE('',#14250,0.5);
#14250 = AXIS2_PLACEMENT_3D('',#14251,#14252,#14253);
#14251 = CARTESIAN_POINT('',(22.865,79.58,10.65));
#14252 = DIRECTION('',(-1.,-0.,0.));
#14253 = DIRECTION('',(0.,0.,1.));
#14254 = DEFINITIONAL_REPRESENTATION('',(#14255),#14259);
#14255 = LINE('',#14256,#14257);
#14256 = CARTESIAN_POINT('',(-0.,0.));
#14257 = VECTOR('',#14258,1.);
#14258 = DIRECTION('',(-0.,1.));
#14259 = ( GEOMETRIC_REPRESENTATION_CONTEXT(2) 
PARAMETRIC_REPRESENTATION_CONTEXT() REPRESENTATION_CONTEXT('2D SPACE',''
  ) );
#14260 = ORIENTED_EDGE('',*,*,#14261,.F.);
#14261 = EDGE_CURVE('',#14262,#14234,#14264,.T.);
#14262 = VERTEX_POINT('',#14263);
#14263 = CARTESIAN_POINT('',(38.015,64.43,11.15));
#14264 = SURFACE_CURVE('',#14265,(#14270,#14277),.PCURVE_S1.);
#14265 = CIRCLE('',#14266,15.15);
#14266 = AXIS2_PLACEMENT_3D('',#14267,#14268,#14269);
#14267 = CARTESIAN_POINT('',(22.865,64.43,11.15));
#14268 = DIRECTION('',(0.,0.,1.));
#14269 = DIRECTION('',(1.,0.,-0.));
#14270 = PCURVE('',#6983,#14271);
#14271 = DEFINITIONAL_REPRESENTATION('',(#14272),#14276);
#14272 = CIRCLE('',#14273,15.15);
#14273 = AXIS2_PLACEMENT_2D('',#14274,#14275);
#14274 = CARTESIAN_POINT('',(22.865,64.43));
#14275 = DIRECTION('',(1.,0.));
#14276 = ( GEOMETRIC_REPRESENTATION_CONTEXT(2) 
PARAMETRIC_REPRESENTATION_CONTEXT() REPRESENTATION_CONTEXT('2D SPACE',''
  ) );
#14277 = PCURVE('',#14278,#14283);
#14278 = TOROIDAL_SURFACE('',#14279,15.15,0.5);
#14279 = AXIS2_PLACEMENT_3D('',#14280,#14281,#14282);
#14280 = CARTESIAN_POINT('',(22.865,64.43,10.65));
#14281 = DIRECTION('',(0.,0.,1.));
#14282 = DIRECTION('',(1.,0.,-0.));
#14283 = DEFINITIONAL_REPRESENTATION('',(#14284),#14288);
#14284 = LINE('',#14285,#14286);
#14285 = CARTESIAN_POINT('',(0.,1.570796326795));
#14286 = VECTOR('',#14287,1.);
#14287 = DIRECTION('',(1.,0.));
#14288 = ( GEOMETRIC_REPRESENTATION_CONTEXT(2) 
PARAMETRIC_REPRESENTATION_CONTEXT() REPRESENTATION_CONTEXT('2D SPACE',''
  ) );
#14289 = ORIENTED_EDGE('',*,*,#14290,.F.);
#14290 = EDGE_CURVE('',#14091,#14262,#14291,.T.);
#14291 = SURFACE_CURVE('',#14292,(#14296,#14303),.PCURVE_S1.);
#14292 = LINE('',#14293,#14294);
#14293 = CARTESIAN_POINT('',(38.015,-64.43,11.15));
#14294 = VECTOR('',#14295,1.);
#14295 = DIRECTION('',(-0.,1.,-0.));
#14296 = PCURVE('',#6983,#14297);
#14297 = DEFINITIONAL_REPRESENTATION('',(#14298),#14302);
#14298 = LINE('',#14299,#14300);
#14299 = CARTESIAN_POINT('',(38.015,-64.43));
#14300 = VECTOR('',#14301,1.);
#14301 = DIRECTION('',(0.,1.));
#14302 = ( GEOMETRIC_REPRESENTATION_CONTEXT(2) 
PARAMETRIC_REPRESENTATION_CONTEXT() REPRESENTATION_CONTEXT('2D SPACE',''
  ) );
#14303 = PCURVE('',#14304,#14309);
#14304 = CYLINDRICAL_SURFACE('',#14305,0.5);
#14305 = AXIS2_PLACEMENT_3D('',#14306,#14307,#14308);
#14306 = CARTESIAN_POINT('',(38.015,-64.43,10.65));
#14307 = DIRECTION('',(-0.,1.,-0.));
#14308 = DIRECTION('',(0.,0.,1.));
#14309 = DEFINITIONAL_REPRESENTATION('',(#14310),#14314);
#14310 = LINE('',#14311,#14312);
#14311 = CARTESIAN_POINT('',(-0.,0.));
#14312 = VECTOR('',#14313,1.);
#14313 = DIRECTION('',(-0.,1.));
#14314 = ( GEOMETRIC_REPRESENTATION_CONTEXT(2) 
PARAMETRIC_REPRESENTATION_CONTEXT() REPRESENTATION_CONTEXT('2D SPACE',''
  ) );
#14315 = ADVANCED_FACE('',(#14316,#14326),#8755,.F.);
#14316 = FACE_BOUND('',#14317,.F.);
#14317 = EDGE_LOOP('',(#14318,#14319,#14320,#14321,#14322,#14323,#14324,
    #14325));
#14318 = ORIENTED_EDGE('',*,*,#14026,.T.);
#14319 = ORIENTED_EDGE('',*,*,#8825,.T.);
#14320 = ORIENTED_EDGE('',*,*,#8949,.T.);
#14321 = ORIENTED_EDGE('',*,*,#9080,.T.);
#14322 = ORIENTED_EDGE('',*,*,#9108,.T.);
#14323 = ORIENTED_EDGE('',*,*,#9008,.T.);
#14324 = ORIENTED_EDGE('',*,*,#8902,.T.);
#14325 = ORIENTED_EDGE('',*,*,#8738,.F.);
#14326 = FACE_BOUND('',#14327,.F.);
#14327 = EDGE_LOOP('',(#14328,#14358,#14391,#14419,#14448,#14476,#14505,
    #14533));
#14328 = ORIENTED_EDGE('',*,*,#14329,.F.);
#14329 = EDGE_CURVE('',#14330,#14332,#14334,.T.);
#14330 = VERTEX_POINT('',#14331);
#14331 = CARTESIAN_POINT('',(-22.865,-79.08,10.15));
#14332 = VERTEX_POINT('',#14333);
#14333 = CARTESIAN_POINT('',(22.865,-79.08,10.15));
#14334 = SURFACE_CURVE('',#14335,(#14339,#14346),.PCURVE_S1.);
#14335 = LINE('',#14336,#14337);
#14336 = CARTESIAN_POINT('',(-37.515,-79.08,10.15));
#14337 = VECTOR('',#14338,1.);
#14338 = DIRECTION('',(1.,0.,0.));
#14339 = PCURVE('',#8755,#14340);
#14340 = DEFINITIONAL_REPRESENTATION('',(#14341),#14345);
#14341 = LINE('',#14342,#14343);
#14342 = CARTESIAN_POINT('',(-37.515,-79.08));
#14343 = VECTOR('',#14344,1.);
#14344 = DIRECTION('',(1.,0.));
#14345 = ( GEOMETRIC_REPRESENTATION_CONTEXT(2) 
PARAMETRIC_REPRESENTATION_CONTEXT() REPRESENTATION_CONTEXT('2D SPACE',''
  ) );
#14346 = PCURVE('',#14347,#14352);
#14347 = PLANE('',#14348);
#14348 = AXIS2_PLACEMENT_3D('',#14349,#14350,#14351);
#14349 = CARTESIAN_POINT('',(-37.515,-79.08,10.15));
#14350 = DIRECTION('',(0.,1.,0.));
#14351 = DIRECTION('',(1.,0.,0.));
#14352 = DEFINITIONAL_REPRESENTATION('',(#14353),#14357);
#14353 = LINE('',#14354,#14355);
#14354 = CARTESIAN_POINT('',(0.,0.));
#14355 = VECTOR('',#14356,1.);
#14356 = DIRECTION('',(1.,0.));
#14357 = ( GEOMETRIC_REPRESENTATION_CONTEXT(2) 
PARAMETRIC_REPRESENTATION_CONTEXT() REPRESENTATION_CONTEXT('2D SPACE',''
  ) );
#14358 = ORIENTED_EDGE('',*,*,#14359,.T.);
#14359 = EDGE_CURVE('',#14330,#14360,#14362,.T.);
#14360 = VERTEX_POINT('',#14361);
#14361 = CARTESIAN_POINT('',(-37.515,-64.43,10.15));
#14362 = SURFACE_CURVE('',#14363,(#14368,#14379),.PCURVE_S1.);
#14363 = CIRCLE('',#14364,14.65);
#14364 = AXIS2_PLACEMENT_3D('',#14365,#14366,#14367);
#14365 = CARTESIAN_POINT('',(-22.865,-64.43,10.15));
#14366 = DIRECTION('',(-0.,-0.,-1.));
#14367 = DIRECTION('',(0.,-1.,0.));
#14368 = PCURVE('',#8755,#14369);
#14369 = DEFINITIONAL_REPRESENTATION('',(#14370),#14378);
#14370 = ( BOUNDED_CURVE() B_SPLINE_CURVE(2,(#14371,#14372,#14373,#14374
    ,#14375,#14376,#14377),.UNSPECIFIED.,.T.,.F.) 
B_SPLINE_CURVE_WITH_KNOTS((1,2,2,2,2,1),(-2.094395102393,0.,
    2.094395102393,4.188790204786,6.28318530718,8.377580409573),
.UNSPECIFIED.) CURVE() GEOMETRIC_REPRESENTATION_ITEM() 
RATIONAL_B_SPLINE_CURVE((1.,0.5,1.,0.5,1.,0.5,1.)) REPRESENTATION_ITEM(
  '') );
#14371 = CARTESIAN_POINT('',(-22.865,-79.08));
#14372 = CARTESIAN_POINT('',(-48.23954433088,-79.08));
#14373 = CARTESIAN_POINT('',(-35.55227216544,-57.105));
#14374 = CARTESIAN_POINT('',(-22.865,-35.13));
#14375 = CARTESIAN_POINT('',(-10.17772783455,-57.105));
#14376 = CARTESIAN_POINT('',(2.509544330884,-79.08));
#14377 = CARTESIAN_POINT('',(-22.865,-79.08));
#14378 = ( GEOMETRIC_REPRESENTATION_CONTEXT(2) 
PARAMETRIC_REPRESENTATION_CONTEXT() REPRESENTATION_CONTEXT('2D SPACE',''
  ) );
#14379 = PCURVE('',#14380,#14385);
#14380 = CYLINDRICAL_SURFACE('',#14381,14.65);
#14381 = AXIS2_PLACEMENT_3D('',#14382,#14383,#14384);
#14382 = CARTESIAN_POINT('',(-22.865,-64.43,10.15));
#14383 = DIRECTION('',(0.,0.,1.));
#14384 = DIRECTION('',(0.,-1.,0.));
#14385 = DEFINITIONAL_REPRESENTATION('',(#14386),#14390);
#14386 = LINE('',#14387,#14388);
#14387 = CARTESIAN_POINT('',(-0.,1.7763568394E-15));
#14388 = VECTOR('',#14389,1.);
#14389 = DIRECTION('',(-1.,0.));
#14390 = ( GEOMETRIC_REPRESENTATION_CONTEXT(2) 
PARAMETRIC_REPRESENTATION_CONTEXT() REPRESENTATION_CONTEXT('2D SPACE',''
  ) );
#14391 = ORIENTED_EDGE('',*,*,#14392,.F.);
#14392 = EDGE_CURVE('',#14393,#14360,#14395,.T.);
#14393 = VERTEX_POINT('',#14394);
#14394 = CARTESIAN_POINT('',(-37.515,64.43,10.15));
#14395 = SURFACE_CURVE('',#14396,(#14400,#14407),.PCURVE_S1.);
#14396 = LINE('',#14397,#14398);
#14397 = CARTESIAN_POINT('',(-37.515,79.08,10.15));
#14398 = VECTOR('',#14399,1.);
#14399 = DIRECTION('',(0.,-1.,0.));
#14400 = PCURVE('',#8755,#14401);
#14401 = DEFINITIONAL_REPRESENTATION('',(#14402),#14406);
#14402 = LINE('',#14403,#14404);
#14403 = CARTESIAN_POINT('',(-37.515,79.08));
#14404 = VECTOR('',#14405,1.);
#14405 = DIRECTION('',(0.,-1.));
#14406 = ( GEOMETRIC_REPRESENTATION_CONTEXT(2) 
PARAMETRIC_REPRESENTATION_CONTEXT() REPRESENTATION_CONTEXT('2D SPACE',''
  ) );
#14407 = PCURVE('',#14408,#14413);
#14408 = PLANE('',#14409);
#14409 = AXIS2_PLACEMENT_3D('',#14410,#14411,#14412);
#14410 = CARTESIAN_POINT('',(-37.515,79.08,10.15));
#14411 = DIRECTION('',(1.,0.,-0.));
#14412 = DIRECTION('',(0.,-1.,0.));
#14413 = DEFINITIONAL_REPRESENTATION('',(#14414),#14418);
#14414 = LINE('',#14415,#14416);
#14415 = CARTESIAN_POINT('',(0.,0.));
#14416 = VECTOR('',#14417,1.);
#14417 = DIRECTION('',(1.,0.));
#14418 = ( GEOMETRIC_REPRESENTATION_CONTEXT(2) 
PARAMETRIC_REPRESENTATION_CONTEXT() REPRESENTATION_CONTEXT('2D SPACE',''
  ) );
#14419 = ORIENTED_EDGE('',*,*,#14420,.F.);
#14420 = EDGE_CURVE('',#14421,#14393,#14423,.T.);
#14421 = VERTEX_POINT('',#14422);
#14422 = CARTESIAN_POINT('',(-22.865,79.08,10.15));
#14423 = SURFACE_CURVE('',#14424,(#14429,#14436),.PCURVE_S1.);
#14424 = CIRCLE('',#14425,14.65);
#14425 = AXIS2_PLACEMENT_3D('',#14426,#14427,#14428);
#14426 = CARTESIAN_POINT('',(-22.865,64.43,10.15));
#14427 = DIRECTION('',(0.,0.,1.));
#14428 = DIRECTION('',(0.,-1.,0.));
#14429 = PCURVE('',#8755,#14430);
#14430 = DEFINITIONAL_REPRESENTATION('',(#14431),#14435);
#14431 = CIRCLE('',#14432,14.65);
#14432 = AXIS2_PLACEMENT_2D('',#14433,#14434);
#14433 = CARTESIAN_POINT('',(-22.865,64.43));
#14434 = DIRECTION('',(0.,-1.));
#14435 = ( GEOMETRIC_REPRESENTATION_CONTEXT(2) 
PARAMETRIC_REPRESENTATION_CONTEXT() REPRESENTATION_CONTEXT('2D SPACE',''
  ) );
#14436 = PCURVE('',#14437,#14442);
#14437 = CYLINDRICAL_SURFACE('',#14438,14.65);
#14438 = AXIS2_PLACEMENT_3D('',#14439,#14440,#14441);
#14439 = CARTESIAN_POINT('',(-22.865,64.43,10.15));
#14440 = DIRECTION('',(0.,0.,1.));
#14441 = DIRECTION('',(-0.,1.,0.));
#14442 = DEFINITIONAL_REPRESENTATION('',(#14443),#14447);
#14443 = LINE('',#14444,#14445);
#14444 = CARTESIAN_POINT('',(-3.14159265359,1.7763568394E-15));
#14445 = VECTOR('',#14446,1.);
#14446 = DIRECTION('',(1.,0.));
#14447 = ( GEOMETRIC_REPRESENTATION_CONTEXT(2) 
PARAMETRIC_REPRESENTATION_CONTEXT() REPRESENTATION_CONTEXT('2D SPACE',''
  ) );
#14448 = ORIENTED_EDGE('',*,*,#14449,.F.);
#14449 = EDGE_CURVE('',#14450,#14421,#14452,.T.);
#14450 = VERTEX_POINT('',#14451);
#14451 = CARTESIAN_POINT('',(22.865,79.08,10.15));
#14452 = SURFACE_CURVE('',#14453,(#14457,#14464),.PCURVE_S1.);
#14453 = LINE('',#14454,#14455);
#14454 = CARTESIAN_POINT('',(37.515,79.08,10.15));
#14455 = VECTOR('',#14456,1.);
#14456 = DIRECTION('',(-1.,0.,0.));
#14457 = PCURVE('',#8755,#14458);
#14458 = DEFINITIONAL_REPRESENTATION('',(#14459),#14463);
#14459 = LINE('',#14460,#14461);
#14460 = CARTESIAN_POINT('',(37.515,79.08));
#14461 = VECTOR('',#14462,1.);
#14462 = DIRECTION('',(-1.,0.));
#14463 = ( GEOMETRIC_REPRESENTATION_CONTEXT(2) 
PARAMETRIC_REPRESENTATION_CONTEXT() REPRESENTATION_CONTEXT('2D SPACE',''
  ) );
#14464 = PCURVE('',#14465,#14470);
#14465 = PLANE('',#14466);
#14466 = AXIS2_PLACEMENT_3D('',#14467,#14468,#14469);
#14467 = CARTESIAN_POINT('',(37.515,79.08,10.15));
#14468 = DIRECTION('',(0.,-1.,0.));
#14469 = DIRECTION('',(-1.,0.,0.));
#14470 = DEFINITIONAL_REPRESENTATION('',(#14471),#14475);
#14471 = LINE('',#14472,#14473);
#14472 = CARTESIAN_POINT('',(0.,-0.));
#14473 = VECTOR('',#14474,1.);
#14474 = DIRECTION('',(1.,0.));
#14475 = ( GEOMETRIC_REPRESENTATION_CONTEXT(2) 
PARAMETRIC_REPRESENTATION_CONTEXT() REPRESENTATION_CONTEXT('2D SPACE',''
  ) );
#14476 = ORIENTED_EDGE('',*,*,#14477,.F.);
#14477 = EDGE_CURVE('',#14478,#14450,#14480,.T.);
#14478 = VERTEX_POINT('',#14479);
#14479 = CARTESIAN_POINT('',(37.515,64.43,10.15));
#14480 = SURFACE_CURVE('',#14481,(#14486,#14493),.PCURVE_S1.);
#14481 = CIRCLE('',#14482,14.65);
#14482 = AXIS2_PLACEMENT_3D('',#14483,#14484,#14485);
#14483 = CARTESIAN_POINT('',(22.865,64.43,10.15));
#14484 = DIRECTION('',(0.,0.,1.));
#14485 = DIRECTION('',(0.,-1.,0.));
#14486 = PCURVE('',#8755,#14487);
#14487 = DEFINITIONAL_REPRESENTATION('',(#14488),#14492);
#14488 = CIRCLE('',#14489,14.65);
#14489 = AXIS2_PLACEMENT_2D('',#14490,#14491);
#14490 = CARTESIAN_POINT('',(22.865,64.43));
#14491 = DIRECTION('',(0.,-1.));
#14492 = ( GEOMETRIC_REPRESENTATION_CONTEXT(2) 
PARAMETRIC_REPRESENTATION_CONTEXT() REPRESENTATION_CONTEXT('2D SPACE',''
  ) );
#14493 = PCURVE('',#14494,#14499);
#14494 = CYLINDRICAL_SURFACE('',#14495,14.65);
#14495 = AXIS2_PLACEMENT_3D('',#14496,#14497,#14498);
#14496 = CARTESIAN_POINT('',(22.865,64.43,10.15));
#14497 = DIRECTION('',(0.,0.,1.));
#14498 = DIRECTION('',(1.,0.,-0.));
#14499 = DEFINITIONAL_REPRESENTATION('',(#14500),#14504);
#14500 = LINE('',#14501,#14502);
#14501 = CARTESIAN_POINT('',(-1.570796326795,1.7763568394E-15));
#14502 = VECTOR('',#14503,1.);
#14503 = DIRECTION('',(1.,0.));
#14504 = ( GEOMETRIC_REPRESENTATION_CONTEXT(2) 
PARAMETRIC_REPRESENTATION_CONTEXT() REPRESENTATION_CONTEXT('2D SPACE',''
  ) );
#14505 = ORIENTED_EDGE('',*,*,#14506,.F.);
#14506 = EDGE_CURVE('',#14507,#14478,#14509,.T.);
#14507 = VERTEX_POINT('',#14508);
#14508 = CARTESIAN_POINT('',(37.515,-64.43,10.15));
#14509 = SURFACE_CURVE('',#14510,(#14514,#14521),.PCURVE_S1.);
#14510 = LINE('',#14511,#14512);
#14511 = CARTESIAN_POINT('',(37.515,-79.08,10.15));
#14512 = VECTOR('',#14513,1.);
#14513 = DIRECTION('',(0.,1.,0.));
#14514 = PCURVE('',#8755,#14515);
#14515 = DEFINITIONAL_REPRESENTATION('',(#14516),#14520);
#14516 = LINE('',#14517,#14518);
#14517 = CARTESIAN_POINT('',(37.515,-79.08));
#14518 = VECTOR('',#14519,1.);
#14519 = DIRECTION('',(0.,1.));
#14520 = ( GEOMETRIC_REPRESENTATION_CONTEXT(2) 
PARAMETRIC_REPRESENTATION_CONTEXT() REPRESENTATION_CONTEXT('2D SPACE',''
  ) );
#14521 = PCURVE('',#14522,#14527);
#14522 = PLANE('',#14523);
#14523 = AXIS2_PLACEMENT_3D('',#14524,#14525,#14526);
#14524 = CARTESIAN_POINT('',(37.515,-79.08,10.15));
#14525 = DIRECTION('',(-1.,0.,0.));
#14526 = DIRECTION('',(0.,1.,0.));
#14527 = DEFINITIONAL_REPRESENTATION('',(#14528),#14532);
#14528 = LINE('',#14529,#14530);
#14529 = CARTESIAN_POINT('',(0.,0.));
#14530 = VECTOR('',#14531,1.);
#14531 = DIRECTION('',(1.,0.));
#14532 = ( GEOMETRIC_REPRESENTATION_CONTEXT(2) 
PARAMETRIC_REPRESENTATION_CONTEXT() REPRESENTATION_CONTEXT('2D SPACE',''
  ) );
#14533 = ORIENTED_EDGE('',*,*,#14534,.F.);
#14534 = EDGE_CURVE('',#14332,#14507,#14535,.T.);
#14535 = SURFACE_CURVE('',#14536,(#14541,#14548),.PCURVE_S1.);
#14536 = CIRCLE('',#14537,14.65);
#14537 = AXIS2_PLACEMENT_3D('',#14538,#14539,#14540);
#14538 = CARTESIAN_POINT('',(22.865,-64.43,10.15));
#14539 = DIRECTION('',(0.,0.,1.));
#14540 = DIRECTION('',(0.,-1.,0.));
#14541 = PCURVE('',#8755,#14542);
#14542 = DEFINITIONAL_REPRESENTATION('',(#14543),#14547);
#14543 = CIRCLE('',#14544,14.65);
#14544 = AXIS2_PLACEMENT_2D('',#14545,#14546);
#14545 = CARTESIAN_POINT('',(22.865,-64.43));
#14546 = DIRECTION('',(0.,-1.));
#14547 = ( GEOMETRIC_REPRESENTATION_CONTEXT(2) 
PARAMETRIC_REPRESENTATION_CONTEXT() REPRESENTATION_CONTEXT('2D SPACE',''
  ) );
#14548 = PCURVE('',#14549,#14554);
#14549 = CYLINDRICAL_SURFACE('',#14550,14.65);
#14550 = AXIS2_PLACEMENT_3D('',#14551,#14552,#14553);
#14551 = CARTESIAN_POINT('',(22.865,-64.43,10.15));
#14552 = DIRECTION('',(0.,0.,1.));
#14553 = DIRECTION('',(0.,-1.,0.));
#14554 = DEFINITIONAL_REPRESENTATION('',(#14555),#14559);
#14555 = LINE('',#14556,#14557);
#14556 = CARTESIAN_POINT('',(0.,1.7763568394E-15));
#14557 = VECTOR('',#14558,1.);
#14558 = DIRECTION('',(1.,0.));
#14559 = ( GEOMETRIC_REPRESENTATION_CONTEXT(2) 
PARAMETRIC_REPRESENTATION_CONTEXT() REPRESENTATION_CONTEXT('2D SPACE',''
  ) );
#14560 = ADVANCED_FACE('',(#14561),#9194,.T.);
#14561 = FACE_BOUND('',#14562,.F.);
#14562 = EDGE_LOOP('',(#14563,#14564,#14565,#14566,#14567,#14568,#14569,
    #14570,#14571,#14572,#14573));
#14563 = ORIENTED_EDGE('',*,*,#9653,.T.);
#14564 = ORIENTED_EDGE('',*,*,#9626,.T.);
#14565 = ORIENTED_EDGE('',*,*,#9577,.T.);
#14566 = ORIENTED_EDGE('',*,*,#9528,.T.);
#14567 = ORIENTED_EDGE('',*,*,#9479,.T.);
#14568 = ORIENTED_EDGE('',*,*,#9430,.T.);
#14569 = ORIENTED_EDGE('',*,*,#9381,.T.);
#14570 = ORIENTED_EDGE('',*,*,#9332,.T.);
#14571 = ORIENTED_EDGE('',*,*,#9283,.T.);
#14572 = ORIENTED_EDGE('',*,*,#9234,.T.);
#14573 = ORIENTED_EDGE('',*,*,#9180,.T.);
#14574 = ADVANCED_FACE('',(#14575),#9738,.T.);
#14575 = FACE_BOUND('',#14576,.F.);
#14576 = EDGE_LOOP('',(#14577,#14578,#14579,#14580,#14581,#14582,#14583,
    #14584,#14585,#14586,#14587,#14588,#14589,#14590,#14591,#14592,
    #14593,#14594,#14595,#14596,#14597,#14598));
#14577 = ORIENTED_EDGE('',*,*,#10736,.T.);
#14578 = ORIENTED_EDGE('',*,*,#10709,.T.);
#14579 = ORIENTED_EDGE('',*,*,#10660,.T.);
#14580 = ORIENTED_EDGE('',*,*,#10611,.T.);
#14581 = ORIENTED_EDGE('',*,*,#10562,.T.);
#14582 = ORIENTED_EDGE('',*,*,#10513,.T.);
#14583 = ORIENTED_EDGE('',*,*,#10464,.T.);
#14584 = ORIENTED_EDGE('',*,*,#10415,.T.);
#14585 = ORIENTED_EDGE('',*,*,#10366,.T.);
#14586 = ORIENTED_EDGE('',*,*,#10317,.T.);
#14587 = ORIENTED_EDGE('',*,*,#10268,.T.);
#14588 = ORIENTED_EDGE('',*,*,#10219,.T.);
#14589 = ORIENTED_EDGE('',*,*,#10170,.T.);
#14590 = ORIENTED_EDGE('',*,*,#10121,.T.);
#14591 = ORIENTED_EDGE('',*,*,#10072,.T.);
#14592 = ORIENTED_EDGE('',*,*,#10023,.T.);
#14593 = ORIENTED_EDGE('',*,*,#9974,.T.);
#14594 = ORIENTED_EDGE('',*,*,#9925,.T.);
#14595 = ORIENTED_EDGE('',*,*,#9876,.T.);
#14596 = ORIENTED_EDGE('',*,*,#9827,.T.);
#14597 = ORIENTED_EDGE('',*,*,#9778,.T.);
#14598 = ORIENTED_EDGE('',*,*,#9724,.T.);
#14599 = ADVANCED_FACE('',(#14600,#14611),#10821,.T.);
#14600 = FACE_BOUND('',#14601,.F.);
#14601 = EDGE_LOOP('',(#14602,#14603,#14604,#14605,#14606,#14607,#14608,
    #14609,#14610));
#14602 = ORIENTED_EDGE('',*,*,#11182,.T.);
#14603 = ORIENTED_EDGE('',*,*,#11155,.T.);
#14604 = ORIENTED_EDGE('',*,*,#11106,.T.);
#14605 = ORIENTED_EDGE('',*,*,#11057,.T.);
#14606 = ORIENTED_EDGE('',*,*,#11008,.T.);
#14607 = ORIENTED_EDGE('',*,*,#10959,.T.);
#14608 = ORIENTED_EDGE('',*,*,#10910,.T.);
#14609 = ORIENTED_EDGE('',*,*,#10861,.T.);
#14610 = ORIENTED_EDGE('',*,*,#10807,.T.);
#14611 = FACE_BOUND('',#14612,.F.);
#14612 = EDGE_LOOP('',(#14613,#14643,#14671,#14699,#14729,#14759,#14789)
  );
#14613 = ORIENTED_EDGE('',*,*,#14614,.T.);
#14614 = EDGE_CURVE('',#14615,#14617,#14619,.T.);
#14615 = VERTEX_POINT('',#14616);
#14616 = CARTESIAN_POINT('',(-7.518188476562,-56.87379882812,1.2));
#14617 = VERTEX_POINT('',#14618);
#14618 = CARTESIAN_POINT('',(-8.090209960938,-56.87379882812,1.2));
#14619 = SURFACE_CURVE('',#14620,(#14624,#14631),.PCURVE_S1.);
#14620 = LINE('',#14621,#14622);
#14621 = CARTESIAN_POINT('',(-7.518188476562,-56.87379882812,1.2));
#14622 = VECTOR('',#14623,1.);
#14623 = DIRECTION('',(-1.,0.,0.));
#14624 = PCURVE('',#10821,#14625);
#14625 = DEFINITIONAL_REPRESENTATION('',(#14626),#14630);
#14626 = LINE('',#14627,#14628);
#14627 = CARTESIAN_POINT('',(2.11083984375,3.26025390625));
#14628 = VECTOR('',#14629,1.);
#14629 = DIRECTION('',(-1.,0.));
#14630 = ( GEOMETRIC_REPRESENTATION_CONTEXT(2) 
PARAMETRIC_REPRESENTATION_CONTEXT() REPRESENTATION_CONTEXT('2D SPACE',''
  ) );
#14631 = PCURVE('',#14632,#14637);
#14632 = PLANE('',#14633);
#14633 = AXIS2_PLACEMENT_3D('',#14634,#14635,#14636);
#14634 = CARTESIAN_POINT('',(-7.518188476562,-56.87379882812,1.2));
#14635 = DIRECTION('',(0.,-1.,0.));
#14636 = DIRECTION('',(-1.,0.,0.));
#14637 = DEFINITIONAL_REPRESENTATION('',(#14638),#14642);
#14638 = LINE('',#14639,#14640);
#14639 = CARTESIAN_POINT('',(0.,-0.));
#14640 = VECTOR('',#14641,1.);
#14641 = DIRECTION('',(1.,0.));
#14642 = ( GEOMETRIC_REPRESENTATION_CONTEXT(2) 
PARAMETRIC_REPRESENTATION_CONTEXT() REPRESENTATION_CONTEXT('2D SPACE',''
  ) );
#14643 = ORIENTED_EDGE('',*,*,#14644,.T.);
#14644 = EDGE_CURVE('',#14617,#14645,#14647,.T.);
#14645 = VERTEX_POINT('',#14646);
#14646 = CARTESIAN_POINT('',(-8.090209960938,-57.993671875,1.2));
#14647 = SURFACE_CURVE('',#14648,(#14652,#14659),.PCURVE_S1.);
#14648 = LINE('',#14649,#14650);
#14649 = CARTESIAN_POINT('',(-8.090209960938,-56.87379882812,1.2));
#14650 = VECTOR('',#14651,1.);
#14651 = DIRECTION('',(0.,-1.,0.));
#14652 = PCURVE('',#10821,#14653);
#14653 = DEFINITIONAL_REPRESENTATION('',(#14654),#14658);
#14654 = LINE('',#14655,#14656);
#14655 = CARTESIAN_POINT('',(1.538818359375,3.26025390625));
#14656 = VECTOR('',#14657,1.);
#14657 = DIRECTION('',(0.,-1.));
#14658 = ( GEOMETRIC_REPRESENTATION_CONTEXT(2) 
PARAMETRIC_REPRESENTATION_CONTEXT() REPRESENTATION_CONTEXT('2D SPACE',''
  ) );
#14659 = PCURVE('',#14660,#14665);
#14660 = PLANE('',#14661);
#14661 = AXIS2_PLACEMENT_3D('',#14662,#14663,#14664);
#14662 = CARTESIAN_POINT('',(-8.090209960938,-56.87379882812,1.2));
#14663 = DIRECTION('',(1.,0.,0.));
#14664 = DIRECTION('',(0.,-1.,0.));
#14665 = DEFINITIONAL_REPRESENTATION('',(#14666),#14670);
#14666 = LINE('',#14667,#14668);
#14667 = CARTESIAN_POINT('',(0.,0.));
#14668 = VECTOR('',#14669,1.);
#14669 = DIRECTION('',(1.,0.));
#14670 = ( GEOMETRIC_REPRESENTATION_CONTEXT(2) 
PARAMETRIC_REPRESENTATION_CONTEXT() REPRESENTATION_CONTEXT('2D SPACE',''
  ) );
#14671 = ORIENTED_EDGE('',*,*,#14672,.T.);
#14672 = EDGE_CURVE('',#14645,#14673,#14675,.T.);
#14673 = VERTEX_POINT('',#14674);
#14674 = CARTESIAN_POINT('',(-7.518188476562,-57.993671875,1.2));
#14675 = SURFACE_CURVE('',#14676,(#14680,#14687),.PCURVE_S1.);
#14676 = LINE('',#14677,#14678);
#14677 = CARTESIAN_POINT('',(-8.090209960938,-57.993671875,1.2));
#14678 = VECTOR('',#14679,1.);
#14679 = DIRECTION('',(1.,0.,0.));
#14680 = PCURVE('',#10821,#14681);
#14681 = DEFINITIONAL_REPRESENTATION('',(#14682),#14686);
#14682 = LINE('',#14683,#14684);
#14683 = CARTESIAN_POINT('',(1.538818359375,2.140380859375));
#14684 = VECTOR('',#14685,1.);
#14685 = DIRECTION('',(1.,0.));
#14686 = ( GEOMETRIC_REPRESENTATION_CONTEXT(2) 
PARAMETRIC_REPRESENTATION_CONTEXT() REPRESENTATION_CONTEXT('2D SPACE',''
  ) );
#14687 = PCURVE('',#14688,#14693);
#14688 = PLANE('',#14689);
#14689 = AXIS2_PLACEMENT_3D('',#14690,#14691,#14692);
#14690 = CARTESIAN_POINT('',(-8.090209960938,-57.993671875,1.2));
#14691 = DIRECTION('',(0.,1.,0.));
#14692 = DIRECTION('',(1.,0.,0.));
#14693 = DEFINITIONAL_REPRESENTATION('',(#14694),#14698);
#14694 = LINE('',#14695,#14696);
#14695 = CARTESIAN_POINT('',(0.,0.));
#14696 = VECTOR('',#14697,1.);
#14697 = DIRECTION('',(1.,0.));
#14698 = ( GEOMETRIC_REPRESENTATION_CONTEXT(2) 
PARAMETRIC_REPRESENTATION_CONTEXT() REPRESENTATION_CONTEXT('2D SPACE',''
  ) );
#14699 = ORIENTED_EDGE('',*,*,#14700,.T.);
#14700 = EDGE_CURVE('',#14673,#14701,#14703,.T.);
#14701 = VERTEX_POINT('',#14702);
#14702 = CARTESIAN_POINT('',(-7.053588867188,-57.84730957031,1.2));
#14703 = SURFACE_CURVE('',#14704,(#14708,#14715),.PCURVE_S1.);
#14704 = B_SPLINE_CURVE_WITH_KNOTS('',2,(#14705,#14706,#14707),
  .UNSPECIFIED.,.F.,.F.,(3,3),(0.,1.),.PIECEWISE_BEZIER_KNOTS.);
#14705 = CARTESIAN_POINT('',(-7.518188476562,-57.993671875,1.2));
#14706 = CARTESIAN_POINT('',(-7.217407226562,-57.993671875,1.2));
#14707 = CARTESIAN_POINT('',(-7.053588867188,-57.84730957031,1.2));
#14708 = PCURVE('',#10821,#14709);
#14709 = DEFINITIONAL_REPRESENTATION('',(#14710),#14714);
#14710 = B_SPLINE_CURVE_WITH_KNOTS('',2,(#14711,#14712,#14713),
  .UNSPECIFIED.,.F.,.F.,(3,3),(0.,1.),.PIECEWISE_BEZIER_KNOTS.);
#14711 = CARTESIAN_POINT('',(2.11083984375,2.140380859375));
#14712 = CARTESIAN_POINT('',(2.41162109375,2.140380859375));
#14713 = CARTESIAN_POINT('',(2.575439453125,2.286743164062));
#14714 = ( GEOMETRIC_REPRESENTATION_CONTEXT(2) 
PARAMETRIC_REPRESENTATION_CONTEXT() REPRESENTATION_CONTEXT('2D SPACE',''
  ) );
#14715 = PCURVE('',#14716,#14723);
#14716 = SURFACE_OF_LINEAR_EXTRUSION('',#14717,#14721);
#14717 = B_SPLINE_CURVE_WITH_KNOTS('',2,(#14718,#14719,#14720),
  .UNSPECIFIED.,.F.,.F.,(3,3),(0.,1.),.PIECEWISE_BEZIER_KNOTS.);
#14718 = CARTESIAN_POINT('',(-7.518188476562,-57.993671875,1.2));
#14719 = CARTESIAN_POINT('',(-7.217407226562,-57.993671875,1.2));
#14720 = CARTESIAN_POINT('',(-7.053588867188,-57.84730957031,1.2));
#14721 = VECTOR('',#14722,1.);
#14722 = DIRECTION('',(-0.,-0.,-1.));
#14723 = DEFINITIONAL_REPRESENTATION('',(#14724),#14728);
#14724 = LINE('',#14725,#14726);
#14725 = CARTESIAN_POINT('',(0.,0.));
#14726 = VECTOR('',#14727,1.);
#14727 = DIRECTION('',(1.,0.));
#14728 = ( GEOMETRIC_REPRESENTATION_CONTEXT(2) 
PARAMETRIC_REPRESENTATION_CONTEXT() REPRESENTATION_CONTEXT('2D SPACE',''
  ) );
#14729 = ORIENTED_EDGE('',*,*,#14730,.T.);
#14730 = EDGE_CURVE('',#14701,#14731,#14733,.T.);
#14731 = VERTEX_POINT('',#14732);
#14732 = CARTESIAN_POINT('',(-6.889770507812,-57.43239257812,1.2));
#14733 = SURFACE_CURVE('',#14734,(#14738,#14745),.PCURVE_S1.);
#14734 = B_SPLINE_CURVE_WITH_KNOTS('',2,(#14735,#14736,#14737),
  .UNSPECIFIED.,.F.,.F.,(3,3),(0.,1.),.PIECEWISE_BEZIER_KNOTS.);
#14735 = CARTESIAN_POINT('',(-7.053588867188,-57.84730957031,1.2));
#14736 = CARTESIAN_POINT('',(-6.889770507812,-57.70094726562,1.2));
#14737 = CARTESIAN_POINT('',(-6.889770507812,-57.43239257812,1.2));
#14738 = PCURVE('',#10821,#14739);
#14739 = DEFINITIONAL_REPRESENTATION('',(#14740),#14744);
#14740 = B_SPLINE_CURVE_WITH_KNOTS('',2,(#14741,#14742,#14743),
  .UNSPECIFIED.,.F.,.F.,(3,3),(0.,1.),.PIECEWISE_BEZIER_KNOTS.);
#14741 = CARTESIAN_POINT('',(2.575439453125,2.286743164062));
#14742 = CARTESIAN_POINT('',(2.7392578125,2.43310546875));
#14743 = CARTESIAN_POINT('',(2.7392578125,2.70166015625));
#14744 = ( GEOMETRIC_REPRESENTATION_CONTEXT(2) 
PARAMETRIC_REPRESENTATION_CONTEXT() REPRESENTATION_CONTEXT('2D SPACE',''
  ) );
#14745 = PCURVE('',#14746,#14753);
#14746 = SURFACE_OF_LINEAR_EXTRUSION('',#14747,#14751);
#14747 = B_SPLINE_CURVE_WITH_KNOTS('',2,(#14748,#14749,#14750),
  .UNSPECIFIED.,.F.,.F.,(3,3),(0.,1.),.PIECEWISE_BEZIER_KNOTS.);
#14748 = CARTESIAN_POINT('',(-7.053588867188,-57.84730957031,1.2));
#14749 = CARTESIAN_POINT('',(-6.889770507812,-57.70094726562,1.2));
#14750 = CARTESIAN_POINT('',(-6.889770507812,-57.43239257812,1.2));
#14751 = VECTOR('',#14752,1.);
#14752 = DIRECTION('',(-0.,-0.,-1.));
#14753 = DEFINITIONAL_REPRESENTATION('',(#14754),#14758);
#14754 = LINE('',#14755,#14756);
#14755 = CARTESIAN_POINT('',(0.,0.));
#14756 = VECTOR('',#14757,1.);
#14757 = DIRECTION('',(1.,0.));
#14758 = ( GEOMETRIC_REPRESENTATION_CONTEXT(2) 
PARAMETRIC_REPRESENTATION_CONTEXT() REPRESENTATION_CONTEXT('2D SPACE',''
  ) );
#14759 = ORIENTED_EDGE('',*,*,#14760,.T.);
#14760 = EDGE_CURVE('',#14731,#14761,#14763,.T.);
#14761 = VERTEX_POINT('',#14762);
#14762 = CARTESIAN_POINT('',(-7.053588867188,-57.01881835937,1.2));
#14763 = SURFACE_CURVE('',#14764,(#14768,#14775),.PCURVE_S1.);
#14764 = B_SPLINE_CURVE_WITH_KNOTS('',2,(#14765,#14766,#14767),
  .UNSPECIFIED.,.F.,.F.,(3,3),(0.,1.),.PIECEWISE_BEZIER_KNOTS.);
#14765 = CARTESIAN_POINT('',(-6.889770507812,-57.43239257812,1.2));
#14766 = CARTESIAN_POINT('',(-6.889770507812,-57.16383789062,1.2));
#14767 = CARTESIAN_POINT('',(-7.053588867188,-57.01881835937,1.2));
#14768 = PCURVE('',#10821,#14769);
#14769 = DEFINITIONAL_REPRESENTATION('',(#14770),#14774);
#14770 = B_SPLINE_CURVE_WITH_KNOTS('',2,(#14771,#14772,#14773),
  .UNSPECIFIED.,.F.,.F.,(3,3),(0.,1.),.PIECEWISE_BEZIER_KNOTS.);
#14771 = CARTESIAN_POINT('',(2.7392578125,2.70166015625));
#14772 = CARTESIAN_POINT('',(2.7392578125,2.97021484375));
#14773 = CARTESIAN_POINT('',(2.575439453125,3.115234375));
#14774 = ( GEOMETRIC_REPRESENTATION_CONTEXT(2) 
PARAMETRIC_REPRESENTATION_CONTEXT() REPRESENTATION_CONTEXT('2D SPACE',''
  ) );
#14775 = PCURVE('',#14776,#14783);
#14776 = SURFACE_OF_LINEAR_EXTRUSION('',#14777,#14781);
#14777 = B_SPLINE_CURVE_WITH_KNOTS('',2,(#14778,#14779,#14780),
  .UNSPECIFIED.,.F.,.F.,(3,3),(0.,1.),.PIECEWISE_BEZIER_KNOTS.);
#14778 = CARTESIAN_POINT('',(-6.889770507812,-57.43239257812,1.2));
#14779 = CARTESIAN_POINT('',(-6.889770507812,-57.16383789062,1.2));
#14780 = CARTESIAN_POINT('',(-7.053588867188,-57.01881835937,1.2));
#14781 = VECTOR('',#14782,1.);
#14782 = DIRECTION('',(-0.,-0.,-1.));
#14783 = DEFINITIONAL_REPRESENTATION('',(#14784),#14788);
#14784 = LINE('',#14785,#14786);
#14785 = CARTESIAN_POINT('',(0.,0.));
#14786 = VECTOR('',#14787,1.);
#14787 = DIRECTION('',(1.,0.));
#14788 = ( GEOMETRIC_REPRESENTATION_CONTEXT(2) 
PARAMETRIC_REPRESENTATION_CONTEXT() REPRESENTATION_CONTEXT('2D SPACE',''
  ) );
#14789 = ORIENTED_EDGE('',*,*,#14790,.T.);
#14790 = EDGE_CURVE('',#14761,#14615,#14791,.T.);
#14791 = SURFACE_CURVE('',#14792,(#14796,#14803),.PCURVE_S1.);
#14792 = B_SPLINE_CURVE_WITH_KNOTS('',2,(#14793,#14794,#14795),
  .UNSPECIFIED.,.F.,.F.,(3,3),(0.,1.),.PIECEWISE_BEZIER_KNOTS.);
#14793 = CARTESIAN_POINT('',(-7.053588867188,-57.01881835937,1.2));
#14794 = CARTESIAN_POINT('',(-7.217407226562,-56.87379882812,1.2));
#14795 = CARTESIAN_POINT('',(-7.518188476562,-56.87379882812,1.2));
#14796 = PCURVE('',#10821,#14797);
#14797 = DEFINITIONAL_REPRESENTATION('',(#14798),#14802);
#14798 = B_SPLINE_CURVE_WITH_KNOTS('',2,(#14799,#14800,#14801),
  .UNSPECIFIED.,.F.,.F.,(3,3),(0.,1.),.PIECEWISE_BEZIER_KNOTS.);
#14799 = CARTESIAN_POINT('',(2.575439453125,3.115234375));
#14800 = CARTESIAN_POINT('',(2.41162109375,3.26025390625));
#14801 = CARTESIAN_POINT('',(2.11083984375,3.26025390625));
#14802 = ( GEOMETRIC_REPRESENTATION_CONTEXT(2) 
PARAMETRIC_REPRESENTATION_CONTEXT() REPRESENTATION_CONTEXT('2D SPACE',''
  ) );
#14803 = PCURVE('',#14804,#14811);
#14804 = SURFACE_OF_LINEAR_EXTRUSION('',#14805,#14809);
#14805 = B_SPLINE_CURVE_WITH_KNOTS('',2,(#14806,#14807,#14808),
  .UNSPECIFIED.,.F.,.F.,(3,3),(0.,1.),.PIECEWISE_BEZIER_KNOTS.);
#14806 = CARTESIAN_POINT('',(-7.053588867188,-57.01881835937,1.2));
#14807 = CARTESIAN_POINT('',(-7.217407226562,-56.87379882812,1.2));
#14808 = CARTESIAN_POINT('',(-7.518188476562,-56.87379882812,1.2));
#14809 = VECTOR('',#14810,1.);
#14810 = DIRECTION('',(-0.,-0.,-1.));
#14811 = DEFINITIONAL_REPRESENTATION('',(#14812),#14816);
#14812 = LINE('',#14813,#14814);
#14813 = CARTESIAN_POINT('',(0.,0.));
#14814 = VECTOR('',#14815,1.);
#14815 = DIRECTION('',(1.,0.));
#14816 = ( GEOMETRIC_REPRESENTATION_CONTEXT(2) 
PARAMETRIC_REPRESENTATION_CONTEXT() REPRESENTATION_CONTEXT('2D SPACE',''
  ) );
#14817 = ADVANCED_FACE('',(#14818,#14836),#11267,.T.);
#14818 = FACE_BOUND('',#14819,.F.);
#14819 = EDGE_LOOP('',(#14820,#14821,#14822,#14823,#14824,#14825,#14826,
    #14827,#14828,#14829,#14830,#14831,#14832,#14833,#14834,#14835));
#14820 = ORIENTED_EDGE('',*,*,#11971,.T.);
#14821 = ORIENTED_EDGE('',*,*,#11944,.T.);
#14822 = ORIENTED_EDGE('',*,*,#11895,.T.);
#14823 = ORIENTED_EDGE('',*,*,#11846,.T.);
#14824 = ORIENTED_EDGE('',*,*,#11797,.T.);
#14825 = ORIENTED_EDGE('',*,*,#11748,.T.);
#14826 = ORIENTED_EDGE('',*,*,#11699,.T.);
#14827 = ORIENTED_EDGE('',*,*,#11650,.T.);
#14828 = ORIENTED_EDGE('',*,*,#11601,.T.);
#14829 = ORIENTED_EDGE('',*,*,#11552,.T.);
#14830 = ORIENTED_EDGE('',*,*,#11503,.T.);
#14831 = ORIENTED_EDGE('',*,*,#11454,.T.);
#14832 = ORIENTED_EDGE('',*,*,#11405,.T.);
#14833 = ORIENTED_EDGE('',*,*,#11356,.T.);
#14834 = ORIENTED_EDGE('',*,*,#11307,.T.);
#14835 = ORIENTED_EDGE('',*,*,#11253,.T.);
#14836 = FACE_BOUND('',#14837,.F.);
#14837 = EDGE_LOOP('',(#14838,#14868,#14898,#14928,#14958,#14988,#15016)
  );
#14838 = ORIENTED_EDGE('',*,*,#14839,.T.);
#14839 = EDGE_CURVE('',#14840,#14842,#14844,.T.);
#14840 = VERTEX_POINT('',#14841);
#14841 = CARTESIAN_POINT('',(-4.059204101562,-57.90236328125,1.2));
#14842 = VERTEX_POINT('',#14843);
#14843 = CARTESIAN_POINT('',(-3.624145507812,-57.90236328125,1.2));
#14844 = SURFACE_CURVE('',#14845,(#14849,#14856),.PCURVE_S1.);
#14845 = LINE('',#14846,#14847);
#14846 = CARTESIAN_POINT('',(-4.059204101562,-57.90236328125,1.2));
#14847 = VECTOR('',#14848,1.);
#14848 = DIRECTION('',(1.,0.,0.));
#14849 = PCURVE('',#11267,#14850);
#14850 = DEFINITIONAL_REPRESENTATION('',(#14851),#14855);
#14851 = LINE('',#14852,#14853);
#14852 = CARTESIAN_POINT('',(1.538818359375,2.231689453125));
#14853 = VECTOR('',#14854,1.);
#14854 = DIRECTION('',(1.,0.));
#14855 = ( GEOMETRIC_REPRESENTATION_CONTEXT(2) 
PARAMETRIC_REPRESENTATION_CONTEXT() REPRESENTATION_CONTEXT('2D SPACE',''
  ) );
#14856 = PCURVE('',#14857,#14862);
#14857 = PLANE('',#14858);
#14858 = AXIS2_PLACEMENT_3D('',#14859,#14860,#14861);
#14859 = CARTESIAN_POINT('',(-4.059204101562,-57.90236328125,1.2));
#14860 = DIRECTION('',(0.,1.,0.));
#14861 = DIRECTION('',(1.,0.,0.));
#14862 = DEFINITIONAL_REPRESENTATION('',(#14863),#14867);
#14863 = LINE('',#14864,#14865);
#14864 = CARTESIAN_POINT('',(0.,0.));
#14865 = VECTOR('',#14866,1.);
#14866 = DIRECTION('',(1.,0.));
#14867 = ( GEOMETRIC_REPRESENTATION_CONTEXT(2) 
PARAMETRIC_REPRESENTATION_CONTEXT() REPRESENTATION_CONTEXT('2D SPACE',''
  ) );
#14868 = ORIENTED_EDGE('',*,*,#14869,.T.);
#14869 = EDGE_CURVE('',#14842,#14870,#14872,.T.);
#14870 = VERTEX_POINT('',#14871);
#14871 = CARTESIAN_POINT('',(-3.158203125,-57.78151367187,1.2));
#14872 = SURFACE_CURVE('',#14873,(#14877,#14884),.PCURVE_S1.);
#14873 = B_SPLINE_CURVE_WITH_KNOTS('',2,(#14874,#14875,#14876),
  .UNSPECIFIED.,.F.,.F.,(3,3),(0.,1.),.PIECEWISE_BEZIER_KNOTS.);
#14874 = CARTESIAN_POINT('',(-3.624145507812,-57.90236328125,1.2));
#14875 = CARTESIAN_POINT('',(-3.299194335938,-57.90236328125,1.2));
#14876 = CARTESIAN_POINT('',(-3.158203125,-57.78151367187,1.2));
#14877 = PCURVE('',#11267,#14878);
#14878 = DEFINITIONAL_REPRESENTATION('',(#14879),#14883);
#14879 = B_SPLINE_CURVE_WITH_KNOTS('',2,(#14880,#14881,#14882),
  .UNSPECIFIED.,.F.,.F.,(3,3),(0.,1.),.PIECEWISE_BEZIER_KNOTS.);
#14880 = CARTESIAN_POINT('',(1.973876953125,2.231689453125));
#14881 = CARTESIAN_POINT('',(2.298828125,2.231689453125));
#14882 = CARTESIAN_POINT('',(2.439819335938,2.3525390625));
#14883 = ( GEOMETRIC_REPRESENTATION_CONTEXT(2) 
PARAMETRIC_REPRESENTATION_CONTEXT() REPRESENTATION_CONTEXT('2D SPACE',''
  ) );
#14884 = PCURVE('',#14885,#14892);
#14885 = SURFACE_OF_LINEAR_EXTRUSION('',#14886,#14890);
#14886 = B_SPLINE_CURVE_WITH_KNOTS('',2,(#14887,#14888,#14889),
  .UNSPECIFIED.,.F.,.F.,(3,3),(0.,1.),.PIECEWISE_BEZIER_KNOTS.);
#14887 = CARTESIAN_POINT('',(-3.624145507812,-57.90236328125,1.2));
#14888 = CARTESIAN_POINT('',(-3.299194335938,-57.90236328125,1.2));
#14889 = CARTESIAN_POINT('',(-3.158203125,-57.78151367187,1.2));
#14890 = VECTOR('',#14891,1.);
#14891 = DIRECTION('',(-0.,-0.,-1.));
#14892 = DEFINITIONAL_REPRESENTATION('',(#14893),#14897);
#14893 = LINE('',#14894,#14895);
#14894 = CARTESIAN_POINT('',(0.,0.));
#14895 = VECTOR('',#14896,1.);
#14896 = DIRECTION('',(1.,0.));
#14897 = ( GEOMETRIC_REPRESENTATION_CONTEXT(2) 
PARAMETRIC_REPRESENTATION_CONTEXT() REPRESENTATION_CONTEXT('2D SPACE',''
  ) );
#14898 = ORIENTED_EDGE('',*,*,#14899,.T.);
#14899 = EDGE_CURVE('',#14870,#14900,#14902,.T.);
#14900 = VERTEX_POINT('',#14901);
#14901 = CARTESIAN_POINT('',(-3.017211914062,-57.38405273437,1.2));
#14902 = SURFACE_CURVE('',#14903,(#14907,#14914),.PCURVE_S1.);
#14903 = B_SPLINE_CURVE_WITH_KNOTS('',2,(#14904,#14905,#14906),
  .UNSPECIFIED.,.F.,.F.,(3,3),(0.,1.),.PIECEWISE_BEZIER_KNOTS.);
#14904 = CARTESIAN_POINT('',(-3.158203125,-57.78151367187,1.2));
#14905 = CARTESIAN_POINT('',(-3.017211914062,-57.6606640625,1.2));
#14906 = CARTESIAN_POINT('',(-3.017211914062,-57.38405273437,1.2));
#14907 = PCURVE('',#11267,#14908);
#14908 = DEFINITIONAL_REPRESENTATION('',(#14909),#14913);
#14909 = B_SPLINE_CURVE_WITH_KNOTS('',2,(#14910,#14911,#14912),
  .UNSPECIFIED.,.F.,.F.,(3,3),(0.,1.),.PIECEWISE_BEZIER_KNOTS.);
#14910 = CARTESIAN_POINT('',(2.439819335938,2.3525390625));
#14911 = CARTESIAN_POINT('',(2.580810546875,2.473388671875));
#14912 = CARTESIAN_POINT('',(2.580810546875,2.75));
#14913 = ( GEOMETRIC_REPRESENTATION_CONTEXT(2) 
PARAMETRIC_REPRESENTATION_CONTEXT() REPRESENTATION_CONTEXT('2D SPACE',''
  ) );
#14914 = PCURVE('',#14915,#14922);
#14915 = SURFACE_OF_LINEAR_EXTRUSION('',#14916,#14920);
#14916 = B_SPLINE_CURVE_WITH_KNOTS('',2,(#14917,#14918,#14919),
  .UNSPECIFIED.,.F.,.F.,(3,3),(0.,1.),.PIECEWISE_BEZIER_KNOTS.);
#14917 = CARTESIAN_POINT('',(-3.158203125,-57.78151367187,1.2));
#14918 = CARTESIAN_POINT('',(-3.017211914062,-57.6606640625,1.2));
#14919 = CARTESIAN_POINT('',(-3.017211914062,-57.38405273437,1.2));
#14920 = VECTOR('',#14921,1.);
#14921 = DIRECTION('',(-0.,-0.,-1.));
#14922 = DEFINITIONAL_REPRESENTATION('',(#14923),#14927);
#14923 = LINE('',#14924,#14925);
#14924 = CARTESIAN_POINT('',(0.,0.));
#14925 = VECTOR('',#14926,1.);
#14926 = DIRECTION('',(1.,0.));
#14927 = ( GEOMETRIC_REPRESENTATION_CONTEXT(2) 
PARAMETRIC_REPRESENTATION_CONTEXT() REPRESENTATION_CONTEXT('2D SPACE',''
  ) );
#14928 = ORIENTED_EDGE('',*,*,#14929,.T.);
#14929 = EDGE_CURVE('',#14900,#14930,#14932,.T.);
#14930 = VERTEX_POINT('',#14931);
#14931 = CARTESIAN_POINT('',(-3.158203125,-56.99196289062,1.2));
#14932 = SURFACE_CURVE('',#14933,(#14937,#14944),.PCURVE_S1.);
#14933 = B_SPLINE_CURVE_WITH_KNOTS('',2,(#14934,#14935,#14936),
  .UNSPECIFIED.,.F.,.F.,(3,3),(0.,1.),.PIECEWISE_BEZIER_KNOTS.);
#14934 = CARTESIAN_POINT('',(-3.017211914062,-57.38405273437,1.2));
#14935 = CARTESIAN_POINT('',(-3.017211914062,-57.11012695312,1.2));
#14936 = CARTESIAN_POINT('',(-3.158203125,-56.99196289062,1.2));
#14937 = PCURVE('',#11267,#14938);
#14938 = DEFINITIONAL_REPRESENTATION('',(#14939),#14943);
#14939 = B_SPLINE_CURVE_WITH_KNOTS('',2,(#14940,#14941,#14942),
  .UNSPECIFIED.,.F.,.F.,(3,3),(0.,1.),.PIECEWISE_BEZIER_KNOTS.);
#14940 = CARTESIAN_POINT('',(2.580810546875,2.75));
#14941 = CARTESIAN_POINT('',(2.580810546875,3.02392578125));
#14942 = CARTESIAN_POINT('',(2.439819335938,3.14208984375));
#14943 = ( GEOMETRIC_REPRESENTATION_CONTEXT(2) 
PARAMETRIC_REPRESENTATION_CONTEXT() REPRESENTATION_CONTEXT('2D SPACE',''
  ) );
#14944 = PCURVE('',#14945,#14952);
#14945 = SURFACE_OF_LINEAR_EXTRUSION('',#14946,#14950);
#14946 = B_SPLINE_CURVE_WITH_KNOTS('',2,(#14947,#14948,#14949),
  .UNSPECIFIED.,.F.,.F.,(3,3),(0.,1.),.PIECEWISE_BEZIER_KNOTS.);
#14947 = CARTESIAN_POINT('',(-3.017211914062,-57.38405273437,1.2));
#14948 = CARTESIAN_POINT('',(-3.017211914062,-57.11012695312,1.2));
#14949 = CARTESIAN_POINT('',(-3.158203125,-56.99196289062,1.2));
#14950 = VECTOR('',#14951,1.);
#14951 = DIRECTION('',(-0.,-0.,-1.));
#14952 = DEFINITIONAL_REPRESENTATION('',(#14953),#14957);
#14953 = LINE('',#14954,#14955);
#14954 = CARTESIAN_POINT('',(0.,0.));
#14955 = VECTOR('',#14956,1.);
#14956 = DIRECTION('',(1.,0.));
#14957 = ( GEOMETRIC_REPRESENTATION_CONTEXT(2) 
PARAMETRIC_REPRESENTATION_CONTEXT() REPRESENTATION_CONTEXT('2D SPACE',''
  ) );
#14958 = ORIENTED_EDGE('',*,*,#14959,.T.);
#14959 = EDGE_CURVE('',#14930,#14960,#14962,.T.);
#14960 = VERTEX_POINT('',#14961);
#14961 = CARTESIAN_POINT('',(-3.624145507812,-56.87379882812,1.2));
#14962 = SURFACE_CURVE('',#14963,(#14967,#14974),.PCURVE_S1.);
#14963 = B_SPLINE_CURVE_WITH_KNOTS('',2,(#14964,#14965,#14966),
  .UNSPECIFIED.,.F.,.F.,(3,3),(0.,1.),.PIECEWISE_BEZIER_KNOTS.);
#14964 = CARTESIAN_POINT('',(-3.158203125,-56.99196289062,1.2));
#14965 = CARTESIAN_POINT('',(-3.299194335938,-56.87379882812,1.2));
#14966 = CARTESIAN_POINT('',(-3.624145507812,-56.87379882812,1.2));
#14967 = PCURVE('',#11267,#14968);
#14968 = DEFINITIONAL_REPRESENTATION('',(#14969),#14973);
#14969 = B_SPLINE_CURVE_WITH_KNOTS('',2,(#14970,#14971,#14972),
  .UNSPECIFIED.,.F.,.F.,(3,3),(0.,1.),.PIECEWISE_BEZIER_KNOTS.);
#14970 = CARTESIAN_POINT('',(2.439819335938,3.14208984375));
#14971 = CARTESIAN_POINT('',(2.298828125,3.26025390625));
#14972 = CARTESIAN_POINT('',(1.973876953125,3.26025390625));
#14973 = ( GEOMETRIC_REPRESENTATION_CONTEXT(2) 
PARAMETRIC_REPRESENTATION_CONTEXT() REPRESENTATION_CONTEXT('2D SPACE',''
  ) );
#14974 = PCURVE('',#14975,#14982);
#14975 = SURFACE_OF_LINEAR_EXTRUSION('',#14976,#14980);
#14976 = B_SPLINE_CURVE_WITH_KNOTS('',2,(#14977,#14978,#14979),
  .UNSPECIFIED.,.F.,.F.,(3,3),(0.,1.),.PIECEWISE_BEZIER_KNOTS.);
#14977 = CARTESIAN_POINT('',(-3.158203125,-56.99196289062,1.2));
#14978 = CARTESIAN_POINT('',(-3.299194335938,-56.87379882812,1.2));
#14979 = CARTESIAN_POINT('',(-3.624145507812,-56.87379882812,1.2));
#14980 = VECTOR('',#14981,1.);
#14981 = DIRECTION('',(-0.,-0.,-1.));
#14982 = DEFINITIONAL_REPRESENTATION('',(#14983),#14987);
#14983 = LINE('',#14984,#14985);
#14984 = CARTESIAN_POINT('',(0.,0.));
#14985 = VECTOR('',#14986,1.);
#14986 = DIRECTION('',(1.,0.));
#14987 = ( GEOMETRIC_REPRESENTATION_CONTEXT(2) 
PARAMETRIC_REPRESENTATION_CONTEXT() REPRESENTATION_CONTEXT('2D SPACE',''
  ) );
#14988 = ORIENTED_EDGE('',*,*,#14989,.T.);
#14989 = EDGE_CURVE('',#14960,#14990,#14992,.T.);
#14990 = VERTEX_POINT('',#14991);
#14991 = CARTESIAN_POINT('',(-4.059204101562,-56.87379882812,1.2));
#14992 = SURFACE_CURVE('',#14993,(#14997,#15004),.PCURVE_S1.);
#14993 = LINE('',#14994,#14995);
#14994 = CARTESIAN_POINT('',(-3.624145507812,-56.87379882812,1.2));
#14995 = VECTOR('',#14996,1.);
#14996 = DIRECTION('',(-1.,0.,0.));
#14997 = PCURVE('',#11267,#14998);
#14998 = DEFINITIONAL_REPRESENTATION('',(#14999),#15003);
#14999 = LINE('',#15000,#15001);
#15000 = CARTESIAN_POINT('',(1.973876953125,3.26025390625));
#15001 = VECTOR('',#15002,1.);
#15002 = DIRECTION('',(-1.,0.));
#15003 = ( GEOMETRIC_REPRESENTATION_CONTEXT(2) 
PARAMETRIC_REPRESENTATION_CONTEXT() REPRESENTATION_CONTEXT('2D SPACE',''
  ) );
#15004 = PCURVE('',#15005,#15010);
#15005 = PLANE('',#15006);
#15006 = AXIS2_PLACEMENT_3D('',#15007,#15008,#15009);
#15007 = CARTESIAN_POINT('',(-3.624145507812,-56.87379882812,1.2));
#15008 = DIRECTION('',(0.,-1.,0.));
#15009 = DIRECTION('',(-1.,0.,0.));
#15010 = DEFINITIONAL_REPRESENTATION('',(#15011),#15015);
#15011 = LINE('',#15012,#15013);
#15012 = CARTESIAN_POINT('',(0.,-0.));
#15013 = VECTOR('',#15014,1.);
#15014 = DIRECTION('',(1.,0.));
#15015 = ( GEOMETRIC_REPRESENTATION_CONTEXT(2) 
PARAMETRIC_REPRESENTATION_CONTEXT() REPRESENTATION_CONTEXT('2D SPACE',''
  ) );
#15016 = ORIENTED_EDGE('',*,*,#15017,.T.);
#15017 = EDGE_CURVE('',#14990,#14840,#15018,.T.);
#15018 = SURFACE_CURVE('',#15019,(#15023,#15030),.PCURVE_S1.);
#15019 = LINE('',#15020,#15021);
#15020 = CARTESIAN_POINT('',(-4.059204101562,-56.87379882812,1.2));
#15021 = VECTOR('',#15022,1.);
#15022 = DIRECTION('',(0.,-1.,0.));
#15023 = PCURVE('',#11267,#15024);
#15024 = DEFINITIONAL_REPRESENTATION('',(#15025),#15029);
#15025 = LINE('',#15026,#15027);
#15026 = CARTESIAN_POINT('',(1.538818359375,3.26025390625));
#15027 = VECTOR('',#15028,1.);
#15028 = DIRECTION('',(0.,-1.));
#15029 = ( GEOMETRIC_REPRESENTATION_CONTEXT(2) 
PARAMETRIC_REPRESENTATION_CONTEXT() REPRESENTATION_CONTEXT('2D SPACE',''
  ) );
#15030 = PCURVE('',#15031,#15036);
#15031 = PLANE('',#15032);
#15032 = AXIS2_PLACEMENT_3D('',#15033,#15034,#15035);
#15033 = CARTESIAN_POINT('',(-4.059204101562,-56.87379882812,1.2));
#15034 = DIRECTION('',(1.,0.,0.));
#15035 = DIRECTION('',(0.,-1.,0.));
#15036 = DEFINITIONAL_REPRESENTATION('',(#15037),#15041);
#15037 = LINE('',#15038,#15039);
#15038 = CARTESIAN_POINT('',(0.,0.));
#15039 = VECTOR('',#15040,1.);
#15040 = DIRECTION('',(1.,0.));
#15041 = ( GEOMETRIC_REPRESENTATION_CONTEXT(2) 
PARAMETRIC_REPRESENTATION_CONTEXT() REPRESENTATION_CONTEXT('2D SPACE',''
  ) );
#15042 = ADVANCED_FACE('',(#15043,#15053),#12056,.T.);
#15043 = FACE_BOUND('',#15044,.F.);
#15044 = EDGE_LOOP('',(#15045,#15046,#15047,#15048,#15049,#15050,#15051,
    #15052));
#15045 = ORIENTED_EDGE('',*,*,#12368,.T.);
#15046 = ORIENTED_EDGE('',*,*,#12341,.T.);
#15047 = ORIENTED_EDGE('',*,*,#12292,.T.);
#15048 = ORIENTED_EDGE('',*,*,#12243,.T.);
#15049 = ORIENTED_EDGE('',*,*,#12194,.T.);
#15050 = ORIENTED_EDGE('',*,*,#12145,.T.);
#15051 = ORIENTED_EDGE('',*,*,#12096,.T.);
#15052 = ORIENTED_EDGE('',*,*,#12042,.T.);
#15053 = FACE_BOUND('',#15054,.F.);
#15054 = EDGE_LOOP('',(#15055,#15087,#15117,#15147,#15177,#15207,#15237,
    #15267));
#15055 = ORIENTED_EDGE('',*,*,#15056,.T.);
#15056 = EDGE_CURVE('',#15057,#15059,#15061,.T.);
#15057 = VERTEX_POINT('',#15058);
#15058 = CARTESIAN_POINT('',(0.973510742188,-56.8012890625,1.2));
#15059 = VERTEX_POINT('',#15060);
#15060 = CARTESIAN_POINT('',(0.240356445312,-57.15041015625,1.2));
#15061 = SURFACE_CURVE('',#15062,(#15066,#15073),.PCURVE_S1.);
#15062 = B_SPLINE_CURVE_WITH_KNOTS('',2,(#15063,#15064,#15065),
  .UNSPECIFIED.,.F.,.F.,(3,3),(0.,1.),.PIECEWISE_BEZIER_KNOTS.);
#15063 = CARTESIAN_POINT('',(0.973510742188,-56.8012890625,1.2));
#15064 = CARTESIAN_POINT('',(0.500854492188,-56.8012890625,1.2));
#15065 = CARTESIAN_POINT('',(0.240356445312,-57.15041015625,1.2));
#15066 = PCURVE('',#12056,#15067);
#15067 = DEFINITIONAL_REPRESENTATION('',(#15068),#15072);
#15068 = B_SPLINE_CURVE_WITH_KNOTS('',2,(#15069,#15070,#15071),
  .UNSPECIFIED.,.F.,.F.,(3,3),(0.,1.),.PIECEWISE_BEZIER_KNOTS.);
#15069 = CARTESIAN_POINT('',(2.33642578125,3.332763671875));
#15070 = CARTESIAN_POINT('',(1.86376953125,3.332763671875));
#15071 = CARTESIAN_POINT('',(1.603271484375,2.983642578125));
#15072 = ( GEOMETRIC_REPRESENTATION_CONTEXT(2) 
PARAMETRIC_REPRESENTATION_CONTEXT() REPRESENTATION_CONTEXT('2D SPACE',''
  ) );
#15073 = PCURVE('',#15074,#15081);
#15074 = SURFACE_OF_LINEAR_EXTRUSION('',#15075,#15079);
#15075 = B_SPLINE_CURVE_WITH_KNOTS('',2,(#15076,#15077,#15078),
  .UNSPECIFIED.,.F.,.F.,(3,3),(0.,1.),.PIECEWISE_BEZIER_KNOTS.);
#15076 = CARTESIAN_POINT('',(0.973510742188,-56.8012890625,1.2));
#15077 = CARTESIAN_POINT('',(0.500854492188,-56.8012890625,1.2));
#15078 = CARTESIAN_POINT('',(0.240356445312,-57.15041015625,1.2));
#15079 = VECTOR('',#15080,1.);
#15080 = DIRECTION('',(-0.,-0.,-1.));
#15081 = DEFINITIONAL_REPRESENTATION('',(#15082),#15086);
#15082 = LINE('',#15083,#15084);
#15083 = CARTESIAN_POINT('',(0.,0.));
#15084 = VECTOR('',#15085,1.);
#15085 = DIRECTION('',(1.,0.));
#15086 = ( GEOMETRIC_REPRESENTATION_CONTEXT(2) 
PARAMETRIC_REPRESENTATION_CONTEXT() REPRESENTATION_CONTEXT('2D SPACE',''
  ) );
#15087 = ORIENTED_EDGE('',*,*,#15088,.T.);
#15088 = EDGE_CURVE('',#15059,#15089,#15091,.T.);
#15089 = VERTEX_POINT('',#15090);
#15090 = CARTESIAN_POINT('',(-2.01416015625E-02,-58.1333203125,1.2));
#15091 = SURFACE_CURVE('',#15092,(#15096,#15103),.PCURVE_S1.);
#15092 = B_SPLINE_CURVE_WITH_KNOTS('',2,(#15093,#15094,#15095),
  .UNSPECIFIED.,.F.,.F.,(3,3),(0.,1.),.PIECEWISE_BEZIER_KNOTS.);
#15093 = CARTESIAN_POINT('',(0.240356445312,-57.15041015625,1.2));
#15094 = CARTESIAN_POINT('',(-2.01416015625E-02,-57.49953125,1.2));
#15095 = CARTESIAN_POINT('',(-2.01416015625E-02,-58.1333203125,1.2));
#15096 = PCURVE('',#12056,#15097);
#15097 = DEFINITIONAL_REPRESENTATION('',(#15098),#15102);
#15098 = B_SPLINE_CURVE_WITH_KNOTS('',2,(#15099,#15100,#15101),
  .UNSPECIFIED.,.F.,.F.,(3,3),(0.,1.),.PIECEWISE_BEZIER_KNOTS.);
#15099 = CARTESIAN_POINT('',(1.603271484375,2.983642578125));
#15100 = CARTESIAN_POINT('',(1.3427734375,2.634521484375));
#15101 = CARTESIAN_POINT('',(1.3427734375,2.000732421875));
#15102 = ( GEOMETRIC_REPRESENTATION_CONTEXT(2) 
PARAMETRIC_REPRESENTATION_CONTEXT() REPRESENTATION_CONTEXT('2D SPACE',''
  ) );
#15103 = PCURVE('',#15104,#15111);
#15104 = SURFACE_OF_LINEAR_EXTRUSION('',#15105,#15109);
#15105 = B_SPLINE_CURVE_WITH_KNOTS('',2,(#15106,#15107,#15108),
  .UNSPECIFIED.,.F.,.F.,(3,3),(0.,1.),.PIECEWISE_BEZIER_KNOTS.);
#15106 = CARTESIAN_POINT('',(0.240356445312,-57.15041015625,1.2));
#15107 = CARTESIAN_POINT('',(-2.01416015625E-02,-57.49953125,1.2));
#15108 = CARTESIAN_POINT('',(-2.01416015625E-02,-58.1333203125,1.2));
#15109 = VECTOR('',#15110,1.);
#15110 = DIRECTION('',(-0.,-0.,-1.));
#15111 = DEFINITIONAL_REPRESENTATION('',(#15112),#15116);
#15112 = LINE('',#15113,#15114);
#15113 = CARTESIAN_POINT('',(0.,0.));
#15114 = VECTOR('',#15115,1.);
#15115 = DIRECTION('',(1.,0.));
#15116 = ( GEOMETRIC_REPRESENTATION_CONTEXT(2) 
PARAMETRIC_REPRESENTATION_CONTEXT() REPRESENTATION_CONTEXT('2D SPACE',''
  ) );
#15117 = ORIENTED_EDGE('',*,*,#15118,.T.);
#15118 = EDGE_CURVE('',#15089,#15119,#15121,.T.);
#15119 = VERTEX_POINT('',#15120);
#15120 = CARTESIAN_POINT('',(0.240356445312,-59.11354492187,1.2));
#15121 = SURFACE_CURVE('',#15122,(#15126,#15133),.PCURVE_S1.);
#15122 = B_SPLINE_CURVE_WITH_KNOTS('',2,(#15123,#15124,#15125),
  .UNSPECIFIED.,.F.,.F.,(3,3),(0.,1.),.PIECEWISE_BEZIER_KNOTS.);
#15123 = CARTESIAN_POINT('',(-2.01416015625E-02,-58.1333203125,1.2));
#15124 = CARTESIAN_POINT('',(-2.01416015625E-02,-58.76442382812,1.2));
#15125 = CARTESIAN_POINT('',(0.240356445312,-59.11354492187,1.2));
#15126 = PCURVE('',#12056,#15127);
#15127 = DEFINITIONAL_REPRESENTATION('',(#15128),#15132);
#15128 = B_SPLINE_CURVE_WITH_KNOTS('',2,(#15129,#15130,#15131),
  .UNSPECIFIED.,.F.,.F.,(3,3),(0.,1.),.PIECEWISE_BEZIER_KNOTS.);
#15129 = CARTESIAN_POINT('',(1.3427734375,2.000732421875));
#15130 = CARTESIAN_POINT('',(1.3427734375,1.36962890625));
#15131 = CARTESIAN_POINT('',(1.603271484375,1.0205078125));
#15132 = ( GEOMETRIC_REPRESENTATION_CONTEXT(2) 
PARAMETRIC_REPRESENTATION_CONTEXT() REPRESENTATION_CONTEXT('2D SPACE',''
  ) );
#15133 = PCURVE('',#15134,#15141);
#15134 = SURFACE_OF_LINEAR_EXTRUSION('',#15135,#15139);
#15135 = B_SPLINE_CURVE_WITH_KNOTS('',2,(#15136,#15137,#15138),
  .UNSPECIFIED.,.F.,.F.,(3,3),(0.,1.),.PIECEWISE_BEZIER_KNOTS.);
#15136 = CARTESIAN_POINT('',(-2.01416015625E-02,-58.1333203125,1.2));
#15137 = CARTESIAN_POINT('',(-2.01416015625E-02,-58.76442382812,1.2));
#15138 = CARTESIAN_POINT('',(0.240356445312,-59.11354492187,1.2));
#15139 = VECTOR('',#15140,1.);
#15140 = DIRECTION('',(-0.,-0.,-1.));
#15141 = DEFINITIONAL_REPRESENTATION('',(#15142),#15146);
#15142 = LINE('',#15143,#15144);
#15143 = CARTESIAN_POINT('',(0.,0.));
#15144 = VECTOR('',#15145,1.);
#15145 = DIRECTION('',(1.,0.));
#15146 = ( GEOMETRIC_REPRESENTATION_CONTEXT(2) 
PARAMETRIC_REPRESENTATION_CONTEXT() REPRESENTATION_CONTEXT('2D SPACE',''
  ) );
#15147 = ORIENTED_EDGE('',*,*,#15148,.T.);
#15148 = EDGE_CURVE('',#15119,#15149,#15151,.T.);
#15149 = VERTEX_POINT('',#15150);
#15150 = CARTESIAN_POINT('',(0.973510742188,-59.46266601562,1.2));
#15151 = SURFACE_CURVE('',#15152,(#15156,#15163),.PCURVE_S1.);
#15152 = B_SPLINE_CURVE_WITH_KNOTS('',2,(#15153,#15154,#15155),
  .UNSPECIFIED.,.F.,.F.,(3,3),(0.,1.),.PIECEWISE_BEZIER_KNOTS.);
#15153 = CARTESIAN_POINT('',(0.240356445312,-59.11354492187,1.2));
#15154 = CARTESIAN_POINT('',(0.500854492188,-59.46266601562,1.2));
#15155 = CARTESIAN_POINT('',(0.973510742188,-59.46266601562,1.2));
#15156 = PCURVE('',#12056,#15157);
#15157 = DEFINITIONAL_REPRESENTATION('',(#15158),#15162);
#15158 = B_SPLINE_CURVE_WITH_KNOTS('',2,(#15159,#15160,#15161),
  .UNSPECIFIED.,.F.,.F.,(3,3),(0.,1.),.PIECEWISE_BEZIER_KNOTS.);
#15159 = CARTESIAN_POINT('',(1.603271484375,1.0205078125));
#15160 = CARTESIAN_POINT('',(1.86376953125,0.67138671875));
#15161 = CARTESIAN_POINT('',(2.33642578125,0.67138671875));
#15162 = ( GEOMETRIC_REPRESENTATION_CONTEXT(2) 
PARAMETRIC_REPRESENTATION_CONTEXT() REPRESENTATION_CONTEXT('2D SPACE',''
  ) );
#15163 = PCURVE('',#15164,#15171);
#15164 = SURFACE_OF_LINEAR_EXTRUSION('',#15165,#15169);
#15165 = B_SPLINE_CURVE_WITH_KNOTS('',2,(#15166,#15167,#15168),
  .UNSPECIFIED.,.F.,.F.,(3,3),(0.,1.),.PIECEWISE_BEZIER_KNOTS.);
#15166 = CARTESIAN_POINT('',(0.240356445312,-59.11354492187,1.2));
#15167 = CARTESIAN_POINT('',(0.500854492188,-59.46266601562,1.2));
#15168 = CARTESIAN_POINT('',(0.973510742188,-59.46266601562,1.2));
#15169 = VECTOR('',#15170,1.);
#15170 = DIRECTION('',(-0.,-0.,-1.));
#15171 = DEFINITIONAL_REPRESENTATION('',(#15172),#15176);
#15172 = LINE('',#15173,#15174);
#15173 = CARTESIAN_POINT('',(0.,0.));
#15174 = VECTOR('',#15175,1.);
#15175 = DIRECTION('',(1.,0.));
#15176 = ( GEOMETRIC_REPRESENTATION_CONTEXT(2) 
PARAMETRIC_REPRESENTATION_CONTEXT() REPRESENTATION_CONTEXT('2D SPACE',''
  ) );
#15177 = ORIENTED_EDGE('',*,*,#15178,.T.);
#15178 = EDGE_CURVE('',#15149,#15179,#15181,.T.);
#15179 = VERTEX_POINT('',#15180);
#15180 = CARTESIAN_POINT('',(1.709350585938,-59.11354492187,1.2));
#15181 = SURFACE_CURVE('',#15182,(#15186,#15193),.PCURVE_S1.);
#15182 = B_SPLINE_CURVE_WITH_KNOTS('',2,(#15183,#15184,#15185),
  .UNSPECIFIED.,.F.,.F.,(3,3),(0.,1.),.PIECEWISE_BEZIER_KNOTS.);
#15183 = CARTESIAN_POINT('',(0.973510742188,-59.46266601562,1.2));
#15184 = CARTESIAN_POINT('',(1.448852539062,-59.46266601562,1.2));
#15185 = CARTESIAN_POINT('',(1.709350585938,-59.11354492187,1.2));
#15186 = PCURVE('',#12056,#15187);
#15187 = DEFINITIONAL_REPRESENTATION('',(#15188),#15192);
#15188 = B_SPLINE_CURVE_WITH_KNOTS('',2,(#15189,#15190,#15191),
  .UNSPECIFIED.,.F.,.F.,(3,3),(0.,1.),.PIECEWISE_BEZIER_KNOTS.);
#15189 = CARTESIAN_POINT('',(2.33642578125,0.67138671875));
#15190 = CARTESIAN_POINT('',(2.811767578125,0.67138671875));
#15191 = CARTESIAN_POINT('',(3.072265625,1.0205078125));
#15192 = ( GEOMETRIC_REPRESENTATION_CONTEXT(2) 
PARAMETRIC_REPRESENTATION_CONTEXT() REPRESENTATION_CONTEXT('2D SPACE',''
  ) );
#15193 = PCURVE('',#15194,#15201);
#15194 = SURFACE_OF_LINEAR_EXTRUSION('',#15195,#15199);
#15195 = B_SPLINE_CURVE_WITH_KNOTS('',2,(#15196,#15197,#15198),
  .UNSPECIFIED.,.F.,.F.,(3,3),(0.,1.),.PIECEWISE_BEZIER_KNOTS.);
#15196 = CARTESIAN_POINT('',(0.973510742188,-59.46266601562,1.2));
#15197 = CARTESIAN_POINT('',(1.448852539062,-59.46266601562,1.2));
#15198 = CARTESIAN_POINT('',(1.709350585938,-59.11354492187,1.2));
#15199 = VECTOR('',#15200,1.);
#15200 = DIRECTION('',(-0.,-0.,-1.));
#15201 = DEFINITIONAL_REPRESENTATION('',(#15202),#15206);
#15202 = LINE('',#15203,#15204);
#15203 = CARTESIAN_POINT('',(0.,0.));
#15204 = VECTOR('',#15205,1.);
#15205 = DIRECTION('',(1.,0.));
#15206 = ( GEOMETRIC_REPRESENTATION_CONTEXT(2) 
PARAMETRIC_REPRESENTATION_CONTEXT() REPRESENTATION_CONTEXT('2D SPACE',''
  ) );
#15207 = ORIENTED_EDGE('',*,*,#15208,.T.);
#15208 = EDGE_CURVE('',#15179,#15209,#15211,.T.);
#15209 = VERTEX_POINT('',#15210);
#15210 = CARTESIAN_POINT('',(1.969848632812,-58.1333203125,1.2));
#15211 = SURFACE_CURVE('',#15212,(#15216,#15223),.PCURVE_S1.);
#15212 = B_SPLINE_CURVE_WITH_KNOTS('',2,(#15213,#15214,#15215),
  .UNSPECIFIED.,.F.,.F.,(3,3),(0.,1.),.PIECEWISE_BEZIER_KNOTS.);
#15213 = CARTESIAN_POINT('',(1.709350585938,-59.11354492187,1.2));
#15214 = CARTESIAN_POINT('',(1.969848632812,-58.76442382812,1.2));
#15215 = CARTESIAN_POINT('',(1.969848632812,-58.1333203125,1.2));
#15216 = PCURVE('',#12056,#15217);
#15217 = DEFINITIONAL_REPRESENTATION('',(#15218),#15222);
#15218 = B_SPLINE_CURVE_WITH_KNOTS('',2,(#15219,#15220,#15221),
  .UNSPECIFIED.,.F.,.F.,(3,3),(0.,1.),.PIECEWISE_BEZIER_KNOTS.);
#15219 = CARTESIAN_POINT('',(3.072265625,1.0205078125));
#15220 = CARTESIAN_POINT('',(3.332763671875,1.36962890625));
#15221 = CARTESIAN_POINT('',(3.332763671875,2.000732421875));
#15222 = ( GEOMETRIC_REPRESENTATION_CONTEXT(2) 
PARAMETRIC_REPRESENTATION_CONTEXT() REPRESENTATION_CONTEXT('2D SPACE',''
  ) );
#15223 = PCURVE('',#15224,#15231);
#15224 = SURFACE_OF_LINEAR_EXTRUSION('',#15225,#15229);
#15225 = B_SPLINE_CURVE_WITH_KNOTS('',2,(#15226,#15227,#15228),
  .UNSPECIFIED.,.F.,.F.,(3,3),(0.,1.),.PIECEWISE_BEZIER_KNOTS.);
#15226 = CARTESIAN_POINT('',(1.709350585938,-59.11354492187,1.2));
#15227 = CARTESIAN_POINT('',(1.969848632812,-58.76442382812,1.2));
#15228 = CARTESIAN_POINT('',(1.969848632812,-58.1333203125,1.2));
#15229 = VECTOR('',#15230,1.);
#15230 = DIRECTION('',(-0.,-0.,-1.));
#15231 = DEFINITIONAL_REPRESENTATION('',(#15232),#15236);
#15232 = LINE('',#15233,#15234);
#15233 = CARTESIAN_POINT('',(0.,0.));
#15234 = VECTOR('',#15235,1.);
#15235 = DIRECTION('',(1.,0.));
#15236 = ( GEOMETRIC_REPRESENTATION_CONTEXT(2) 
PARAMETRIC_REPRESENTATION_CONTEXT() REPRESENTATION_CONTEXT('2D SPACE',''
  ) );
#15237 = ORIENTED_EDGE('',*,*,#15238,.T.);
#15238 = EDGE_CURVE('',#15209,#15239,#15241,.T.);
#15239 = VERTEX_POINT('',#15240);
#15240 = CARTESIAN_POINT('',(1.709350585938,-57.15041015625,1.2));
#15241 = SURFACE_CURVE('',#15242,(#15246,#15253),.PCURVE_S1.);
#15242 = B_SPLINE_CURVE_WITH_KNOTS('',2,(#15243,#15244,#15245),
  .UNSPECIFIED.,.F.,.F.,(3,3),(0.,1.),.PIECEWISE_BEZIER_KNOTS.);
#15243 = CARTESIAN_POINT('',(1.969848632812,-58.1333203125,1.2));
#15244 = CARTESIAN_POINT('',(1.969848632812,-57.49953125,1.2));
#15245 = CARTESIAN_POINT('',(1.709350585938,-57.15041015625,1.2));
#15246 = PCURVE('',#12056,#15247);
#15247 = DEFINITIONAL_REPRESENTATION('',(#15248),#15252);
#15248 = B_SPLINE_CURVE_WITH_KNOTS('',2,(#15249,#15250,#15251),
  .UNSPECIFIED.,.F.,.F.,(3,3),(0.,1.),.PIECEWISE_BEZIER_KNOTS.);
#15249 = CARTESIAN_POINT('',(3.332763671875,2.000732421875));
#15250 = CARTESIAN_POINT('',(3.332763671875,2.634521484375));
#15251 = CARTESIAN_POINT('',(3.072265625,2.983642578125));
#15252 = ( GEOMETRIC_REPRESENTATION_CONTEXT(2) 
PARAMETRIC_REPRESENTATION_CONTEXT() REPRESENTATION_CONTEXT('2D SPACE',''
  ) );
#15253 = PCURVE('',#15254,#15261);
#15254 = SURFACE_OF_LINEAR_EXTRUSION('',#15255,#15259);
#15255 = B_SPLINE_CURVE_WITH_KNOTS('',2,(#15256,#15257,#15258),
  .UNSPECIFIED.,.F.,.F.,(3,3),(0.,1.),.PIECEWISE_BEZIER_KNOTS.);
#15256 = CARTESIAN_POINT('',(1.969848632812,-58.1333203125,1.2));
#15257 = CARTESIAN_POINT('',(1.969848632812,-57.49953125,1.2));
#15258 = CARTESIAN_POINT('',(1.709350585938,-57.15041015625,1.2));
#15259 = VECTOR('',#15260,1.);
#15260 = DIRECTION('',(-0.,-0.,-1.));
#15261 = DEFINITIONAL_REPRESENTATION('',(#15262),#15266);
#15262 = LINE('',#15263,#15264);
#15263 = CARTESIAN_POINT('',(0.,0.));
#15264 = VECTOR('',#15265,1.);
#15265 = DIRECTION('',(1.,0.));
#15266 = ( GEOMETRIC_REPRESENTATION_CONTEXT(2) 
PARAMETRIC_REPRESENTATION_CONTEXT() REPRESENTATION_CONTEXT('2D SPACE',''
  ) );
#15267 = ORIENTED_EDGE('',*,*,#15268,.T.);
#15268 = EDGE_CURVE('',#15239,#15057,#15269,.T.);
#15269 = SURFACE_CURVE('',#15270,(#15274,#15281),.PCURVE_S1.);
#15270 = B_SPLINE_CURVE_WITH_KNOTS('',2,(#15271,#15272,#15273),
  .UNSPECIFIED.,.F.,.F.,(3,3),(0.,1.),.PIECEWISE_BEZIER_KNOTS.);
#15271 = CARTESIAN_POINT('',(1.709350585938,-57.15041015625,1.2));
#15272 = CARTESIAN_POINT('',(1.448852539062,-56.8012890625,1.2));
#15273 = CARTESIAN_POINT('',(0.973510742188,-56.8012890625,1.2));
#15274 = PCURVE('',#12056,#15275);
#15275 = DEFINITIONAL_REPRESENTATION('',(#15276),#15280);
#15276 = B_SPLINE_CURVE_WITH_KNOTS('',2,(#15277,#15278,#15279),
  .UNSPECIFIED.,.F.,.F.,(3,3),(0.,1.),.PIECEWISE_BEZIER_KNOTS.);
#15277 = CARTESIAN_POINT('',(3.072265625,2.983642578125));
#15278 = CARTESIAN_POINT('',(2.811767578125,3.332763671875));
#15279 = CARTESIAN_POINT('',(2.33642578125,3.332763671875));
#15280 = ( GEOMETRIC_REPRESENTATION_CONTEXT(2) 
PARAMETRIC_REPRESENTATION_CONTEXT() REPRESENTATION_CONTEXT('2D SPACE',''
  ) );
#15281 = PCURVE('',#15282,#15289);
#15282 = SURFACE_OF_LINEAR_EXTRUSION('',#15283,#15287);
#15283 = B_SPLINE_CURVE_WITH_KNOTS('',2,(#15284,#15285,#15286),
  .UNSPECIFIED.,.F.,.F.,(3,3),(0.,1.),.PIECEWISE_BEZIER_KNOTS.);
#15284 = CARTESIAN_POINT('',(1.709350585938,-57.15041015625,1.2));
#15285 = CARTESIAN_POINT('',(1.448852539062,-56.8012890625,1.2));
#15286 = CARTESIAN_POINT('',(0.973510742188,-56.8012890625,1.2));
#15287 = VECTOR('',#15288,1.);
#15288 = DIRECTION('',(-0.,-0.,-1.));
#15289 = DEFINITIONAL_REPRESENTATION('',(#15290),#15294);
#15290 = LINE('',#15291,#15292);
#15291 = CARTESIAN_POINT('',(0.,0.));
#15292 = VECTOR('',#15293,1.);
#15293 = DIRECTION('',(1.,0.));
#15294 = ( GEOMETRIC_REPRESENTATION_CONTEXT(2) 
PARAMETRIC_REPRESENTATION_CONTEXT() REPRESENTATION_CONTEXT('2D SPACE',''
  ) );
#15295 = ADVANCED_FACE('',(#15296),#12453,.T.);
#15296 = FACE_BOUND('',#15297,.F.);
#15297 = EDGE_LOOP('',(#15298,#15299,#15300,#15301,#15302,#15303,#15304,
    #15305,#15306,#15307,#15308,#15309,#15310));
#15298 = ORIENTED_EDGE('',*,*,#13010,.T.);
#15299 = ORIENTED_EDGE('',*,*,#12983,.T.);
#15300 = ORIENTED_EDGE('',*,*,#12934,.T.);
#15301 = ORIENTED_EDGE('',*,*,#12885,.T.);
#15302 = ORIENTED_EDGE('',*,*,#12836,.T.);
#15303 = ORIENTED_EDGE('',*,*,#12787,.T.);
#15304 = ORIENTED_EDGE('',*,*,#12738,.T.);
#15305 = ORIENTED_EDGE('',*,*,#12689,.T.);
#15306 = ORIENTED_EDGE('',*,*,#12640,.T.);
#15307 = ORIENTED_EDGE('',*,*,#12591,.T.);
#15308 = ORIENTED_EDGE('',*,*,#12542,.T.);
#15309 = ORIENTED_EDGE('',*,*,#12493,.T.);
#15310 = ORIENTED_EDGE('',*,*,#12439,.T.);
#15311 = ADVANCED_FACE('',(#15312,#15322),#13095,.T.);
#15312 = FACE_BOUND('',#15313,.F.);
#15313 = EDGE_LOOP('',(#15314,#15315,#15316,#15317,#15318,#15319,#15320,
    #15321));
#15314 = ORIENTED_EDGE('',*,*,#13407,.T.);
#15315 = ORIENTED_EDGE('',*,*,#13380,.T.);
#15316 = ORIENTED_EDGE('',*,*,#13331,.T.);
#15317 = ORIENTED_EDGE('',*,*,#13282,.T.);
#15318 = ORIENTED_EDGE('',*,*,#13233,.T.);
#15319 = ORIENTED_EDGE('',*,*,#13184,.T.);
#15320 = ORIENTED_EDGE('',*,*,#13135,.T.);
#15321 = ORIENTED_EDGE('',*,*,#13081,.T.);
#15322 = FACE_BOUND('',#15323,.F.);
#15323 = EDGE_LOOP('',(#15324,#15354,#15382));
#15324 = ORIENTED_EDGE('',*,*,#15325,.T.);
#15325 = EDGE_CURVE('',#15326,#15328,#15330,.T.);
#15326 = VERTEX_POINT('',#15327);
#15327 = CARTESIAN_POINT('',(12.830200195312,-57.06447265625,1.2));
#15328 = VERTEX_POINT('',#15329);
#15329 = CARTESIAN_POINT('',(12.279663085938,-58.6596875,1.2));
#15330 = SURFACE_CURVE('',#15331,(#15335,#15342),.PCURVE_S1.);
#15331 = LINE('',#15332,#15333);
#15332 = CARTESIAN_POINT('',(12.830200195312,-57.06447265625,1.2));
#15333 = VECTOR('',#15334,1.);
#15334 = DIRECTION('',(-0.326235892562,-0.94528839113,0.));
#15335 = PCURVE('',#13095,#15336);
#15336 = DEFINITIONAL_REPRESENTATION('',(#15337),#15341);
#15337 = LINE('',#15338,#15339);
#15338 = CARTESIAN_POINT('',(2.129638671875,3.069580078125));
#15339 = VECTOR('',#15340,1.);
#15340 = DIRECTION('',(-0.326235892562,-0.94528839113));
#15341 = ( GEOMETRIC_REPRESENTATION_CONTEXT(2) 
PARAMETRIC_REPRESENTATION_CONTEXT() REPRESENTATION_CONTEXT('2D SPACE',''
  ) );
#15342 = PCURVE('',#15343,#15348);
#15343 = PLANE('',#15344);
#15344 = AXIS2_PLACEMENT_3D('',#15345,#15346,#15347);
#15345 = CARTESIAN_POINT('',(12.830200195312,-57.06447265625,1.2));
#15346 = DIRECTION('',(0.94528839113,-0.326235892562,0.));
#15347 = DIRECTION('',(-0.326235892562,-0.94528839113,0.));
#15348 = DEFINITIONAL_REPRESENTATION('',(#15349),#15353);
#15349 = LINE('',#15350,#15351);
#15350 = CARTESIAN_POINT('',(0.,0.));
#15351 = VECTOR('',#15352,1.);
#15352 = DIRECTION('',(1.,0.));
#15353 = ( GEOMETRIC_REPRESENTATION_CONTEXT(2) 
PARAMETRIC_REPRESENTATION_CONTEXT() REPRESENTATION_CONTEXT('2D SPACE',''
  ) );
#15354 = ORIENTED_EDGE('',*,*,#15355,.T.);
#15355 = EDGE_CURVE('',#15328,#15356,#15358,.T.);
#15356 = VERTEX_POINT('',#15357);
#15357 = CARTESIAN_POINT('',(13.378051757812,-58.6596875,1.2));
#15358 = SURFACE_CURVE('',#15359,(#15363,#15370),.PCURVE_S1.);
#15359 = LINE('',#15360,#15361);
#15360 = CARTESIAN_POINT('',(12.279663085938,-58.6596875,1.2));
#15361 = VECTOR('',#15362,1.);
#15362 = DIRECTION('',(1.,0.,0.));
#15363 = PCURVE('',#13095,#15364);
#15364 = DEFINITIONAL_REPRESENTATION('',(#15365),#15369);
#15365 = LINE('',#15366,#15367);
#15366 = CARTESIAN_POINT('',(1.5791015625,1.474365234375));
#15367 = VECTOR('',#15368,1.);
#15368 = DIRECTION('',(1.,0.));
#15369 = ( GEOMETRIC_REPRESENTATION_CONTEXT(2) 
PARAMETRIC_REPRESENTATION_CONTEXT() REPRESENTATION_CONTEXT('2D SPACE',''
  ) );
#15370 = PCURVE('',#15371,#15376);
#15371 = PLANE('',#15372);
#15372 = AXIS2_PLACEMENT_3D('',#15373,#15374,#15375);
#15373 = CARTESIAN_POINT('',(12.279663085938,-58.6596875,1.2));
#15374 = DIRECTION('',(0.,1.,0.));
#15375 = DIRECTION('',(1.,0.,0.));
#15376 = DEFINITIONAL_REPRESENTATION('',(#15377),#15381);
#15377 = LINE('',#15378,#15379);
#15378 = CARTESIAN_POINT('',(0.,0.));
#15379 = VECTOR('',#15380,1.);
#15380 = DIRECTION('',(1.,0.));
#15381 = ( GEOMETRIC_REPRESENTATION_CONTEXT(2) 
PARAMETRIC_REPRESENTATION_CONTEXT() REPRESENTATION_CONTEXT('2D SPACE',''
  ) );
#15382 = ORIENTED_EDGE('',*,*,#15383,.T.);
#15383 = EDGE_CURVE('',#15356,#15326,#15384,.T.);
#15384 = SURFACE_CURVE('',#15385,(#15389,#15396),.PCURVE_S1.);
#15385 = LINE('',#15386,#15387);
#15386 = CARTESIAN_POINT('',(13.378051757812,-58.6596875,1.2));
#15387 = VECTOR('',#15388,1.);
#15388 = DIRECTION('',(-0.324812763302,0.945778340203,0.));
#15389 = PCURVE('',#13095,#15390);
#15390 = DEFINITIONAL_REPRESENTATION('',(#15391),#15395);
#15391 = LINE('',#15392,#15393);
#15392 = CARTESIAN_POINT('',(2.677490234375,1.474365234375));
#15393 = VECTOR('',#15394,1.);
#15394 = DIRECTION('',(-0.324812763302,0.945778340203));
#15395 = ( GEOMETRIC_REPRESENTATION_CONTEXT(2) 
PARAMETRIC_REPRESENTATION_CONTEXT() REPRESENTATION_CONTEXT('2D SPACE',''
  ) );
#15396 = PCURVE('',#15397,#15402);
#15397 = PLANE('',#15398);
#15398 = AXIS2_PLACEMENT_3D('',#15399,#15400,#15401);
#15399 = CARTESIAN_POINT('',(13.378051757812,-58.6596875,1.2));
#15400 = DIRECTION('',(-0.945778340203,-0.324812763302,0.));
#15401 = DIRECTION('',(-0.324812763302,0.945778340203,0.));
#15402 = DEFINITIONAL_REPRESENTATION('',(#15403),#15407);
#15403 = LINE('',#15404,#15405);
#15404 = CARTESIAN_POINT('',(0.,0.));
#15405 = VECTOR('',#15406,1.);
#15406 = DIRECTION('',(1.,0.));
#15407 = ( GEOMETRIC_REPRESENTATION_CONTEXT(2) 
PARAMETRIC_REPRESENTATION_CONTEXT() REPRESENTATION_CONTEXT('2D SPACE',''
  ) );
#15408 = ADVANCED_FACE('',(#15409),#13492,.T.);
#15409 = FACE_BOUND('',#15410,.F.);
#15410 = EDGE_LOOP('',(#15411,#15412,#15413,#15414,#15415,#15416,#15417,
    #15418,#15419,#15420,#15421,#15422));
#15411 = ORIENTED_EDGE('',*,*,#14000,.T.);
#15412 = ORIENTED_EDGE('',*,*,#13973,.T.);
#15413 = ORIENTED_EDGE('',*,*,#13924,.T.);
#15414 = ORIENTED_EDGE('',*,*,#13875,.T.);
#15415 = ORIENTED_EDGE('',*,*,#13826,.T.);
#15416 = ORIENTED_EDGE('',*,*,#13777,.T.);
#15417 = ORIENTED_EDGE('',*,*,#13728,.T.);
#15418 = ORIENTED_EDGE('',*,*,#13679,.T.);
#15419 = ORIENTED_EDGE('',*,*,#13630,.T.);
#15420 = ORIENTED_EDGE('',*,*,#13581,.T.);
#15421 = ORIENTED_EDGE('',*,*,#13532,.T.);
#15422 = ORIENTED_EDGE('',*,*,#13478,.T.);
#15423 = ADVANCED_FACE('',(#15424),#14107,.T.);
#15424 = FACE_BOUND('',#15425,.T.);
#15425 = EDGE_LOOP('',(#15426,#15448,#15449,#15471));
#15426 = ORIENTED_EDGE('',*,*,#15427,.F.);
#15427 = EDGE_CURVE('',#14089,#15428,#15430,.T.);
#15428 = VERTEX_POINT('',#15429);
#15429 = CARTESIAN_POINT('',(22.865,-79.08,10.65));
#15430 = SURFACE_CURVE('',#15431,(#15436,#15442),.PCURVE_S1.);
#15431 = CIRCLE('',#15432,0.5);
#15432 = AXIS2_PLACEMENT_3D('',#15433,#15434,#15435);
#15433 = CARTESIAN_POINT('',(22.865,-79.58,10.65));
#15434 = DIRECTION('',(-1.,0.,0.));
#15435 = DIRECTION('',(0.,-1.,0.));
#15436 = PCURVE('',#14107,#15437);
#15437 = DEFINITIONAL_REPRESENTATION('',(#15438),#15441);
#15438 = B_SPLINE_CURVE_WITH_KNOTS('',1,(#15439,#15440),.UNSPECIFIED.,
  .F.,.F.,(2,2),(1.570796326795,3.14159265359),
  .PIECEWISE_BEZIER_KNOTS.);
#15439 = CARTESIAN_POINT('',(0.,1.570796326795));
#15440 = CARTESIAN_POINT('',(0.,3.14159265359));
#15441 = ( GEOMETRIC_REPRESENTATION_CONTEXT(2) 
PARAMETRIC_REPRESENTATION_CONTEXT() REPRESENTATION_CONTEXT('2D SPACE',''
  ) );
#15442 = PCURVE('',#14135,#15443);
#15443 = DEFINITIONAL_REPRESENTATION('',(#15444),#15447);
#15444 = B_SPLINE_CURVE_WITH_KNOTS('',1,(#15445,#15446),.UNSPECIFIED.,
  .F.,.F.,(2,2),(1.570796326795,3.14159265359),
  .PIECEWISE_BEZIER_KNOTS.);
#15445 = CARTESIAN_POINT('',(0.,45.73));
#15446 = CARTESIAN_POINT('',(-1.570796326795,45.73));
#15447 = ( GEOMETRIC_REPRESENTATION_CONTEXT(2) 
PARAMETRIC_REPRESENTATION_CONTEXT() REPRESENTATION_CONTEXT('2D SPACE',''
  ) );
#15448 = ORIENTED_EDGE('',*,*,#14088,.T.);
#15449 = ORIENTED_EDGE('',*,*,#15450,.T.);
#15450 = EDGE_CURVE('',#14091,#15451,#15453,.T.);
#15451 = VERTEX_POINT('',#15452);
#15452 = CARTESIAN_POINT('',(37.515,-64.43,10.65));
#15453 = SURFACE_CURVE('',#15454,(#15459,#15465),.PCURVE_S1.);
#15454 = CIRCLE('',#15455,0.5);
#15455 = AXIS2_PLACEMENT_3D('',#15456,#15457,#15458);
#15456 = CARTESIAN_POINT('',(38.015,-64.43,10.65));
#15457 = DIRECTION('',(-6.123233995737E-17,-1.,0.));
#15458 = DIRECTION('',(1.,-6.123233995737E-17,0.));
#15459 = PCURVE('',#14107,#15460);
#15460 = DEFINITIONAL_REPRESENTATION('',(#15461),#15464);
#15461 = B_SPLINE_CURVE_WITH_KNOTS('',1,(#15462,#15463),.UNSPECIFIED.,
  .F.,.F.,(2,2),(1.570796326795,3.14159265359),
  .PIECEWISE_BEZIER_KNOTS.);
#15462 = CARTESIAN_POINT('',(1.570796326795,1.570796326795));
#15463 = CARTESIAN_POINT('',(1.570796326795,3.14159265359));
#15464 = ( GEOMETRIC_REPRESENTATION_CONTEXT(2) 
PARAMETRIC_REPRESENTATION_CONTEXT() REPRESENTATION_CONTEXT('2D SPACE',''
  ) );
#15465 = PCURVE('',#14304,#15466);
#15466 = DEFINITIONAL_REPRESENTATION('',(#15467),#15470);
#15467 = B_SPLINE_CURVE_WITH_KNOTS('',1,(#15468,#15469),.UNSPECIFIED.,
  .F.,.F.,(2,2),(1.570796326795,3.14159265359),
  .PIECEWISE_BEZIER_KNOTS.);
#15468 = CARTESIAN_POINT('',(0.,0.));
#15469 = CARTESIAN_POINT('',(-1.570796326795,0.));
#15470 = ( GEOMETRIC_REPRESENTATION_CONTEXT(2) 
PARAMETRIC_REPRESENTATION_CONTEXT() REPRESENTATION_CONTEXT('2D SPACE',''
  ) );
#15471 = ORIENTED_EDGE('',*,*,#15472,.F.);
#15472 = EDGE_CURVE('',#15428,#15451,#15473,.T.);
#15473 = SURFACE_CURVE('',#15474,(#15479,#15486),.PCURVE_S1.);
#15474 = CIRCLE('',#15475,14.65);
#15475 = AXIS2_PLACEMENT_3D('',#15476,#15477,#15478);
#15476 = CARTESIAN_POINT('',(22.865,-64.43,10.65));
#15477 = DIRECTION('',(0.,0.,1.));
#15478 = DIRECTION('',(0.,-1.,0.));
#15479 = PCURVE('',#14107,#15480);
#15480 = DEFINITIONAL_REPRESENTATION('',(#15481),#15485);
#15481 = LINE('',#15482,#15483);
#15482 = CARTESIAN_POINT('',(0.,3.14159265359));
#15483 = VECTOR('',#15484,1.);
#15484 = DIRECTION('',(1.,0.));
#15485 = ( GEOMETRIC_REPRESENTATION_CONTEXT(2) 
PARAMETRIC_REPRESENTATION_CONTEXT() REPRESENTATION_CONTEXT('2D SPACE',''
  ) );
#15486 = PCURVE('',#14549,#15487);
#15487 = DEFINITIONAL_REPRESENTATION('',(#15488),#15492);
#15488 = LINE('',#15489,#15490);
#15489 = CARTESIAN_POINT('',(0.,0.5));
#15490 = VECTOR('',#15491,1.);
#15491 = DIRECTION('',(1.,0.));
#15492 = ( GEOMETRIC_REPRESENTATION_CONTEXT(2) 
PARAMETRIC_REPRESENTATION_CONTEXT() REPRESENTATION_CONTEXT('2D SPACE',''
  ) );
#15493 = ADVANCED_FACE('',(#15494),#14135,.T.);
#15494 = FACE_BOUND('',#15495,.F.);
#15495 = EDGE_LOOP('',(#15496,#15518,#15539,#15540));
#15496 = ORIENTED_EDGE('',*,*,#15497,.T.);
#15497 = EDGE_CURVE('',#14120,#15498,#15500,.T.);
#15498 = VERTEX_POINT('',#15499);
#15499 = CARTESIAN_POINT('',(-22.865,-79.08,10.65));
#15500 = SURFACE_CURVE('',#15501,(#15506,#15512),.PCURVE_S1.);
#15501 = CIRCLE('',#15502,0.5);
#15502 = AXIS2_PLACEMENT_3D('',#15503,#15504,#15505);
#15503 = CARTESIAN_POINT('',(-22.865,-79.58,10.65));
#15504 = DIRECTION('',(-1.,6.123233995737E-17,0.));
#15505 = DIRECTION('',(-6.123233995737E-17,-1.,0.));
#15506 = PCURVE('',#14135,#15507);
#15507 = DEFINITIONAL_REPRESENTATION('',(#15508),#15511);
#15508 = B_SPLINE_CURVE_WITH_KNOTS('',1,(#15509,#15510),.UNSPECIFIED.,
  .F.,.F.,(2,2),(1.570796326795,3.14159265359),
  .PIECEWISE_BEZIER_KNOTS.);
#15509 = CARTESIAN_POINT('',(0.,0.));
#15510 = CARTESIAN_POINT('',(-1.570796326795,0.));
#15511 = ( GEOMETRIC_REPRESENTATION_CONTEXT(2) 
PARAMETRIC_REPRESENTATION_CONTEXT() REPRESENTATION_CONTEXT('2D SPACE',''
  ) );
#15512 = PCURVE('',#14164,#15513);
#15513 = DEFINITIONAL_REPRESENTATION('',(#15514),#15517);
#15514 = B_SPLINE_CURVE_WITH_KNOTS('',1,(#15515,#15516),.UNSPECIFIED.,
  .F.,.F.,(2,2),(1.570796326795,3.14159265359),
  .PIECEWISE_BEZIER_KNOTS.);
#15515 = CARTESIAN_POINT('',(1.570796326795,1.570796326795));
#15516 = CARTESIAN_POINT('',(1.570796326795,3.14159265359));
#15517 = ( GEOMETRIC_REPRESENTATION_CONTEXT(2) 
PARAMETRIC_REPRESENTATION_CONTEXT() REPRESENTATION_CONTEXT('2D SPACE',''
  ) );
#15518 = ORIENTED_EDGE('',*,*,#15519,.T.);
#15519 = EDGE_CURVE('',#15498,#15428,#15520,.T.);
#15520 = SURFACE_CURVE('',#15521,(#15525,#15532),.PCURVE_S1.);
#15521 = LINE('',#15522,#15523);
#15522 = CARTESIAN_POINT('',(-22.865,-79.08,10.65));
#15523 = VECTOR('',#15524,1.);
#15524 = DIRECTION('',(1.,-0.,-0.));
#15525 = PCURVE('',#14135,#15526);
#15526 = DEFINITIONAL_REPRESENTATION('',(#15527),#15531);
#15527 = LINE('',#15528,#15529);
#15528 = CARTESIAN_POINT('',(-1.570796326795,0.));
#15529 = VECTOR('',#15530,1.);
#15530 = DIRECTION('',(-0.,1.));
#15531 = ( GEOMETRIC_REPRESENTATION_CONTEXT(2) 
PARAMETRIC_REPRESENTATION_CONTEXT() REPRESENTATION_CONTEXT('2D SPACE',''
  ) );
#15532 = PCURVE('',#14347,#15533);
#15533 = DEFINITIONAL_REPRESENTATION('',(#15534),#15538);
#15534 = LINE('',#15535,#15536);
#15535 = CARTESIAN_POINT('',(14.65,-0.5));
#15536 = VECTOR('',#15537,1.);
#15537 = DIRECTION('',(1.,0.));
#15538 = ( GEOMETRIC_REPRESENTATION_CONTEXT(2) 
PARAMETRIC_REPRESENTATION_CONTEXT() REPRESENTATION_CONTEXT('2D SPACE',''
  ) );
#15539 = ORIENTED_EDGE('',*,*,#15427,.F.);
#15540 = ORIENTED_EDGE('',*,*,#14119,.F.);
#15541 = ADVANCED_FACE('',(#15542),#14304,.T.);
#15542 = FACE_BOUND('',#15543,.F.);
#15543 = EDGE_LOOP('',(#15544,#15545,#15568,#15588));
#15544 = ORIENTED_EDGE('',*,*,#15450,.T.);
#15545 = ORIENTED_EDGE('',*,*,#15546,.T.);
#15546 = EDGE_CURVE('',#15451,#15547,#15549,.T.);
#15547 = VERTEX_POINT('',#15548);
#15548 = CARTESIAN_POINT('',(37.515,64.43,10.65));
#15549 = SURFACE_CURVE('',#15550,(#15554,#15561),.PCURVE_S1.);
#15550 = LINE('',#15551,#15552);
#15551 = CARTESIAN_POINT('',(37.515,-64.43,10.65));
#15552 = VECTOR('',#15553,1.);
#15553 = DIRECTION('',(-0.,1.,-0.));
#15554 = PCURVE('',#14304,#15555);
#15555 = DEFINITIONAL_REPRESENTATION('',(#15556),#15560);
#15556 = LINE('',#15557,#15558);
#15557 = CARTESIAN_POINT('',(-1.570796326795,0.));
#15558 = VECTOR('',#15559,1.);
#15559 = DIRECTION('',(-0.,1.));
#15560 = ( GEOMETRIC_REPRESENTATION_CONTEXT(2) 
PARAMETRIC_REPRESENTATION_CONTEXT() REPRESENTATION_CONTEXT('2D SPACE',''
  ) );
#15561 = PCURVE('',#14522,#15562);
#15562 = DEFINITIONAL_REPRESENTATION('',(#15563),#15567);
#15563 = LINE('',#15564,#15565);
#15564 = CARTESIAN_POINT('',(14.65,-0.5));
#15565 = VECTOR('',#15566,1.);
#15566 = DIRECTION('',(1.,0.));
#15567 = ( GEOMETRIC_REPRESENTATION_CONTEXT(2) 
PARAMETRIC_REPRESENTATION_CONTEXT() REPRESENTATION_CONTEXT('2D SPACE',''
  ) );
#15568 = ORIENTED_EDGE('',*,*,#15569,.F.);
#15569 = EDGE_CURVE('',#14262,#15547,#15570,.T.);
#15570 = SURFACE_CURVE('',#15571,(#15576,#15582),.PCURVE_S1.);
#15571 = CIRCLE('',#15572,0.5);
#15572 = AXIS2_PLACEMENT_3D('',#15573,#15574,#15575);
#15573 = CARTESIAN_POINT('',(38.015,64.43,10.65));
#15574 = DIRECTION('',(0.,-1.,0.));
#15575 = DIRECTION('',(0.,0.,1.));
#15576 = PCURVE('',#14304,#15577);
#15577 = DEFINITIONAL_REPRESENTATION('',(#15578),#15581);
#15578 = B_SPLINE_CURVE_WITH_KNOTS('',1,(#15579,#15580),.UNSPECIFIED.,
  .F.,.F.,(2,2),(0.,1.570796326795),.PIECEWISE_BEZIER_KNOTS.);
#15579 = CARTESIAN_POINT('',(0.,128.86));
#15580 = CARTESIAN_POINT('',(-1.570796326795,128.86));
#15581 = ( GEOMETRIC_REPRESENTATION_CONTEXT(2) 
PARAMETRIC_REPRESENTATION_CONTEXT() REPRESENTATION_CONTEXT('2D SPACE',''
  ) );
#15582 = PCURVE('',#14278,#15583);
#15583 = DEFINITIONAL_REPRESENTATION('',(#15584),#15587);
#15584 = B_SPLINE_CURVE_WITH_KNOTS('',1,(#15585,#15586),.UNSPECIFIED.,
  .F.,.F.,(2,2),(0.,1.570796326795),.PIECEWISE_BEZIER_KNOTS.);
#15585 = CARTESIAN_POINT('',(0.,1.570796326795));
#15586 = CARTESIAN_POINT('',(0.,3.14159265359));
#15587 = ( GEOMETRIC_REPRESENTATION_CONTEXT(2) 
PARAMETRIC_REPRESENTATION_CONTEXT() REPRESENTATION_CONTEXT('2D SPACE',''
  ) );
#15588 = ORIENTED_EDGE('',*,*,#14290,.F.);
#15589 = ADVANCED_FACE('',(#15590),#14164,.T.);
#15590 = FACE_BOUND('',#15591,.T.);
#15591 = EDGE_LOOP('',(#15592,#15614,#15615,#15616));
#15592 = ORIENTED_EDGE('',*,*,#15593,.F.);
#15593 = EDGE_CURVE('',#14148,#15594,#15596,.T.);
#15594 = VERTEX_POINT('',#15595);
#15595 = CARTESIAN_POINT('',(-37.515,-64.43,10.65));
#15596 = SURFACE_CURVE('',#15597,(#15602,#15608),.PCURVE_S1.);
#15597 = CIRCLE('',#15598,0.5);
#15598 = AXIS2_PLACEMENT_3D('',#15599,#15600,#15601);
#15599 = CARTESIAN_POINT('',(-38.015,-64.43,10.65));
#15600 = DIRECTION('',(-0.,1.,0.));
#15601 = DIRECTION('',(0.,0.,1.));
#15602 = PCURVE('',#14164,#15603);
#15603 = DEFINITIONAL_REPRESENTATION('',(#15604),#15607);
#15604 = B_SPLINE_CURVE_WITH_KNOTS('',1,(#15605,#15606),.UNSPECIFIED.,
  .F.,.F.,(2,2),(0.,1.570796326795),.PIECEWISE_BEZIER_KNOTS.);
#15605 = CARTESIAN_POINT('',(0.,1.570796326795));
#15606 = CARTESIAN_POINT('',(0.,3.14159265359));
#15607 = ( GEOMETRIC_REPRESENTATION_CONTEXT(2) 
PARAMETRIC_REPRESENTATION_CONTEXT() REPRESENTATION_CONTEXT('2D SPACE',''
  ) );
#15608 = PCURVE('',#14192,#15609);
#15609 = DEFINITIONAL_REPRESENTATION('',(#15610),#15613);
#15610 = B_SPLINE_CURVE_WITH_KNOTS('',1,(#15611,#15612),.UNSPECIFIED.,
  .F.,.F.,(2,2),(0.,1.570796326795),.PIECEWISE_BEZIER_KNOTS.);
#15611 = CARTESIAN_POINT('',(0.,128.86));
#15612 = CARTESIAN_POINT('',(-1.570796326795,128.86));
#15613 = ( GEOMETRIC_REPRESENTATION_CONTEXT(2) 
PARAMETRIC_REPRESENTATION_CONTEXT() REPRESENTATION_CONTEXT('2D SPACE',''
  ) );
#15614 = ORIENTED_EDGE('',*,*,#14147,.T.);
#15615 = ORIENTED_EDGE('',*,*,#15497,.T.);
#15616 = ORIENTED_EDGE('',*,*,#15617,.F.);
#15617 = EDGE_CURVE('',#15594,#15498,#15618,.T.);
#15618 = SURFACE_CURVE('',#15619,(#15624,#15631),.PCURVE_S1.);
#15619 = CIRCLE('',#15620,14.65);
#15620 = AXIS2_PLACEMENT_3D('',#15621,#15622,#15623);
#15621 = CARTESIAN_POINT('',(-22.865,-64.43,10.65));
#15622 = DIRECTION('',(0.,0.,1.));
#15623 = DIRECTION('',(-1.,0.,0.));
#15624 = PCURVE('',#14164,#15625);
#15625 = DEFINITIONAL_REPRESENTATION('',(#15626),#15630);
#15626 = LINE('',#15627,#15628);
#15627 = CARTESIAN_POINT('',(0.,3.14159265359));
#15628 = VECTOR('',#15629,1.);
#15629 = DIRECTION('',(1.,0.));
#15630 = ( GEOMETRIC_REPRESENTATION_CONTEXT(2) 
PARAMETRIC_REPRESENTATION_CONTEXT() REPRESENTATION_CONTEXT('2D SPACE',''
  ) );
#15631 = PCURVE('',#14380,#15632);
#15632 = DEFINITIONAL_REPRESENTATION('',(#15633),#15637);
#15633 = LINE('',#15634,#15635);
#15634 = CARTESIAN_POINT('',(-1.570796326795,0.5));
#15635 = VECTOR('',#15636,1.);
#15636 = DIRECTION('',(1.,-0.));
#15637 = ( GEOMETRIC_REPRESENTATION_CONTEXT(2) 
PARAMETRIC_REPRESENTATION_CONTEXT() REPRESENTATION_CONTEXT('2D SPACE',''
  ) );
#15638 = ADVANCED_FACE('',(#15639),#14278,.T.);
#15639 = FACE_BOUND('',#15640,.T.);
#15640 = EDGE_LOOP('',(#15641,#15642,#15643,#15665));
#15641 = ORIENTED_EDGE('',*,*,#15569,.F.);
#15642 = ORIENTED_EDGE('',*,*,#14261,.T.);
#15643 = ORIENTED_EDGE('',*,*,#15644,.T.);
#15644 = EDGE_CURVE('',#14234,#15645,#15647,.T.);
#15645 = VERTEX_POINT('',#15646);
#15646 = CARTESIAN_POINT('',(22.865,79.08,10.65));
#15647 = SURFACE_CURVE('',#15648,(#15653,#15659),.PCURVE_S1.);
#15648 = CIRCLE('',#15649,0.5);
#15649 = AXIS2_PLACEMENT_3D('',#15650,#15651,#15652);
#15650 = CARTESIAN_POINT('',(22.865,79.58,10.65));
#15651 = DIRECTION('',(1.,-6.123233995737E-17,0.));
#15652 = DIRECTION('',(6.123233995737E-17,1.,0.));
#15653 = PCURVE('',#14278,#15654);
#15654 = DEFINITIONAL_REPRESENTATION('',(#15655),#15658);
#15655 = B_SPLINE_CURVE_WITH_KNOTS('',1,(#15656,#15657),.UNSPECIFIED.,
  .F.,.F.,(2,2),(1.570796326795,3.14159265359),
  .PIECEWISE_BEZIER_KNOTS.);
#15656 = CARTESIAN_POINT('',(1.570796326795,1.570796326795));
#15657 = CARTESIAN_POINT('',(1.570796326795,3.14159265359));
#15658 = ( GEOMETRIC_REPRESENTATION_CONTEXT(2) 
PARAMETRIC_REPRESENTATION_CONTEXT() REPRESENTATION_CONTEXT('2D SPACE',''
  ) );
#15659 = PCURVE('',#14249,#15660);
#15660 = DEFINITIONAL_REPRESENTATION('',(#15661),#15664);
#15661 = B_SPLINE_CURVE_WITH_KNOTS('',1,(#15662,#15663),.UNSPECIFIED.,
  .F.,.F.,(2,2),(1.570796326795,3.14159265359),
  .PIECEWISE_BEZIER_KNOTS.);
#15662 = CARTESIAN_POINT('',(0.,0.));
#15663 = CARTESIAN_POINT('',(-1.570796326795,0.));
#15664 = ( GEOMETRIC_REPRESENTATION_CONTEXT(2) 
PARAMETRIC_REPRESENTATION_CONTEXT() REPRESENTATION_CONTEXT('2D SPACE',''
  ) );
#15665 = ORIENTED_EDGE('',*,*,#15666,.F.);
#15666 = EDGE_CURVE('',#15547,#15645,#15667,.T.);
#15667 = SURFACE_CURVE('',#15668,(#15673,#15680),.PCURVE_S1.);
#15668 = CIRCLE('',#15669,14.65);
#15669 = AXIS2_PLACEMENT_3D('',#15670,#15671,#15672);
#15670 = CARTESIAN_POINT('',(22.865,64.43,10.65));
#15671 = DIRECTION('',(0.,0.,1.));
#15672 = DIRECTION('',(1.,0.,-0.));
#15673 = PCURVE('',#14278,#15674);
#15674 = DEFINITIONAL_REPRESENTATION('',(#15675),#15679);
#15675 = LINE('',#15676,#15677);
#15676 = CARTESIAN_POINT('',(0.,3.14159265359));
#15677 = VECTOR('',#15678,1.);
#15678 = DIRECTION('',(1.,0.));
#15679 = ( GEOMETRIC_REPRESENTATION_CONTEXT(2) 
PARAMETRIC_REPRESENTATION_CONTEXT() REPRESENTATION_CONTEXT('2D SPACE',''
  ) );
#15680 = PCURVE('',#14494,#15681);
#15681 = DEFINITIONAL_REPRESENTATION('',(#15682),#15686);
#15682 = LINE('',#15683,#15684);
#15683 = CARTESIAN_POINT('',(0.,0.5));
#15684 = VECTOR('',#15685,1.);
#15685 = DIRECTION('',(1.,0.));
#15686 = ( GEOMETRIC_REPRESENTATION_CONTEXT(2) 
PARAMETRIC_REPRESENTATION_CONTEXT() REPRESENTATION_CONTEXT('2D SPACE',''
  ) );
#15687 = ADVANCED_FACE('',(#15688),#14192,.T.);
#15688 = FACE_BOUND('',#15689,.F.);
#15689 = EDGE_LOOP('',(#15690,#15712,#15733,#15734));
#15690 = ORIENTED_EDGE('',*,*,#15691,.T.);
#15691 = EDGE_CURVE('',#14177,#15692,#15694,.T.);
#15692 = VERTEX_POINT('',#15693);
#15693 = CARTESIAN_POINT('',(-37.515,64.43,10.65));
#15694 = SURFACE_CURVE('',#15695,(#15700,#15706),.PCURVE_S1.);
#15695 = CIRCLE('',#15696,0.5);
#15696 = AXIS2_PLACEMENT_3D('',#15697,#15698,#15699);
#15697 = CARTESIAN_POINT('',(-38.015,64.43,10.65));
#15698 = DIRECTION('',(6.123233995737E-17,1.,-0.));
#15699 = DIRECTION('',(-1.,6.123233995737E-17,0.));
#15700 = PCURVE('',#14192,#15701);
#15701 = DEFINITIONAL_REPRESENTATION('',(#15702),#15705);
#15702 = B_SPLINE_CURVE_WITH_KNOTS('',1,(#15703,#15704),.UNSPECIFIED.,
  .F.,.F.,(2,2),(1.570796326795,3.14159265359),
  .PIECEWISE_BEZIER_KNOTS.);
#15703 = CARTESIAN_POINT('',(0.,0.));
#15704 = CARTESIAN_POINT('',(-1.570796326795,0.));
#15705 = ( GEOMETRIC_REPRESENTATION_CONTEXT(2) 
PARAMETRIC_REPRESENTATION_CONTEXT() REPRESENTATION_CONTEXT('2D SPACE',''
  ) );
#15706 = PCURVE('',#14221,#15707);
#15707 = DEFINITIONAL_REPRESENTATION('',(#15708),#15711);
#15708 = B_SPLINE_CURVE_WITH_KNOTS('',1,(#15709,#15710),.UNSPECIFIED.,
  .F.,.F.,(2,2),(1.570796326795,3.14159265359),
  .PIECEWISE_BEZIER_KNOTS.);
#15709 = CARTESIAN_POINT('',(1.570796326795,1.570796326795));
#15710 = CARTESIAN_POINT('',(1.570796326795,3.14159265359));
#15711 = ( GEOMETRIC_REPRESENTATION_CONTEXT(2) 
PARAMETRIC_REPRESENTATION_CONTEXT() REPRESENTATION_CONTEXT('2D SPACE',''
  ) );
#15712 = ORIENTED_EDGE('',*,*,#15713,.T.);
#15713 = EDGE_CURVE('',#15692,#15594,#15714,.T.);
#15714 = SURFACE_CURVE('',#15715,(#15719,#15726),.PCURVE_S1.);
#15715 = LINE('',#15716,#15717);
#15716 = CARTESIAN_POINT('',(-37.515,64.43,10.65));
#15717 = VECTOR('',#15718,1.);
#15718 = DIRECTION('',(0.,-1.,-0.));
#15719 = PCURVE('',#14192,#15720);
#15720 = DEFINITIONAL_REPRESENTATION('',(#15721),#15725);
#15721 = LINE('',#15722,#15723);
#15722 = CARTESIAN_POINT('',(-1.570796326795,0.));
#15723 = VECTOR('',#15724,1.);
#15724 = DIRECTION('',(-0.,1.));
#15725 = ( GEOMETRIC_REPRESENTATION_CONTEXT(2) 
PARAMETRIC_REPRESENTATION_CONTEXT() REPRESENTATION_CONTEXT('2D SPACE',''
  ) );
#15726 = PCURVE('',#14408,#15727);
#15727 = DEFINITIONAL_REPRESENTATION('',(#15728),#15732);
#15728 = LINE('',#15729,#15730);
#15729 = CARTESIAN_POINT('',(14.65,-0.5));
#15730 = VECTOR('',#15731,1.);
#15731 = DIRECTION('',(1.,0.));
#15732 = ( GEOMETRIC_REPRESENTATION_CONTEXT(2) 
PARAMETRIC_REPRESENTATION_CONTEXT() REPRESENTATION_CONTEXT('2D SPACE',''
  ) );
#15733 = ORIENTED_EDGE('',*,*,#15593,.F.);
#15734 = ORIENTED_EDGE('',*,*,#14176,.F.);
#15735 = ADVANCED_FACE('',(#15736),#14249,.T.);
#15736 = FACE_BOUND('',#15737,.F.);
#15737 = EDGE_LOOP('',(#15738,#15739,#15762,#15782));
#15738 = ORIENTED_EDGE('',*,*,#15644,.T.);
#15739 = ORIENTED_EDGE('',*,*,#15740,.T.);
#15740 = EDGE_CURVE('',#15645,#15741,#15743,.T.);
#15741 = VERTEX_POINT('',#15742);
#15742 = CARTESIAN_POINT('',(-22.865,79.08,10.65));
#15743 = SURFACE_CURVE('',#15744,(#15748,#15755),.PCURVE_S1.);
#15744 = LINE('',#15745,#15746);
#15745 = CARTESIAN_POINT('',(22.865,79.08,10.65));
#15746 = VECTOR('',#15747,1.);
#15747 = DIRECTION('',(-1.,-0.,0.));
#15748 = PCURVE('',#14249,#15749);
#15749 = DEFINITIONAL_REPRESENTATION('',(#15750),#15754);
#15750 = LINE('',#15751,#15752);
#15751 = CARTESIAN_POINT('',(-1.570796326795,0.));
#15752 = VECTOR('',#15753,1.);
#15753 = DIRECTION('',(-0.,1.));
#15754 = ( GEOMETRIC_REPRESENTATION_CONTEXT(2) 
PARAMETRIC_REPRESENTATION_CONTEXT() REPRESENTATION_CONTEXT('2D SPACE',''
  ) );
#15755 = PCURVE('',#14465,#15756);
#15756 = DEFINITIONAL_REPRESENTATION('',(#15757),#15761);
#15757 = LINE('',#15758,#15759);
#15758 = CARTESIAN_POINT('',(14.65,-0.5));
#15759 = VECTOR('',#15760,1.);
#15760 = DIRECTION('',(1.,0.));
#15761 = ( GEOMETRIC_REPRESENTATION_CONTEXT(2) 
PARAMETRIC_REPRESENTATION_CONTEXT() REPRESENTATION_CONTEXT('2D SPACE',''
  ) );
#15762 = ORIENTED_EDGE('',*,*,#15763,.F.);
#15763 = EDGE_CURVE('',#14205,#15741,#15764,.T.);
#15764 = SURFACE_CURVE('',#15765,(#15770,#15776),.PCURVE_S1.);
#15765 = CIRCLE('',#15766,0.5);
#15766 = AXIS2_PLACEMENT_3D('',#15767,#15768,#15769);
#15767 = CARTESIAN_POINT('',(-22.865,79.58,10.65));
#15768 = DIRECTION('',(1.,0.,-0.));
#15769 = DIRECTION('',(0.,0.,1.));
#15770 = PCURVE('',#14249,#15771);
#15771 = DEFINITIONAL_REPRESENTATION('',(#15772),#15775);
#15772 = B_SPLINE_CURVE_WITH_KNOTS('',1,(#15773,#15774),.UNSPECIFIED.,
  .F.,.F.,(2,2),(0.,1.570796326795),.PIECEWISE_BEZIER_KNOTS.);
#15773 = CARTESIAN_POINT('',(0.,45.73));
#15774 = CARTESIAN_POINT('',(-1.570796326795,45.73));
#15775 = ( GEOMETRIC_REPRESENTATION_CONTEXT(2) 
PARAMETRIC_REPRESENTATION_CONTEXT() REPRESENTATION_CONTEXT('2D SPACE',''
  ) );
#15776 = PCURVE('',#14221,#15777);
#15777 = DEFINITIONAL_REPRESENTATION('',(#15778),#15781);
#15778 = B_SPLINE_CURVE_WITH_KNOTS('',1,(#15779,#15780),.UNSPECIFIED.,
  .F.,.F.,(2,2),(0.,1.570796326795),.PIECEWISE_BEZIER_KNOTS.);
#15779 = CARTESIAN_POINT('',(0.,1.570796326795));
#15780 = CARTESIAN_POINT('',(0.,3.14159265359));
#15781 = ( GEOMETRIC_REPRESENTATION_CONTEXT(2) 
PARAMETRIC_REPRESENTATION_CONTEXT() REPRESENTATION_CONTEXT('2D SPACE',''
  ) );
#15782 = ORIENTED_EDGE('',*,*,#14233,.F.);
#15783 = ADVANCED_FACE('',(#15784),#14221,.T.);
#15784 = FACE_BOUND('',#15785,.T.);
#15785 = EDGE_LOOP('',(#15786,#15787,#15788,#15789));
#15786 = ORIENTED_EDGE('',*,*,#15763,.F.);
#15787 = ORIENTED_EDGE('',*,*,#14204,.T.);
#15788 = ORIENTED_EDGE('',*,*,#15691,.T.);
#15789 = ORIENTED_EDGE('',*,*,#15790,.F.);
#15790 = EDGE_CURVE('',#15741,#15692,#15791,.T.);
#15791 = SURFACE_CURVE('',#15792,(#15797,#15804),.PCURVE_S1.);
#15792 = CIRCLE('',#15793,14.65);
#15793 = AXIS2_PLACEMENT_3D('',#15794,#15795,#15796);
#15794 = CARTESIAN_POINT('',(-22.865,64.43,10.65));
#15795 = DIRECTION('',(0.,0.,1.));
#15796 = DIRECTION('',(0.,1.,-0.));
#15797 = PCURVE('',#14221,#15798);
#15798 = DEFINITIONAL_REPRESENTATION('',(#15799),#15803);
#15799 = LINE('',#15800,#15801);
#15800 = CARTESIAN_POINT('',(0.,3.14159265359));
#15801 = VECTOR('',#15802,1.);
#15802 = DIRECTION('',(1.,0.));
#15803 = ( GEOMETRIC_REPRESENTATION_CONTEXT(2) 
PARAMETRIC_REPRESENTATION_CONTEXT() REPRESENTATION_CONTEXT('2D SPACE',''
  ) );
#15804 = PCURVE('',#14437,#15805);
#15805 = DEFINITIONAL_REPRESENTATION('',(#15806),#15810);
#15806 = LINE('',#15807,#15808);
#15807 = CARTESIAN_POINT('',(0.,0.5));
#15808 = VECTOR('',#15809,1.);
#15809 = DIRECTION('',(1.,0.));
#15810 = ( GEOMETRIC_REPRESENTATION_CONTEXT(2) 
PARAMETRIC_REPRESENTATION_CONTEXT() REPRESENTATION_CONTEXT('2D SPACE',''
  ) );
#15811 = ADVANCED_FACE('',(#15812),#14347,.T.);
#15812 = FACE_BOUND('',#15813,.T.);
#15813 = EDGE_LOOP('',(#15814,#15835,#15836,#15857));
#15814 = ORIENTED_EDGE('',*,*,#15815,.F.);
#15815 = EDGE_CURVE('',#14332,#15428,#15816,.T.);
#15816 = SURFACE_CURVE('',#15817,(#15821,#15828),.PCURVE_S1.);
#15817 = LINE('',#15818,#15819);
#15818 = CARTESIAN_POINT('',(22.865,-79.08,10.15));
#15819 = VECTOR('',#15820,1.);
#15820 = DIRECTION('',(0.,0.,1.));
#15821 = PCURVE('',#14347,#15822);
#15822 = DEFINITIONAL_REPRESENTATION('',(#15823),#15827);
#15823 = LINE('',#15824,#15825);
#15824 = CARTESIAN_POINT('',(60.38,0.));
#15825 = VECTOR('',#15826,1.);
#15826 = DIRECTION('',(0.,-1.));
#15827 = ( GEOMETRIC_REPRESENTATION_CONTEXT(2) 
PARAMETRIC_REPRESENTATION_CONTEXT() REPRESENTATION_CONTEXT('2D SPACE',''
  ) );
#15828 = PCURVE('',#14549,#15829);
#15829 = DEFINITIONAL_REPRESENTATION('',(#15830),#15834);
#15830 = LINE('',#15831,#15832);
#15831 = CARTESIAN_POINT('',(0.,0.));
#15832 = VECTOR('',#15833,1.);
#15833 = DIRECTION('',(0.,1.));
#15834 = ( GEOMETRIC_REPRESENTATION_CONTEXT(2) 
PARAMETRIC_REPRESENTATION_CONTEXT() REPRESENTATION_CONTEXT('2D SPACE',''
  ) );
#15835 = ORIENTED_EDGE('',*,*,#14329,.F.);
#15836 = ORIENTED_EDGE('',*,*,#15837,.T.);
#15837 = EDGE_CURVE('',#14330,#15498,#15838,.T.);
#15838 = SURFACE_CURVE('',#15839,(#15843,#15850),.PCURVE_S1.);
#15839 = LINE('',#15840,#15841);
#15840 = CARTESIAN_POINT('',(-22.865,-79.08,10.15));
#15841 = VECTOR('',#15842,1.);
#15842 = DIRECTION('',(0.,0.,1.));
#15843 = PCURVE('',#14347,#15844);
#15844 = DEFINITIONAL_REPRESENTATION('',(#15845),#15849);
#15845 = LINE('',#15846,#15847);
#15846 = CARTESIAN_POINT('',(14.65,0.));
#15847 = VECTOR('',#15848,1.);
#15848 = DIRECTION('',(0.,-1.));
#15849 = ( GEOMETRIC_REPRESENTATION_CONTEXT(2) 
PARAMETRIC_REPRESENTATION_CONTEXT() REPRESENTATION_CONTEXT('2D SPACE',''
  ) );
#15850 = PCURVE('',#14380,#15851);
#15851 = DEFINITIONAL_REPRESENTATION('',(#15852),#15856);
#15852 = LINE('',#15853,#15854);
#15853 = CARTESIAN_POINT('',(-0.,0.));
#15854 = VECTOR('',#15855,1.);
#15855 = DIRECTION('',(-0.,1.));
#15856 = ( GEOMETRIC_REPRESENTATION_CONTEXT(2) 
PARAMETRIC_REPRESENTATION_CONTEXT() REPRESENTATION_CONTEXT('2D SPACE',''
  ) );
#15857 = ORIENTED_EDGE('',*,*,#15519,.T.);
#15858 = ADVANCED_FACE('',(#15859),#14549,.F.);
#15859 = FACE_BOUND('',#15860,.F.);
#15860 = EDGE_LOOP('',(#15861,#15862,#15863,#15884));
#15861 = ORIENTED_EDGE('',*,*,#15815,.F.);
#15862 = ORIENTED_EDGE('',*,*,#14534,.T.);
#15863 = ORIENTED_EDGE('',*,*,#15864,.T.);
#15864 = EDGE_CURVE('',#14507,#15451,#15865,.T.);
#15865 = SURFACE_CURVE('',#15866,(#15870,#15877),.PCURVE_S1.);
#15866 = LINE('',#15867,#15868);
#15867 = CARTESIAN_POINT('',(37.515,-64.43,10.15));
#15868 = VECTOR('',#15869,1.);
#15869 = DIRECTION('',(0.,0.,1.));
#15870 = PCURVE('',#14549,#15871);
#15871 = DEFINITIONAL_REPRESENTATION('',(#15872),#15876);
#15872 = LINE('',#15873,#15874);
#15873 = CARTESIAN_POINT('',(1.570796326795,0.));
#15874 = VECTOR('',#15875,1.);
#15875 = DIRECTION('',(0.,1.));
#15876 = ( GEOMETRIC_REPRESENTATION_CONTEXT(2) 
PARAMETRIC_REPRESENTATION_CONTEXT() REPRESENTATION_CONTEXT('2D SPACE',''
  ) );
#15877 = PCURVE('',#14522,#15878);
#15878 = DEFINITIONAL_REPRESENTATION('',(#15879),#15883);
#15879 = LINE('',#15880,#15881);
#15880 = CARTESIAN_POINT('',(14.65,0.));
#15881 = VECTOR('',#15882,1.);
#15882 = DIRECTION('',(0.,-1.));
#15883 = ( GEOMETRIC_REPRESENTATION_CONTEXT(2) 
PARAMETRIC_REPRESENTATION_CONTEXT() REPRESENTATION_CONTEXT('2D SPACE',''
  ) );
#15884 = ORIENTED_EDGE('',*,*,#15472,.F.);
#15885 = ADVANCED_FACE('',(#15886),#14522,.T.);
#15886 = FACE_BOUND('',#15887,.T.);
#15887 = EDGE_LOOP('',(#15888,#15909,#15910,#15911));
#15888 = ORIENTED_EDGE('',*,*,#15889,.F.);
#15889 = EDGE_CURVE('',#14478,#15547,#15890,.T.);
#15890 = SURFACE_CURVE('',#15891,(#15895,#15902),.PCURVE_S1.);
#15891 = LINE('',#15892,#15893);
#15892 = CARTESIAN_POINT('',(37.515,64.43,10.15));
#15893 = VECTOR('',#15894,1.);
#15894 = DIRECTION('',(0.,0.,1.));
#15895 = PCURVE('',#14522,#15896);
#15896 = DEFINITIONAL_REPRESENTATION('',(#15897),#15901);
#15897 = LINE('',#15898,#15899);
#15898 = CARTESIAN_POINT('',(143.51,0.));
#15899 = VECTOR('',#15900,1.);
#15900 = DIRECTION('',(0.,-1.));
#15901 = ( GEOMETRIC_REPRESENTATION_CONTEXT(2) 
PARAMETRIC_REPRESENTATION_CONTEXT() REPRESENTATION_CONTEXT('2D SPACE',''
  ) );
#15902 = PCURVE('',#14494,#15903);
#15903 = DEFINITIONAL_REPRESENTATION('',(#15904),#15908);
#15904 = LINE('',#15905,#15906);
#15905 = CARTESIAN_POINT('',(0.,0.));
#15906 = VECTOR('',#15907,1.);
#15907 = DIRECTION('',(0.,1.));
#15908 = ( GEOMETRIC_REPRESENTATION_CONTEXT(2) 
PARAMETRIC_REPRESENTATION_CONTEXT() REPRESENTATION_CONTEXT('2D SPACE',''
  ) );
#15909 = ORIENTED_EDGE('',*,*,#14506,.F.);
#15910 = ORIENTED_EDGE('',*,*,#15864,.T.);
#15911 = ORIENTED_EDGE('',*,*,#15546,.T.);
#15912 = ADVANCED_FACE('',(#15913),#14494,.F.);
#15913 = FACE_BOUND('',#15914,.F.);
#15914 = EDGE_LOOP('',(#15915,#15916,#15917,#15938));
#15915 = ORIENTED_EDGE('',*,*,#15889,.F.);
#15916 = ORIENTED_EDGE('',*,*,#14477,.T.);
#15917 = ORIENTED_EDGE('',*,*,#15918,.T.);
#15918 = EDGE_CURVE('',#14450,#15645,#15919,.T.);
#15919 = SURFACE_CURVE('',#15920,(#15924,#15931),.PCURVE_S1.);
#15920 = LINE('',#15921,#15922);
#15921 = CARTESIAN_POINT('',(22.865,79.08,10.15));
#15922 = VECTOR('',#15923,1.);
#15923 = DIRECTION('',(0.,0.,1.));
#15924 = PCURVE('',#14494,#15925);
#15925 = DEFINITIONAL_REPRESENTATION('',(#15926),#15930);
#15926 = LINE('',#15927,#15928);
#15927 = CARTESIAN_POINT('',(1.570796326795,0.));
#15928 = VECTOR('',#15929,1.);
#15929 = DIRECTION('',(0.,1.));
#15930 = ( GEOMETRIC_REPRESENTATION_CONTEXT(2) 
PARAMETRIC_REPRESENTATION_CONTEXT() REPRESENTATION_CONTEXT('2D SPACE',''
  ) );
#15931 = PCURVE('',#14465,#15932);
#15932 = DEFINITIONAL_REPRESENTATION('',(#15933),#15937);
#15933 = LINE('',#15934,#15935);
#15934 = CARTESIAN_POINT('',(14.65,0.));
#15935 = VECTOR('',#15936,1.);
#15936 = DIRECTION('',(0.,-1.));
#15937 = ( GEOMETRIC_REPRESENTATION_CONTEXT(2) 
PARAMETRIC_REPRESENTATION_CONTEXT() REPRESENTATION_CONTEXT('2D SPACE',''
  ) );
#15938 = ORIENTED_EDGE('',*,*,#15666,.F.);
#15939 = ADVANCED_FACE('',(#15940),#14465,.T.);
#15940 = FACE_BOUND('',#15941,.T.);
#15941 = EDGE_LOOP('',(#15942,#15963,#15964,#15965));
#15942 = ORIENTED_EDGE('',*,*,#15943,.F.);
#15943 = EDGE_CURVE('',#14421,#15741,#15944,.T.);
#15944 = SURFACE_CURVE('',#15945,(#15949,#15956),.PCURVE_S1.);
#15945 = LINE('',#15946,#15947);
#15946 = CARTESIAN_POINT('',(-22.865,79.08,10.15));
#15947 = VECTOR('',#15948,1.);
#15948 = DIRECTION('',(0.,0.,1.));
#15949 = PCURVE('',#14465,#15950);
#15950 = DEFINITIONAL_REPRESENTATION('',(#15951),#15955);
#15951 = LINE('',#15952,#15953);
#15952 = CARTESIAN_POINT('',(60.38,0.));
#15953 = VECTOR('',#15954,1.);
#15954 = DIRECTION('',(0.,-1.));
#15955 = ( GEOMETRIC_REPRESENTATION_CONTEXT(2) 
PARAMETRIC_REPRESENTATION_CONTEXT() REPRESENTATION_CONTEXT('2D SPACE',''
  ) );
#15956 = PCURVE('',#14437,#15957);
#15957 = DEFINITIONAL_REPRESENTATION('',(#15958),#15962);
#15958 = LINE('',#15959,#15960);
#15959 = CARTESIAN_POINT('',(0.,0.));
#15960 = VECTOR('',#15961,1.);
#15961 = DIRECTION('',(0.,1.));
#15962 = ( GEOMETRIC_REPRESENTATION_CONTEXT(2) 
PARAMETRIC_REPRESENTATION_CONTEXT() REPRESENTATION_CONTEXT('2D SPACE',''
  ) );
#15963 = ORIENTED_EDGE('',*,*,#14449,.F.);
#15964 = ORIENTED_EDGE('',*,*,#15918,.T.);
#15965 = ORIENTED_EDGE('',*,*,#15740,.T.);
#15966 = ADVANCED_FACE('',(#15967),#14437,.F.);
#15967 = FACE_BOUND('',#15968,.F.);
#15968 = EDGE_LOOP('',(#15969,#15970,#15971,#15992));
#15969 = ORIENTED_EDGE('',*,*,#15943,.F.);
#15970 = ORIENTED_EDGE('',*,*,#14420,.T.);
#15971 = ORIENTED_EDGE('',*,*,#15972,.T.);
#15972 = EDGE_CURVE('',#14393,#15692,#15973,.T.);
#15973 = SURFACE_CURVE('',#15974,(#15978,#15985),.PCURVE_S1.);
#15974 = LINE('',#15975,#15976);
#15975 = CARTESIAN_POINT('',(-37.515,64.43,10.15));
#15976 = VECTOR('',#15977,1.);
#15977 = DIRECTION('',(0.,0.,1.));
#15978 = PCURVE('',#14437,#15979);
#15979 = DEFINITIONAL_REPRESENTATION('',(#15980),#15984);
#15980 = LINE('',#15981,#15982);
#15981 = CARTESIAN_POINT('',(1.570796326795,0.));
#15982 = VECTOR('',#15983,1.);
#15983 = DIRECTION('',(0.,1.));
#15984 = ( GEOMETRIC_REPRESENTATION_CONTEXT(2) 
PARAMETRIC_REPRESENTATION_CONTEXT() REPRESENTATION_CONTEXT('2D SPACE',''
  ) );
#15985 = PCURVE('',#14408,#15986);
#15986 = DEFINITIONAL_REPRESENTATION('',(#15987),#15991);
#15987 = LINE('',#15988,#15989);
#15988 = CARTESIAN_POINT('',(14.65,0.));
#15989 = VECTOR('',#15990,1.);
#15990 = DIRECTION('',(0.,-1.));
#15991 = ( GEOMETRIC_REPRESENTATION_CONTEXT(2) 
PARAMETRIC_REPRESENTATION_CONTEXT() REPRESENTATION_CONTEXT('2D SPACE',''
  ) );
#15992 = ORIENTED_EDGE('',*,*,#15790,.F.);
#15993 = ADVANCED_FACE('',(#15994),#14408,.T.);
#15994 = FACE_BOUND('',#15995,.T.);
#15995 = EDGE_LOOP('',(#15996,#16017,#16018,#16019));
#15996 = ORIENTED_EDGE('',*,*,#15997,.F.);
#15997 = EDGE_CURVE('',#14360,#15594,#15998,.T.);
#15998 = SURFACE_CURVE('',#15999,(#16003,#16010),.PCURVE_S1.);
#15999 = LINE('',#16000,#16001);
#16000 = CARTESIAN_POINT('',(-37.515,-64.43,10.15));
#16001 = VECTOR('',#16002,1.);
#16002 = DIRECTION('',(0.,0.,1.));
#16003 = PCURVE('',#14408,#16004);
#16004 = DEFINITIONAL_REPRESENTATION('',(#16005),#16009);
#16005 = LINE('',#16006,#16007);
#16006 = CARTESIAN_POINT('',(143.51,0.));
#16007 = VECTOR('',#16008,1.);
#16008 = DIRECTION('',(0.,-1.));
#16009 = ( GEOMETRIC_REPRESENTATION_CONTEXT(2) 
PARAMETRIC_REPRESENTATION_CONTEXT() REPRESENTATION_CONTEXT('2D SPACE',''
  ) );
#16010 = PCURVE('',#14380,#16011);
#16011 = DEFINITIONAL_REPRESENTATION('',(#16012),#16016);
#16012 = LINE('',#16013,#16014);
#16013 = CARTESIAN_POINT('',(-1.570796326795,0.));
#16014 = VECTOR('',#16015,1.);
#16015 = DIRECTION('',(-0.,1.));
#16016 = ( GEOMETRIC_REPRESENTATION_CONTEXT(2) 
PARAMETRIC_REPRESENTATION_CONTEXT() REPRESENTATION_CONTEXT('2D SPACE',''
  ) );
#16017 = ORIENTED_EDGE('',*,*,#14392,.F.);
#16018 = ORIENTED_EDGE('',*,*,#15972,.T.);
#16019 = ORIENTED_EDGE('',*,*,#15713,.T.);
#16020 = ADVANCED_FACE('',(#16021),#14380,.F.);
#16021 = FACE_BOUND('',#16022,.T.);
#16022 = EDGE_LOOP('',(#16023,#16024,#16025,#16026));
#16023 = ORIENTED_EDGE('',*,*,#15837,.F.);
#16024 = ORIENTED_EDGE('',*,*,#14359,.T.);
#16025 = ORIENTED_EDGE('',*,*,#15997,.T.);
#16026 = ORIENTED_EDGE('',*,*,#15617,.T.);
#16027 = ADVANCED_FACE('',(#16028),#14632,.F.);
#16028 = FACE_BOUND('',#16029,.F.);
#16029 = EDGE_LOOP('',(#16030,#16053,#16081,#16102));
#16030 = ORIENTED_EDGE('',*,*,#16031,.T.);
#16031 = EDGE_CURVE('',#14615,#16032,#16034,.T.);
#16032 = VERTEX_POINT('',#16033);
#16033 = CARTESIAN_POINT('',(-7.518188476562,-56.87379882812,1.6));
#16034 = SURFACE_CURVE('',#16035,(#16039,#16046),.PCURVE_S1.);
#16035 = LINE('',#16036,#16037);
#16036 = CARTESIAN_POINT('',(-7.518188476562,-56.87379882812,1.2));
#16037 = VECTOR('',#16038,1.);
#16038 = DIRECTION('',(0.,0.,1.));
#16039 = PCURVE('',#14632,#16040);
#16040 = DEFINITIONAL_REPRESENTATION('',(#16041),#16045);
#16041 = LINE('',#16042,#16043);
#16042 = CARTESIAN_POINT('',(0.,-0.));
#16043 = VECTOR('',#16044,1.);
#16044 = DIRECTION('',(0.,-1.));
#16045 = ( GEOMETRIC_REPRESENTATION_CONTEXT(2) 
PARAMETRIC_REPRESENTATION_CONTEXT() REPRESENTATION_CONTEXT('2D SPACE',''
  ) );
#16046 = PCURVE('',#14804,#16047);
#16047 = DEFINITIONAL_REPRESENTATION('',(#16048),#16052);
#16048 = LINE('',#16049,#16050);
#16049 = CARTESIAN_POINT('',(1.,0.));
#16050 = VECTOR('',#16051,1.);
#16051 = DIRECTION('',(0.,-1.));
#16052 = ( GEOMETRIC_REPRESENTATION_CONTEXT(2) 
PARAMETRIC_REPRESENTATION_CONTEXT() REPRESENTATION_CONTEXT('2D SPACE',''
  ) );
#16053 = ORIENTED_EDGE('',*,*,#16054,.T.);
#16054 = EDGE_CURVE('',#16032,#16055,#16057,.T.);
#16055 = VERTEX_POINT('',#16056);
#16056 = CARTESIAN_POINT('',(-8.090209960938,-56.87379882812,1.6));
#16057 = SURFACE_CURVE('',#16058,(#16062,#16069),.PCURVE_S1.);
#16058 = LINE('',#16059,#16060);
#16059 = CARTESIAN_POINT('',(-7.518188476562,-56.87379882812,1.6));
#16060 = VECTOR('',#16061,1.);
#16061 = DIRECTION('',(-1.,0.,0.));
#16062 = PCURVE('',#14632,#16063);
#16063 = DEFINITIONAL_REPRESENTATION('',(#16064),#16068);
#16064 = LINE('',#16065,#16066);
#16065 = CARTESIAN_POINT('',(0.,-0.4));
#16066 = VECTOR('',#16067,1.);
#16067 = DIRECTION('',(1.,0.));
#16068 = ( GEOMETRIC_REPRESENTATION_CONTEXT(2) 
PARAMETRIC_REPRESENTATION_CONTEXT() REPRESENTATION_CONTEXT('2D SPACE',''
  ) );
#16069 = PCURVE('',#16070,#16075);
#16070 = PLANE('',#16071);
#16071 = AXIS2_PLACEMENT_3D('',#16072,#16073,#16074);
#16072 = CARTESIAN_POINT('',(0.,-1.912390558419E-15,1.6));
#16073 = DIRECTION('',(0.,0.,1.));
#16074 = DIRECTION('',(1.,0.,-0.));
#16075 = DEFINITIONAL_REPRESENTATION('',(#16076),#16080);
#16076 = LINE('',#16077,#16078);
#16077 = CARTESIAN_POINT('',(-7.518188476562,-56.87379882812));
#16078 = VECTOR('',#16079,1.);
#16079 = DIRECTION('',(-1.,0.));
#16080 = ( GEOMETRIC_REPRESENTATION_CONTEXT(2) 
PARAMETRIC_REPRESENTATION_CONTEXT() REPRESENTATION_CONTEXT('2D SPACE',''
  ) );
#16081 = ORIENTED_EDGE('',*,*,#16082,.F.);
#16082 = EDGE_CURVE('',#14617,#16055,#16083,.T.);
#16083 = SURFACE_CURVE('',#16084,(#16088,#16095),.PCURVE_S1.);
#16084 = LINE('',#16085,#16086);
#16085 = CARTESIAN_POINT('',(-8.090209960938,-56.87379882812,1.2));
#16086 = VECTOR('',#16087,1.);
#16087 = DIRECTION('',(0.,0.,1.));
#16088 = PCURVE('',#14632,#16089);
#16089 = DEFINITIONAL_REPRESENTATION('',(#16090),#16094);
#16090 = LINE('',#16091,#16092);
#16091 = CARTESIAN_POINT('',(0.572021484375,0.));
#16092 = VECTOR('',#16093,1.);
#16093 = DIRECTION('',(0.,-1.));
#16094 = ( GEOMETRIC_REPRESENTATION_CONTEXT(2) 
PARAMETRIC_REPRESENTATION_CONTEXT() REPRESENTATION_CONTEXT('2D SPACE',''
  ) );
#16095 = PCURVE('',#14660,#16096);
#16096 = DEFINITIONAL_REPRESENTATION('',(#16097),#16101);
#16097 = LINE('',#16098,#16099);
#16098 = CARTESIAN_POINT('',(0.,0.));
#16099 = VECTOR('',#16100,1.);
#16100 = DIRECTION('',(0.,-1.));
#16101 = ( GEOMETRIC_REPRESENTATION_CONTEXT(2) 
PARAMETRIC_REPRESENTATION_CONTEXT() REPRESENTATION_CONTEXT('2D SPACE',''
  ) );
#16102 = ORIENTED_EDGE('',*,*,#14614,.F.);
#16103 = ADVANCED_FACE('',(#16104),#14660,.F.);
#16104 = FACE_BOUND('',#16105,.F.);
#16105 = EDGE_LOOP('',(#16106,#16107,#16130,#16151));
#16106 = ORIENTED_EDGE('',*,*,#16082,.T.);
#16107 = ORIENTED_EDGE('',*,*,#16108,.T.);
#16108 = EDGE_CURVE('',#16055,#16109,#16111,.T.);
#16109 = VERTEX_POINT('',#16110);
#16110 = CARTESIAN_POINT('',(-8.090209960938,-57.993671875,1.6));
#16111 = SURFACE_CURVE('',#16112,(#16116,#16123),.PCURVE_S1.);
#16112 = LINE('',#16113,#16114);
#16113 = CARTESIAN_POINT('',(-8.090209960938,-56.87379882812,1.6));
#16114 = VECTOR('',#16115,1.);
#16115 = DIRECTION('',(0.,-1.,0.));
#16116 = PCURVE('',#14660,#16117);
#16117 = DEFINITIONAL_REPRESENTATION('',(#16118),#16122);
#16118 = LINE('',#16119,#16120);
#16119 = CARTESIAN_POINT('',(0.,-0.4));
#16120 = VECTOR('',#16121,1.);
#16121 = DIRECTION('',(1.,0.));
#16122 = ( GEOMETRIC_REPRESENTATION_CONTEXT(2) 
PARAMETRIC_REPRESENTATION_CONTEXT() REPRESENTATION_CONTEXT('2D SPACE',''
  ) );
#16123 = PCURVE('',#16070,#16124);
#16124 = DEFINITIONAL_REPRESENTATION('',(#16125),#16129);
#16125 = LINE('',#16126,#16127);
#16126 = CARTESIAN_POINT('',(-8.090209960938,-56.87379882812));
#16127 = VECTOR('',#16128,1.);
#16128 = DIRECTION('',(0.,-1.));
#16129 = ( GEOMETRIC_REPRESENTATION_CONTEXT(2) 
PARAMETRIC_REPRESENTATION_CONTEXT() REPRESENTATION_CONTEXT('2D SPACE',''
  ) );
#16130 = ORIENTED_EDGE('',*,*,#16131,.F.);
#16131 = EDGE_CURVE('',#14645,#16109,#16132,.T.);
#16132 = SURFACE_CURVE('',#16133,(#16137,#16144),.PCURVE_S1.);
#16133 = LINE('',#16134,#16135);
#16134 = CARTESIAN_POINT('',(-8.090209960938,-57.993671875,1.2));
#16135 = VECTOR('',#16136,1.);
#16136 = DIRECTION('',(0.,0.,1.));
#16137 = PCURVE('',#14660,#16138);
#16138 = DEFINITIONAL_REPRESENTATION('',(#16139),#16143);
#16139 = LINE('',#16140,#16141);
#16140 = CARTESIAN_POINT('',(1.119873046875,0.));
#16141 = VECTOR('',#16142,1.);
#16142 = DIRECTION('',(0.,-1.));
#16143 = ( GEOMETRIC_REPRESENTATION_CONTEXT(2) 
PARAMETRIC_REPRESENTATION_CONTEXT() REPRESENTATION_CONTEXT('2D SPACE',''
  ) );
#16144 = PCURVE('',#14688,#16145);
#16145 = DEFINITIONAL_REPRESENTATION('',(#16146),#16150);
#16146 = LINE('',#16147,#16148);
#16147 = CARTESIAN_POINT('',(0.,0.));
#16148 = VECTOR('',#16149,1.);
#16149 = DIRECTION('',(0.,-1.));
#16150 = ( GEOMETRIC_REPRESENTATION_CONTEXT(2) 
PARAMETRIC_REPRESENTATION_CONTEXT() REPRESENTATION_CONTEXT('2D SPACE',''
  ) );
#16151 = ORIENTED_EDGE('',*,*,#14644,.F.);
#16152 = ADVANCED_FACE('',(#16153),#14688,.F.);
#16153 = FACE_BOUND('',#16154,.F.);
#16154 = EDGE_LOOP('',(#16155,#16156,#16179,#16200));
#16155 = ORIENTED_EDGE('',*,*,#16131,.T.);
#16156 = ORIENTED_EDGE('',*,*,#16157,.T.);
#16157 = EDGE_CURVE('',#16109,#16158,#16160,.T.);
#16158 = VERTEX_POINT('',#16159);
#16159 = CARTESIAN_POINT('',(-7.518188476562,-57.993671875,1.6));
#16160 = SURFACE_CURVE('',#16161,(#16165,#16172),.PCURVE_S1.);
#16161 = LINE('',#16162,#16163);
#16162 = CARTESIAN_POINT('',(-8.090209960938,-57.993671875,1.6));
#16163 = VECTOR('',#16164,1.);
#16164 = DIRECTION('',(1.,0.,0.));
#16165 = PCURVE('',#14688,#16166);
#16166 = DEFINITIONAL_REPRESENTATION('',(#16167),#16171);
#16167 = LINE('',#16168,#16169);
#16168 = CARTESIAN_POINT('',(0.,-0.4));
#16169 = VECTOR('',#16170,1.);
#16170 = DIRECTION('',(1.,0.));
#16171 = ( GEOMETRIC_REPRESENTATION_CONTEXT(2) 
PARAMETRIC_REPRESENTATION_CONTEXT() REPRESENTATION_CONTEXT('2D SPACE',''
  ) );
#16172 = PCURVE('',#16070,#16173);
#16173 = DEFINITIONAL_REPRESENTATION('',(#16174),#16178);
#16174 = LINE('',#16175,#16176);
#16175 = CARTESIAN_POINT('',(-8.090209960938,-57.993671875));
#16176 = VECTOR('',#16177,1.);
#16177 = DIRECTION('',(1.,0.));
#16178 = ( GEOMETRIC_REPRESENTATION_CONTEXT(2) 
PARAMETRIC_REPRESENTATION_CONTEXT() REPRESENTATION_CONTEXT('2D SPACE',''
  ) );
#16179 = ORIENTED_EDGE('',*,*,#16180,.F.);
#16180 = EDGE_CURVE('',#14673,#16158,#16181,.T.);
#16181 = SURFACE_CURVE('',#16182,(#16186,#16193),.PCURVE_S1.);
#16182 = LINE('',#16183,#16184);
#16183 = CARTESIAN_POINT('',(-7.518188476562,-57.993671875,1.2));
#16184 = VECTOR('',#16185,1.);
#16185 = DIRECTION('',(0.,0.,1.));
#16186 = PCURVE('',#14688,#16187);
#16187 = DEFINITIONAL_REPRESENTATION('',(#16188),#16192);
#16188 = LINE('',#16189,#16190);
#16189 = CARTESIAN_POINT('',(0.572021484375,0.));
#16190 = VECTOR('',#16191,1.);
#16191 = DIRECTION('',(0.,-1.));
#16192 = ( GEOMETRIC_REPRESENTATION_CONTEXT(2) 
PARAMETRIC_REPRESENTATION_CONTEXT() REPRESENTATION_CONTEXT('2D SPACE',''
  ) );
#16193 = PCURVE('',#14716,#16194);
#16194 = DEFINITIONAL_REPRESENTATION('',(#16195),#16199);
#16195 = LINE('',#16196,#16197);
#16196 = CARTESIAN_POINT('',(0.,0.));
#16197 = VECTOR('',#16198,1.);
#16198 = DIRECTION('',(0.,-1.));
#16199 = ( GEOMETRIC_REPRESENTATION_CONTEXT(2) 
PARAMETRIC_REPRESENTATION_CONTEXT() REPRESENTATION_CONTEXT('2D SPACE',''
  ) );
#16200 = ORIENTED_EDGE('',*,*,#14672,.F.);
#16201 = ADVANCED_FACE('',(#16202),#14716,.F.);
#16202 = FACE_BOUND('',#16203,.F.);
#16203 = EDGE_LOOP('',(#16204,#16205,#16228,#16249));
#16204 = ORIENTED_EDGE('',*,*,#16180,.T.);
#16205 = ORIENTED_EDGE('',*,*,#16206,.T.);
#16206 = EDGE_CURVE('',#16158,#16207,#16209,.T.);
#16207 = VERTEX_POINT('',#16208);
#16208 = CARTESIAN_POINT('',(-7.053588867188,-57.84730957031,1.6));
#16209 = SURFACE_CURVE('',#16210,(#16214,#16221),.PCURVE_S1.);
#16210 = B_SPLINE_CURVE_WITH_KNOTS('',2,(#16211,#16212,#16213),
  .UNSPECIFIED.,.F.,.F.,(3,3),(0.,1.),.PIECEWISE_BEZIER_KNOTS.);
#16211 = CARTESIAN_POINT('',(-7.518188476562,-57.993671875,1.6));
#16212 = CARTESIAN_POINT('',(-7.217407226562,-57.993671875,1.6));
#16213 = CARTESIAN_POINT('',(-7.053588867188,-57.84730957031,1.6));
#16214 = PCURVE('',#14716,#16215);
#16215 = DEFINITIONAL_REPRESENTATION('',(#16216),#16220);
#16216 = LINE('',#16217,#16218);
#16217 = CARTESIAN_POINT('',(0.,-0.4));
#16218 = VECTOR('',#16219,1.);
#16219 = DIRECTION('',(1.,0.));
#16220 = ( GEOMETRIC_REPRESENTATION_CONTEXT(2) 
PARAMETRIC_REPRESENTATION_CONTEXT() REPRESENTATION_CONTEXT('2D SPACE',''
  ) );
#16221 = PCURVE('',#16070,#16222);
#16222 = DEFINITIONAL_REPRESENTATION('',(#16223),#16227);
#16223 = B_SPLINE_CURVE_WITH_KNOTS('',2,(#16224,#16225,#16226),
  .UNSPECIFIED.,.F.,.F.,(3,3),(0.,1.),.PIECEWISE_BEZIER_KNOTS.);
#16224 = CARTESIAN_POINT('',(-7.518188476562,-57.993671875));
#16225 = CARTESIAN_POINT('',(-7.217407226562,-57.993671875));
#16226 = CARTESIAN_POINT('',(-7.053588867188,-57.84730957031));
#16227 = ( GEOMETRIC_REPRESENTATION_CONTEXT(2) 
PARAMETRIC_REPRESENTATION_CONTEXT() REPRESENTATION_CONTEXT('2D SPACE',''
  ) );
#16228 = ORIENTED_EDGE('',*,*,#16229,.F.);
#16229 = EDGE_CURVE('',#14701,#16207,#16230,.T.);
#16230 = SURFACE_CURVE('',#16231,(#16235,#16242),.PCURVE_S1.);
#16231 = LINE('',#16232,#16233);
#16232 = CARTESIAN_POINT('',(-7.053588867188,-57.84730957031,1.2));
#16233 = VECTOR('',#16234,1.);
#16234 = DIRECTION('',(0.,0.,1.));
#16235 = PCURVE('',#14716,#16236);
#16236 = DEFINITIONAL_REPRESENTATION('',(#16237),#16241);
#16237 = LINE('',#16238,#16239);
#16238 = CARTESIAN_POINT('',(1.,0.));
#16239 = VECTOR('',#16240,1.);
#16240 = DIRECTION('',(0.,-1.));
#16241 = ( GEOMETRIC_REPRESENTATION_CONTEXT(2) 
PARAMETRIC_REPRESENTATION_CONTEXT() REPRESENTATION_CONTEXT('2D SPACE',''
  ) );
#16242 = PCURVE('',#14746,#16243);
#16243 = DEFINITIONAL_REPRESENTATION('',(#16244),#16248);
#16244 = LINE('',#16245,#16246);
#16245 = CARTESIAN_POINT('',(0.,0.));
#16246 = VECTOR('',#16247,1.);
#16247 = DIRECTION('',(0.,-1.));
#16248 = ( GEOMETRIC_REPRESENTATION_CONTEXT(2) 
PARAMETRIC_REPRESENTATION_CONTEXT() REPRESENTATION_CONTEXT('2D SPACE',''
  ) );
#16249 = ORIENTED_EDGE('',*,*,#14700,.F.);
#16250 = ADVANCED_FACE('',(#16251),#14746,.F.);
#16251 = FACE_BOUND('',#16252,.F.);
#16252 = EDGE_LOOP('',(#16253,#16254,#16277,#16298));
#16253 = ORIENTED_EDGE('',*,*,#16229,.T.);
#16254 = ORIENTED_EDGE('',*,*,#16255,.T.);
#16255 = EDGE_CURVE('',#16207,#16256,#16258,.T.);
#16256 = VERTEX_POINT('',#16257);
#16257 = CARTESIAN_POINT('',(-6.889770507812,-57.43239257812,1.6));
#16258 = SURFACE_CURVE('',#16259,(#16263,#16270),.PCURVE_S1.);
#16259 = B_SPLINE_CURVE_WITH_KNOTS('',2,(#16260,#16261,#16262),
  .UNSPECIFIED.,.F.,.F.,(3,3),(0.,1.),.PIECEWISE_BEZIER_KNOTS.);
#16260 = CARTESIAN_POINT('',(-7.053588867188,-57.84730957031,1.6));
#16261 = CARTESIAN_POINT('',(-6.889770507812,-57.70094726562,1.6));
#16262 = CARTESIAN_POINT('',(-6.889770507812,-57.43239257812,1.6));
#16263 = PCURVE('',#14746,#16264);
#16264 = DEFINITIONAL_REPRESENTATION('',(#16265),#16269);
#16265 = LINE('',#16266,#16267);
#16266 = CARTESIAN_POINT('',(0.,-0.4));
#16267 = VECTOR('',#16268,1.);
#16268 = DIRECTION('',(1.,0.));
#16269 = ( GEOMETRIC_REPRESENTATION_CONTEXT(2) 
PARAMETRIC_REPRESENTATION_CONTEXT() REPRESENTATION_CONTEXT('2D SPACE',''
  ) );
#16270 = PCURVE('',#16070,#16271);
#16271 = DEFINITIONAL_REPRESENTATION('',(#16272),#16276);
#16272 = B_SPLINE_CURVE_WITH_KNOTS('',2,(#16273,#16274,#16275),
  .UNSPECIFIED.,.F.,.F.,(3,3),(0.,1.),.PIECEWISE_BEZIER_KNOTS.);
#16273 = CARTESIAN_POINT('',(-7.053588867188,-57.84730957031));
#16274 = CARTESIAN_POINT('',(-6.889770507812,-57.70094726562));
#16275 = CARTESIAN_POINT('',(-6.889770507812,-57.43239257812));
#16276 = ( GEOMETRIC_REPRESENTATION_CONTEXT(2) 
PARAMETRIC_REPRESENTATION_CONTEXT() REPRESENTATION_CONTEXT('2D SPACE',''
  ) );
#16277 = ORIENTED_EDGE('',*,*,#16278,.F.);
#16278 = EDGE_CURVE('',#14731,#16256,#16279,.T.);
#16279 = SURFACE_CURVE('',#16280,(#16284,#16291),.PCURVE_S1.);
#16280 = LINE('',#16281,#16282);
#16281 = CARTESIAN_POINT('',(-6.889770507812,-57.43239257812,1.2));
#16282 = VECTOR('',#16283,1.);
#16283 = DIRECTION('',(0.,0.,1.));
#16284 = PCURVE('',#14746,#16285);
#16285 = DEFINITIONAL_REPRESENTATION('',(#16286),#16290);
#16286 = LINE('',#16287,#16288);
#16287 = CARTESIAN_POINT('',(1.,0.));
#16288 = VECTOR('',#16289,1.);
#16289 = DIRECTION('',(0.,-1.));
#16290 = ( GEOMETRIC_REPRESENTATION_CONTEXT(2) 
PARAMETRIC_REPRESENTATION_CONTEXT() REPRESENTATION_CONTEXT('2D SPACE',''
  ) );
#16291 = PCURVE('',#14776,#16292);
#16292 = DEFINITIONAL_REPRESENTATION('',(#16293),#16297);
#16293 = LINE('',#16294,#16295);
#16294 = CARTESIAN_POINT('',(0.,0.));
#16295 = VECTOR('',#16296,1.);
#16296 = DIRECTION('',(0.,-1.));
#16297 = ( GEOMETRIC_REPRESENTATION_CONTEXT(2) 
PARAMETRIC_REPRESENTATION_CONTEXT() REPRESENTATION_CONTEXT('2D SPACE',''
  ) );
#16298 = ORIENTED_EDGE('',*,*,#14730,.F.);
#16299 = ADVANCED_FACE('',(#16300),#14776,.F.);
#16300 = FACE_BOUND('',#16301,.F.);
#16301 = EDGE_LOOP('',(#16302,#16303,#16326,#16347));
#16302 = ORIENTED_EDGE('',*,*,#16278,.T.);
#16303 = ORIENTED_EDGE('',*,*,#16304,.T.);
#16304 = EDGE_CURVE('',#16256,#16305,#16307,.T.);
#16305 = VERTEX_POINT('',#16306);
#16306 = CARTESIAN_POINT('',(-7.053588867188,-57.01881835937,1.6));
#16307 = SURFACE_CURVE('',#16308,(#16312,#16319),.PCURVE_S1.);
#16308 = B_SPLINE_CURVE_WITH_KNOTS('',2,(#16309,#16310,#16311),
  .UNSPECIFIED.,.F.,.F.,(3,3),(0.,1.),.PIECEWISE_BEZIER_KNOTS.);
#16309 = CARTESIAN_POINT('',(-6.889770507812,-57.43239257812,1.6));
#16310 = CARTESIAN_POINT('',(-6.889770507812,-57.16383789062,1.6));
#16311 = CARTESIAN_POINT('',(-7.053588867188,-57.01881835937,1.6));
#16312 = PCURVE('',#14776,#16313);
#16313 = DEFINITIONAL_REPRESENTATION('',(#16314),#16318);
#16314 = LINE('',#16315,#16316);
#16315 = CARTESIAN_POINT('',(0.,-0.4));
#16316 = VECTOR('',#16317,1.);
#16317 = DIRECTION('',(1.,0.));
#16318 = ( GEOMETRIC_REPRESENTATION_CONTEXT(2) 
PARAMETRIC_REPRESENTATION_CONTEXT() REPRESENTATION_CONTEXT('2D SPACE',''
  ) );
#16319 = PCURVE('',#16070,#16320);
#16320 = DEFINITIONAL_REPRESENTATION('',(#16321),#16325);
#16321 = B_SPLINE_CURVE_WITH_KNOTS('',2,(#16322,#16323,#16324),
  .UNSPECIFIED.,.F.,.F.,(3,3),(0.,1.),.PIECEWISE_BEZIER_KNOTS.);
#16322 = CARTESIAN_POINT('',(-6.889770507812,-57.43239257812));
#16323 = CARTESIAN_POINT('',(-6.889770507812,-57.16383789062));
#16324 = CARTESIAN_POINT('',(-7.053588867188,-57.01881835937));
#16325 = ( GEOMETRIC_REPRESENTATION_CONTEXT(2) 
PARAMETRIC_REPRESENTATION_CONTEXT() REPRESENTATION_CONTEXT('2D SPACE',''
  ) );
#16326 = ORIENTED_EDGE('',*,*,#16327,.F.);
#16327 = EDGE_CURVE('',#14761,#16305,#16328,.T.);
#16328 = SURFACE_CURVE('',#16329,(#16333,#16340),.PCURVE_S1.);
#16329 = LINE('',#16330,#16331);
#16330 = CARTESIAN_POINT('',(-7.053588867188,-57.01881835937,1.2));
#16331 = VECTOR('',#16332,1.);
#16332 = DIRECTION('',(0.,0.,1.));
#16333 = PCURVE('',#14776,#16334);
#16334 = DEFINITIONAL_REPRESENTATION('',(#16335),#16339);
#16335 = LINE('',#16336,#16337);
#16336 = CARTESIAN_POINT('',(1.,0.));
#16337 = VECTOR('',#16338,1.);
#16338 = DIRECTION('',(0.,-1.));
#16339 = ( GEOMETRIC_REPRESENTATION_CONTEXT(2) 
PARAMETRIC_REPRESENTATION_CONTEXT() REPRESENTATION_CONTEXT('2D SPACE',''
  ) );
#16340 = PCURVE('',#14804,#16341);
#16341 = DEFINITIONAL_REPRESENTATION('',(#16342),#16346);
#16342 = LINE('',#16343,#16344);
#16343 = CARTESIAN_POINT('',(0.,0.));
#16344 = VECTOR('',#16345,1.);
#16345 = DIRECTION('',(0.,-1.));
#16346 = ( GEOMETRIC_REPRESENTATION_CONTEXT(2) 
PARAMETRIC_REPRESENTATION_CONTEXT() REPRESENTATION_CONTEXT('2D SPACE',''
  ) );
#16347 = ORIENTED_EDGE('',*,*,#14760,.F.);
#16348 = ADVANCED_FACE('',(#16349),#14804,.F.);
#16349 = FACE_BOUND('',#16350,.F.);
#16350 = EDGE_LOOP('',(#16351,#16352,#16373,#16374));
#16351 = ORIENTED_EDGE('',*,*,#16327,.T.);
#16352 = ORIENTED_EDGE('',*,*,#16353,.T.);
#16353 = EDGE_CURVE('',#16305,#16032,#16354,.T.);
#16354 = SURFACE_CURVE('',#16355,(#16359,#16366),.PCURVE_S1.);
#16355 = B_SPLINE_CURVE_WITH_KNOTS('',2,(#16356,#16357,#16358),
  .UNSPECIFIED.,.F.,.F.,(3,3),(0.,1.),.PIECEWISE_BEZIER_KNOTS.);
#16356 = CARTESIAN_POINT('',(-7.053588867188,-57.01881835937,1.6));
#16357 = CARTESIAN_POINT('',(-7.217407226562,-56.87379882812,1.6));
#16358 = CARTESIAN_POINT('',(-7.518188476562,-56.87379882812,1.6));
#16359 = PCURVE('',#14804,#16360);
#16360 = DEFINITIONAL_REPRESENTATION('',(#16361),#16365);
#16361 = LINE('',#16362,#16363);
#16362 = CARTESIAN_POINT('',(0.,-0.4));
#16363 = VECTOR('',#16364,1.);
#16364 = DIRECTION('',(1.,0.));
#16365 = ( GEOMETRIC_REPRESENTATION_CONTEXT(2) 
PARAMETRIC_REPRESENTATION_CONTEXT() REPRESENTATION_CONTEXT('2D SPACE',''
  ) );
#16366 = PCURVE('',#16070,#16367);
#16367 = DEFINITIONAL_REPRESENTATION('',(#16368),#16372);
#16368 = B_SPLINE_CURVE_WITH_KNOTS('',2,(#16369,#16370,#16371),
  .UNSPECIFIED.,.F.,.F.,(3,3),(0.,1.),.PIECEWISE_BEZIER_KNOTS.);
#16369 = CARTESIAN_POINT('',(-7.053588867188,-57.01881835937));
#16370 = CARTESIAN_POINT('',(-7.217407226562,-56.87379882812));
#16371 = CARTESIAN_POINT('',(-7.518188476562,-56.87379882812));
#16372 = ( GEOMETRIC_REPRESENTATION_CONTEXT(2) 
PARAMETRIC_REPRESENTATION_CONTEXT() REPRESENTATION_CONTEXT('2D SPACE',''
  ) );
#16373 = ORIENTED_EDGE('',*,*,#16031,.F.);
#16374 = ORIENTED_EDGE('',*,*,#14790,.F.);
#16375 = ADVANCED_FACE('',(#16376),#14857,.F.);
#16376 = FACE_BOUND('',#16377,.F.);
#16377 = EDGE_LOOP('',(#16378,#16401,#16429,#16450));
#16378 = ORIENTED_EDGE('',*,*,#16379,.T.);
#16379 = EDGE_CURVE('',#14840,#16380,#16382,.T.);
#16380 = VERTEX_POINT('',#16381);
#16381 = CARTESIAN_POINT('',(-4.059204101562,-57.90236328125,1.6));
#16382 = SURFACE_CURVE('',#16383,(#16387,#16394),.PCURVE_S1.);
#16383 = LINE('',#16384,#16385);
#16384 = CARTESIAN_POINT('',(-4.059204101562,-57.90236328125,1.2));
#16385 = VECTOR('',#16386,1.);
#16386 = DIRECTION('',(0.,0.,1.));
#16387 = PCURVE('',#14857,#16388);
#16388 = DEFINITIONAL_REPRESENTATION('',(#16389),#16393);
#16389 = LINE('',#16390,#16391);
#16390 = CARTESIAN_POINT('',(0.,0.));
#16391 = VECTOR('',#16392,1.);
#16392 = DIRECTION('',(0.,-1.));
#16393 = ( GEOMETRIC_REPRESENTATION_CONTEXT(2) 
PARAMETRIC_REPRESENTATION_CONTEXT() REPRESENTATION_CONTEXT('2D SPACE',''
  ) );
#16394 = PCURVE('',#15031,#16395);
#16395 = DEFINITIONAL_REPRESENTATION('',(#16396),#16400);
#16396 = LINE('',#16397,#16398);
#16397 = CARTESIAN_POINT('',(1.028564453125,0.));
#16398 = VECTOR('',#16399,1.);
#16399 = DIRECTION('',(0.,-1.));
#16400 = ( GEOMETRIC_REPRESENTATION_CONTEXT(2) 
PARAMETRIC_REPRESENTATION_CONTEXT() REPRESENTATION_CONTEXT('2D SPACE',''
  ) );
#16401 = ORIENTED_EDGE('',*,*,#16402,.T.);
#16402 = EDGE_CURVE('',#16380,#16403,#16405,.T.);
#16403 = VERTEX_POINT('',#16404);
#16404 = CARTESIAN_POINT('',(-3.624145507812,-57.90236328125,1.6));
#16405 = SURFACE_CURVE('',#16406,(#16410,#16417),.PCURVE_S1.);
#16406 = LINE('',#16407,#16408);
#16407 = CARTESIAN_POINT('',(-4.059204101562,-57.90236328125,1.6));
#16408 = VECTOR('',#16409,1.);
#16409 = DIRECTION('',(1.,0.,0.));
#16410 = PCURVE('',#14857,#16411);
#16411 = DEFINITIONAL_REPRESENTATION('',(#16412),#16416);
#16412 = LINE('',#16413,#16414);
#16413 = CARTESIAN_POINT('',(0.,-0.4));
#16414 = VECTOR('',#16415,1.);
#16415 = DIRECTION('',(1.,0.));
#16416 = ( GEOMETRIC_REPRESENTATION_CONTEXT(2) 
PARAMETRIC_REPRESENTATION_CONTEXT() REPRESENTATION_CONTEXT('2D SPACE',''
  ) );
#16417 = PCURVE('',#16418,#16423);
#16418 = PLANE('',#16419);
#16419 = AXIS2_PLACEMENT_3D('',#16420,#16421,#16422);
#16420 = CARTESIAN_POINT('',(0.,-1.912390558419E-15,1.6));
#16421 = DIRECTION('',(0.,0.,1.));
#16422 = DIRECTION('',(1.,0.,-0.));
#16423 = DEFINITIONAL_REPRESENTATION('',(#16424),#16428);
#16424 = LINE('',#16425,#16426);
#16425 = CARTESIAN_POINT('',(-4.059204101562,-57.90236328125));
#16426 = VECTOR('',#16427,1.);
#16427 = DIRECTION('',(1.,0.));
#16428 = ( GEOMETRIC_REPRESENTATION_CONTEXT(2) 
PARAMETRIC_REPRESENTATION_CONTEXT() REPRESENTATION_CONTEXT('2D SPACE',''
  ) );
#16429 = ORIENTED_EDGE('',*,*,#16430,.F.);
#16430 = EDGE_CURVE('',#14842,#16403,#16431,.T.);
#16431 = SURFACE_CURVE('',#16432,(#16436,#16443),.PCURVE_S1.);
#16432 = LINE('',#16433,#16434);
#16433 = CARTESIAN_POINT('',(-3.624145507812,-57.90236328125,1.2));
#16434 = VECTOR('',#16435,1.);
#16435 = DIRECTION('',(0.,0.,1.));
#16436 = PCURVE('',#14857,#16437);
#16437 = DEFINITIONAL_REPRESENTATION('',(#16438),#16442);
#16438 = LINE('',#16439,#16440);
#16439 = CARTESIAN_POINT('',(0.43505859375,0.));
#16440 = VECTOR('',#16441,1.);
#16441 = DIRECTION('',(0.,-1.));
#16442 = ( GEOMETRIC_REPRESENTATION_CONTEXT(2) 
PARAMETRIC_REPRESENTATION_CONTEXT() REPRESENTATION_CONTEXT('2D SPACE',''
  ) );
#16443 = PCURVE('',#14885,#16444);
#16444 = DEFINITIONAL_REPRESENTATION('',(#16445),#16449);
#16445 = LINE('',#16446,#16447);
#16446 = CARTESIAN_POINT('',(0.,0.));
#16447 = VECTOR('',#16448,1.);
#16448 = DIRECTION('',(0.,-1.));
#16449 = ( GEOMETRIC_REPRESENTATION_CONTEXT(2) 
PARAMETRIC_REPRESENTATION_CONTEXT() REPRESENTATION_CONTEXT('2D SPACE',''
  ) );
#16450 = ORIENTED_EDGE('',*,*,#14839,.F.);
#16451 = ADVANCED_FACE('',(#16452),#14885,.F.);
#16452 = FACE_BOUND('',#16453,.F.);
#16453 = EDGE_LOOP('',(#16454,#16455,#16478,#16499));
#16454 = ORIENTED_EDGE('',*,*,#16430,.T.);
#16455 = ORIENTED_EDGE('',*,*,#16456,.T.);
#16456 = EDGE_CURVE('',#16403,#16457,#16459,.T.);
#16457 = VERTEX_POINT('',#16458);
#16458 = CARTESIAN_POINT('',(-3.158203125,-57.78151367187,1.6));
#16459 = SURFACE_CURVE('',#16460,(#16464,#16471),.PCURVE_S1.);
#16460 = B_SPLINE_CURVE_WITH_KNOTS('',2,(#16461,#16462,#16463),
  .UNSPECIFIED.,.F.,.F.,(3,3),(0.,1.),.PIECEWISE_BEZIER_KNOTS.);
#16461 = CARTESIAN_POINT('',(-3.624145507812,-57.90236328125,1.6));
#16462 = CARTESIAN_POINT('',(-3.299194335938,-57.90236328125,1.6));
#16463 = CARTESIAN_POINT('',(-3.158203125,-57.78151367187,1.6));
#16464 = PCURVE('',#14885,#16465);
#16465 = DEFINITIONAL_REPRESENTATION('',(#16466),#16470);
#16466 = LINE('',#16467,#16468);
#16467 = CARTESIAN_POINT('',(0.,-0.4));
#16468 = VECTOR('',#16469,1.);
#16469 = DIRECTION('',(1.,0.));
#16470 = ( GEOMETRIC_REPRESENTATION_CONTEXT(2) 
PARAMETRIC_REPRESENTATION_CONTEXT() REPRESENTATION_CONTEXT('2D SPACE',''
  ) );
#16471 = PCURVE('',#16418,#16472);
#16472 = DEFINITIONAL_REPRESENTATION('',(#16473),#16477);
#16473 = B_SPLINE_CURVE_WITH_KNOTS('',2,(#16474,#16475,#16476),
  .UNSPECIFIED.,.F.,.F.,(3,3),(0.,1.),.PIECEWISE_BEZIER_KNOTS.);
#16474 = CARTESIAN_POINT('',(-3.624145507812,-57.90236328125));
#16475 = CARTESIAN_POINT('',(-3.299194335938,-57.90236328125));
#16476 = CARTESIAN_POINT('',(-3.158203125,-57.78151367187));
#16477 = ( GEOMETRIC_REPRESENTATION_CONTEXT(2) 
PARAMETRIC_REPRESENTATION_CONTEXT() REPRESENTATION_CONTEXT('2D SPACE',''
  ) );
#16478 = ORIENTED_EDGE('',*,*,#16479,.F.);
#16479 = EDGE_CURVE('',#14870,#16457,#16480,.T.);
#16480 = SURFACE_CURVE('',#16481,(#16485,#16492),.PCURVE_S1.);
#16481 = LINE('',#16482,#16483);
#16482 = CARTESIAN_POINT('',(-3.158203125,-57.78151367187,1.2));
#16483 = VECTOR('',#16484,1.);
#16484 = DIRECTION('',(0.,0.,1.));
#16485 = PCURVE('',#14885,#16486);
#16486 = DEFINITIONAL_REPRESENTATION('',(#16487),#16491);
#16487 = LINE('',#16488,#16489);
#16488 = CARTESIAN_POINT('',(1.,0.));
#16489 = VECTOR('',#16490,1.);
#16490 = DIRECTION('',(0.,-1.));
#16491 = ( GEOMETRIC_REPRESENTATION_CONTEXT(2) 
PARAMETRIC_REPRESENTATION_CONTEXT() REPRESENTATION_CONTEXT('2D SPACE',''
  ) );
#16492 = PCURVE('',#14915,#16493);
#16493 = DEFINITIONAL_REPRESENTATION('',(#16494),#16498);
#16494 = LINE('',#16495,#16496);
#16495 = CARTESIAN_POINT('',(0.,0.));
#16496 = VECTOR('',#16497,1.);
#16497 = DIRECTION('',(0.,-1.));
#16498 = ( GEOMETRIC_REPRESENTATION_CONTEXT(2) 
PARAMETRIC_REPRESENTATION_CONTEXT() REPRESENTATION_CONTEXT('2D SPACE',''
  ) );
#16499 = ORIENTED_EDGE('',*,*,#14869,.F.);
#16500 = ADVANCED_FACE('',(#16501),#14915,.F.);
#16501 = FACE_BOUND('',#16502,.F.);
#16502 = EDGE_LOOP('',(#16503,#16504,#16527,#16548));
#16503 = ORIENTED_EDGE('',*,*,#16479,.T.);
#16504 = ORIENTED_EDGE('',*,*,#16505,.T.);
#16505 = EDGE_CURVE('',#16457,#16506,#16508,.T.);
#16506 = VERTEX_POINT('',#16507);
#16507 = CARTESIAN_POINT('',(-3.017211914062,-57.38405273437,1.6));
#16508 = SURFACE_CURVE('',#16509,(#16513,#16520),.PCURVE_S1.);
#16509 = B_SPLINE_CURVE_WITH_KNOTS('',2,(#16510,#16511,#16512),
  .UNSPECIFIED.,.F.,.F.,(3,3),(0.,1.),.PIECEWISE_BEZIER_KNOTS.);
#16510 = CARTESIAN_POINT('',(-3.158203125,-57.78151367187,1.6));
#16511 = CARTESIAN_POINT('',(-3.017211914062,-57.6606640625,1.6));
#16512 = CARTESIAN_POINT('',(-3.017211914062,-57.38405273437,1.6));
#16513 = PCURVE('',#14915,#16514);
#16514 = DEFINITIONAL_REPRESENTATION('',(#16515),#16519);
#16515 = LINE('',#16516,#16517);
#16516 = CARTESIAN_POINT('',(0.,-0.4));
#16517 = VECTOR('',#16518,1.);
#16518 = DIRECTION('',(1.,0.));
#16519 = ( GEOMETRIC_REPRESENTATION_CONTEXT(2) 
PARAMETRIC_REPRESENTATION_CONTEXT() REPRESENTATION_CONTEXT('2D SPACE',''
  ) );
#16520 = PCURVE('',#16418,#16521);
#16521 = DEFINITIONAL_REPRESENTATION('',(#16522),#16526);
#16522 = B_SPLINE_CURVE_WITH_KNOTS('',2,(#16523,#16524,#16525),
  .UNSPECIFIED.,.F.,.F.,(3,3),(0.,1.),.PIECEWISE_BEZIER_KNOTS.);
#16523 = CARTESIAN_POINT('',(-3.158203125,-57.78151367187));
#16524 = CARTESIAN_POINT('',(-3.017211914062,-57.6606640625));
#16525 = CARTESIAN_POINT('',(-3.017211914062,-57.38405273437));
#16526 = ( GEOMETRIC_REPRESENTATION_CONTEXT(2) 
PARAMETRIC_REPRESENTATION_CONTEXT() REPRESENTATION_CONTEXT('2D SPACE',''
  ) );
#16527 = ORIENTED_EDGE('',*,*,#16528,.F.);
#16528 = EDGE_CURVE('',#14900,#16506,#16529,.T.);
#16529 = SURFACE_CURVE('',#16530,(#16534,#16541),.PCURVE_S1.);
#16530 = LINE('',#16531,#16532);
#16531 = CARTESIAN_POINT('',(-3.017211914062,-57.38405273437,1.2));
#16532 = VECTOR('',#16533,1.);
#16533 = DIRECTION('',(0.,0.,1.));
#16534 = PCURVE('',#14915,#16535);
#16535 = DEFINITIONAL_REPRESENTATION('',(#16536),#16540);
#16536 = LINE('',#16537,#16538);
#16537 = CARTESIAN_POINT('',(1.,0.));
#16538 = VECTOR('',#16539,1.);
#16539 = DIRECTION('',(0.,-1.));
#16540 = ( GEOMETRIC_REPRESENTATION_CONTEXT(2) 
PARAMETRIC_REPRESENTATION_CONTEXT() REPRESENTATION_CONTEXT('2D SPACE',''
  ) );
#16541 = PCURVE('',#14945,#16542);
#16542 = DEFINITIONAL_REPRESENTATION('',(#16543),#16547);
#16543 = LINE('',#16544,#16545);
#16544 = CARTESIAN_POINT('',(0.,0.));
#16545 = VECTOR('',#16546,1.);
#16546 = DIRECTION('',(0.,-1.));
#16547 = ( GEOMETRIC_REPRESENTATION_CONTEXT(2) 
PARAMETRIC_REPRESENTATION_CONTEXT() REPRESENTATION_CONTEXT('2D SPACE',''
  ) );
#16548 = ORIENTED_EDGE('',*,*,#14899,.F.);
#16549 = ADVANCED_FACE('',(#16550),#14945,.F.);
#16550 = FACE_BOUND('',#16551,.F.);
#16551 = EDGE_LOOP('',(#16552,#16553,#16576,#16597));
#16552 = ORIENTED_EDGE('',*,*,#16528,.T.);
#16553 = ORIENTED_EDGE('',*,*,#16554,.T.);
#16554 = EDGE_CURVE('',#16506,#16555,#16557,.T.);
#16555 = VERTEX_POINT('',#16556);
#16556 = CARTESIAN_POINT('',(-3.158203125,-56.99196289062,1.6));
#16557 = SURFACE_CURVE('',#16558,(#16562,#16569),.PCURVE_S1.);
#16558 = B_SPLINE_CURVE_WITH_KNOTS('',2,(#16559,#16560,#16561),
  .UNSPECIFIED.,.F.,.F.,(3,3),(0.,1.),.PIECEWISE_BEZIER_KNOTS.);
#16559 = CARTESIAN_POINT('',(-3.017211914062,-57.38405273437,1.6));
#16560 = CARTESIAN_POINT('',(-3.017211914062,-57.11012695312,1.6));
#16561 = CARTESIAN_POINT('',(-3.158203125,-56.99196289062,1.6));
#16562 = PCURVE('',#14945,#16563);
#16563 = DEFINITIONAL_REPRESENTATION('',(#16564),#16568);
#16564 = LINE('',#16565,#16566);
#16565 = CARTESIAN_POINT('',(0.,-0.4));
#16566 = VECTOR('',#16567,1.);
#16567 = DIRECTION('',(1.,0.));
#16568 = ( GEOMETRIC_REPRESENTATION_CONTEXT(2) 
PARAMETRIC_REPRESENTATION_CONTEXT() REPRESENTATION_CONTEXT('2D SPACE',''
  ) );
#16569 = PCURVE('',#16418,#16570);
#16570 = DEFINITIONAL_REPRESENTATION('',(#16571),#16575);
#16571 = B_SPLINE_CURVE_WITH_KNOTS('',2,(#16572,#16573,#16574),
  .UNSPECIFIED.,.F.,.F.,(3,3),(0.,1.),.PIECEWISE_BEZIER_KNOTS.);
#16572 = CARTESIAN_POINT('',(-3.017211914062,-57.38405273437));
#16573 = CARTESIAN_POINT('',(-3.017211914062,-57.11012695312));
#16574 = CARTESIAN_POINT('',(-3.158203125,-56.99196289062));
#16575 = ( GEOMETRIC_REPRESENTATION_CONTEXT(2) 
PARAMETRIC_REPRESENTATION_CONTEXT() REPRESENTATION_CONTEXT('2D SPACE',''
  ) );
#16576 = ORIENTED_EDGE('',*,*,#16577,.F.);
#16577 = EDGE_CURVE('',#14930,#16555,#16578,.T.);
#16578 = SURFACE_CURVE('',#16579,(#16583,#16590),.PCURVE_S1.);
#16579 = LINE('',#16580,#16581);
#16580 = CARTESIAN_POINT('',(-3.158203125,-56.99196289062,1.2));
#16581 = VECTOR('',#16582,1.);
#16582 = DIRECTION('',(0.,0.,1.));
#16583 = PCURVE('',#14945,#16584);
#16584 = DEFINITIONAL_REPRESENTATION('',(#16585),#16589);
#16585 = LINE('',#16586,#16587);
#16586 = CARTESIAN_POINT('',(1.,0.));
#16587 = VECTOR('',#16588,1.);
#16588 = DIRECTION('',(0.,-1.));
#16589 = ( GEOMETRIC_REPRESENTATION_CONTEXT(2) 
PARAMETRIC_REPRESENTATION_CONTEXT() REPRESENTATION_CONTEXT('2D SPACE',''
  ) );
#16590 = PCURVE('',#14975,#16591);
#16591 = DEFINITIONAL_REPRESENTATION('',(#16592),#16596);
#16592 = LINE('',#16593,#16594);
#16593 = CARTESIAN_POINT('',(0.,0.));
#16594 = VECTOR('',#16595,1.);
#16595 = DIRECTION('',(0.,-1.));
#16596 = ( GEOMETRIC_REPRESENTATION_CONTEXT(2) 
PARAMETRIC_REPRESENTATION_CONTEXT() REPRESENTATION_CONTEXT('2D SPACE',''
  ) );
#16597 = ORIENTED_EDGE('',*,*,#14929,.F.);
#16598 = ADVANCED_FACE('',(#16599),#14975,.F.);
#16599 = FACE_BOUND('',#16600,.F.);
#16600 = EDGE_LOOP('',(#16601,#16602,#16625,#16646));
#16601 = ORIENTED_EDGE('',*,*,#16577,.T.);
#16602 = ORIENTED_EDGE('',*,*,#16603,.T.);
#16603 = EDGE_CURVE('',#16555,#16604,#16606,.T.);
#16604 = VERTEX_POINT('',#16605);
#16605 = CARTESIAN_POINT('',(-3.624145507812,-56.87379882812,1.6));
#16606 = SURFACE_CURVE('',#16607,(#16611,#16618),.PCURVE_S1.);
#16607 = B_SPLINE_CURVE_WITH_KNOTS('',2,(#16608,#16609,#16610),
  .UNSPECIFIED.,.F.,.F.,(3,3),(0.,1.),.PIECEWISE_BEZIER_KNOTS.);
#16608 = CARTESIAN_POINT('',(-3.158203125,-56.99196289062,1.6));
#16609 = CARTESIAN_POINT('',(-3.299194335938,-56.87379882812,1.6));
#16610 = CARTESIAN_POINT('',(-3.624145507812,-56.87379882812,1.6));
#16611 = PCURVE('',#14975,#16612);
#16612 = DEFINITIONAL_REPRESENTATION('',(#16613),#16617);
#16613 = LINE('',#16614,#16615);
#16614 = CARTESIAN_POINT('',(0.,-0.4));
#16615 = VECTOR('',#16616,1.);
#16616 = DIRECTION('',(1.,0.));
#16617 = ( GEOMETRIC_REPRESENTATION_CONTEXT(2) 
PARAMETRIC_REPRESENTATION_CONTEXT() REPRESENTATION_CONTEXT('2D SPACE',''
  ) );
#16618 = PCURVE('',#16418,#16619);
#16619 = DEFINITIONAL_REPRESENTATION('',(#16620),#16624);
#16620 = B_SPLINE_CURVE_WITH_KNOTS('',2,(#16621,#16622,#16623),
  .UNSPECIFIED.,.F.,.F.,(3,3),(0.,1.),.PIECEWISE_BEZIER_KNOTS.);
#16621 = CARTESIAN_POINT('',(-3.158203125,-56.99196289062));
#16622 = CARTESIAN_POINT('',(-3.299194335938,-56.87379882812));
#16623 = CARTESIAN_POINT('',(-3.624145507812,-56.87379882812));
#16624 = ( GEOMETRIC_REPRESENTATION_CONTEXT(2) 
PARAMETRIC_REPRESENTATION_CONTEXT() REPRESENTATION_CONTEXT('2D SPACE',''
  ) );
#16625 = ORIENTED_EDGE('',*,*,#16626,.F.);
#16626 = EDGE_CURVE('',#14960,#16604,#16627,.T.);
#16627 = SURFACE_CURVE('',#16628,(#16632,#16639),.PCURVE_S1.);
#16628 = LINE('',#16629,#16630);
#16629 = CARTESIAN_POINT('',(-3.624145507812,-56.87379882812,1.2));
#16630 = VECTOR('',#16631,1.);
#16631 = DIRECTION('',(0.,0.,1.));
#16632 = PCURVE('',#14975,#16633);
#16633 = DEFINITIONAL_REPRESENTATION('',(#16634),#16638);
#16634 = LINE('',#16635,#16636);
#16635 = CARTESIAN_POINT('',(1.,0.));
#16636 = VECTOR('',#16637,1.);
#16637 = DIRECTION('',(0.,-1.));
#16638 = ( GEOMETRIC_REPRESENTATION_CONTEXT(2) 
PARAMETRIC_REPRESENTATION_CONTEXT() REPRESENTATION_CONTEXT('2D SPACE',''
  ) );
#16639 = PCURVE('',#15005,#16640);
#16640 = DEFINITIONAL_REPRESENTATION('',(#16641),#16645);
#16641 = LINE('',#16642,#16643);
#16642 = CARTESIAN_POINT('',(0.,-0.));
#16643 = VECTOR('',#16644,1.);
#16644 = DIRECTION('',(0.,-1.));
#16645 = ( GEOMETRIC_REPRESENTATION_CONTEXT(2) 
PARAMETRIC_REPRESENTATION_CONTEXT() REPRESENTATION_CONTEXT('2D SPACE',''
  ) );
#16646 = ORIENTED_EDGE('',*,*,#14959,.F.);
#16647 = ADVANCED_FACE('',(#16648),#15005,.F.);
#16648 = FACE_BOUND('',#16649,.F.);
#16649 = EDGE_LOOP('',(#16650,#16651,#16674,#16695));
#16650 = ORIENTED_EDGE('',*,*,#16626,.T.);
#16651 = ORIENTED_EDGE('',*,*,#16652,.T.);
#16652 = EDGE_CURVE('',#16604,#16653,#16655,.T.);
#16653 = VERTEX_POINT('',#16654);
#16654 = CARTESIAN_POINT('',(-4.059204101562,-56.87379882812,1.6));
#16655 = SURFACE_CURVE('',#16656,(#16660,#16667),.PCURVE_S1.);
#16656 = LINE('',#16657,#16658);
#16657 = CARTESIAN_POINT('',(-3.624145507812,-56.87379882812,1.6));
#16658 = VECTOR('',#16659,1.);
#16659 = DIRECTION('',(-1.,0.,0.));
#16660 = PCURVE('',#15005,#16661);
#16661 = DEFINITIONAL_REPRESENTATION('',(#16662),#16666);
#16662 = LINE('',#16663,#16664);
#16663 = CARTESIAN_POINT('',(0.,-0.4));
#16664 = VECTOR('',#16665,1.);
#16665 = DIRECTION('',(1.,0.));
#16666 = ( GEOMETRIC_REPRESENTATION_CONTEXT(2) 
PARAMETRIC_REPRESENTATION_CONTEXT() REPRESENTATION_CONTEXT('2D SPACE',''
  ) );
#16667 = PCURVE('',#16418,#16668);
#16668 = DEFINITIONAL_REPRESENTATION('',(#16669),#16673);
#16669 = LINE('',#16670,#16671);
#16670 = CARTESIAN_POINT('',(-3.624145507812,-56.87379882812));
#16671 = VECTOR('',#16672,1.);
#16672 = DIRECTION('',(-1.,0.));
#16673 = ( GEOMETRIC_REPRESENTATION_CONTEXT(2) 
PARAMETRIC_REPRESENTATION_CONTEXT() REPRESENTATION_CONTEXT('2D SPACE',''
  ) );
#16674 = ORIENTED_EDGE('',*,*,#16675,.F.);
#16675 = EDGE_CURVE('',#14990,#16653,#16676,.T.);
#16676 = SURFACE_CURVE('',#16677,(#16681,#16688),.PCURVE_S1.);
#16677 = LINE('',#16678,#16679);
#16678 = CARTESIAN_POINT('',(-4.059204101562,-56.87379882812,1.2));
#16679 = VECTOR('',#16680,1.);
#16680 = DIRECTION('',(0.,0.,1.));
#16681 = PCURVE('',#15005,#16682);
#16682 = DEFINITIONAL_REPRESENTATION('',(#16683),#16687);
#16683 = LINE('',#16684,#16685);
#16684 = CARTESIAN_POINT('',(0.43505859375,0.));
#16685 = VECTOR('',#16686,1.);
#16686 = DIRECTION('',(0.,-1.));
#16687 = ( GEOMETRIC_REPRESENTATION_CONTEXT(2) 
PARAMETRIC_REPRESENTATION_CONTEXT() REPRESENTATION_CONTEXT('2D SPACE',''
  ) );
#16688 = PCURVE('',#15031,#16689);
#16689 = DEFINITIONAL_REPRESENTATION('',(#16690),#16694);
#16690 = LINE('',#16691,#16692);
#16691 = CARTESIAN_POINT('',(0.,0.));
#16692 = VECTOR('',#16693,1.);
#16693 = DIRECTION('',(0.,-1.));
#16694 = ( GEOMETRIC_REPRESENTATION_CONTEXT(2) 
PARAMETRIC_REPRESENTATION_CONTEXT() REPRESENTATION_CONTEXT('2D SPACE',''
  ) );
#16695 = ORIENTED_EDGE('',*,*,#14989,.F.);
#16696 = ADVANCED_FACE('',(#16697),#15031,.F.);
#16697 = FACE_BOUND('',#16698,.F.);
#16698 = EDGE_LOOP('',(#16699,#16700,#16721,#16722));
#16699 = ORIENTED_EDGE('',*,*,#16675,.T.);
#16700 = ORIENTED_EDGE('',*,*,#16701,.T.);
#16701 = EDGE_CURVE('',#16653,#16380,#16702,.T.);
#16702 = SURFACE_CURVE('',#16703,(#16707,#16714),.PCURVE_S1.);
#16703 = LINE('',#16704,#16705);
#16704 = CARTESIAN_POINT('',(-4.059204101562,-56.87379882812,1.6));
#16705 = VECTOR('',#16706,1.);
#16706 = DIRECTION('',(0.,-1.,0.));
#16707 = PCURVE('',#15031,#16708);
#16708 = DEFINITIONAL_REPRESENTATION('',(#16709),#16713);
#16709 = LINE('',#16710,#16711);
#16710 = CARTESIAN_POINT('',(0.,-0.4));
#16711 = VECTOR('',#16712,1.);
#16712 = DIRECTION('',(1.,0.));
#16713 = ( GEOMETRIC_REPRESENTATION_CONTEXT(2) 
PARAMETRIC_REPRESENTATION_CONTEXT() REPRESENTATION_CONTEXT('2D SPACE',''
  ) );
#16714 = PCURVE('',#16418,#16715);
#16715 = DEFINITIONAL_REPRESENTATION('',(#16716),#16720);
#16716 = LINE('',#16717,#16718);
#16717 = CARTESIAN_POINT('',(-4.059204101562,-56.87379882812));
#16718 = VECTOR('',#16719,1.);
#16719 = DIRECTION('',(0.,-1.));
#16720 = ( GEOMETRIC_REPRESENTATION_CONTEXT(2) 
PARAMETRIC_REPRESENTATION_CONTEXT() REPRESENTATION_CONTEXT('2D SPACE',''
  ) );
#16721 = ORIENTED_EDGE('',*,*,#16379,.F.);
#16722 = ORIENTED_EDGE('',*,*,#15017,.F.);
#16723 = ADVANCED_FACE('',(#16724),#15074,.F.);
#16724 = FACE_BOUND('',#16725,.F.);
#16725 = EDGE_LOOP('',(#16726,#16749,#16777,#16798));
#16726 = ORIENTED_EDGE('',*,*,#16727,.T.);
#16727 = EDGE_CURVE('',#15057,#16728,#16730,.T.);
#16728 = VERTEX_POINT('',#16729);
#16729 = CARTESIAN_POINT('',(0.973510742188,-56.8012890625,1.6));
#16730 = SURFACE_CURVE('',#16731,(#16735,#16742),.PCURVE_S1.);
#16731 = LINE('',#16732,#16733);
#16732 = CARTESIAN_POINT('',(0.973510742188,-56.8012890625,1.2));
#16733 = VECTOR('',#16734,1.);
#16734 = DIRECTION('',(0.,0.,1.));
#16735 = PCURVE('',#15074,#16736);
#16736 = DEFINITIONAL_REPRESENTATION('',(#16737),#16741);
#16737 = LINE('',#16738,#16739);
#16738 = CARTESIAN_POINT('',(0.,0.));
#16739 = VECTOR('',#16740,1.);
#16740 = DIRECTION('',(0.,-1.));
#16741 = ( GEOMETRIC_REPRESENTATION_CONTEXT(2) 
PARAMETRIC_REPRESENTATION_CONTEXT() REPRESENTATION_CONTEXT('2D SPACE',''
  ) );
#16742 = PCURVE('',#15282,#16743);
#16743 = DEFINITIONAL_REPRESENTATION('',(#16744),#16748);
#16744 = LINE('',#16745,#16746);
#16745 = CARTESIAN_POINT('',(1.,0.));
#16746 = VECTOR('',#16747,1.);
#16747 = DIRECTION('',(0.,-1.));
#16748 = ( GEOMETRIC_REPRESENTATION_CONTEXT(2) 
PARAMETRIC_REPRESENTATION_CONTEXT() REPRESENTATION_CONTEXT('2D SPACE',''
  ) );
#16749 = ORIENTED_EDGE('',*,*,#16750,.T.);
#16750 = EDGE_CURVE('',#16728,#16751,#16753,.T.);
#16751 = VERTEX_POINT('',#16752);
#16752 = CARTESIAN_POINT('',(0.240356445312,-57.15041015625,1.6));
#16753 = SURFACE_CURVE('',#16754,(#16758,#16765),.PCURVE_S1.);
#16754 = B_SPLINE_CURVE_WITH_KNOTS('',2,(#16755,#16756,#16757),
  .UNSPECIFIED.,.F.,.F.,(3,3),(0.,1.),.PIECEWISE_BEZIER_KNOTS.);
#16755 = CARTESIAN_POINT('',(0.973510742188,-56.8012890625,1.6));
#16756 = CARTESIAN_POINT('',(0.500854492188,-56.8012890625,1.6));
#16757 = CARTESIAN_POINT('',(0.240356445312,-57.15041015625,1.6));
#16758 = PCURVE('',#15074,#16759);
#16759 = DEFINITIONAL_REPRESENTATION('',(#16760),#16764);
#16760 = LINE('',#16761,#16762);
#16761 = CARTESIAN_POINT('',(0.,-0.4));
#16762 = VECTOR('',#16763,1.);
#16763 = DIRECTION('',(1.,0.));
#16764 = ( GEOMETRIC_REPRESENTATION_CONTEXT(2) 
PARAMETRIC_REPRESENTATION_CONTEXT() REPRESENTATION_CONTEXT('2D SPACE',''
  ) );
#16765 = PCURVE('',#16766,#16771);
#16766 = PLANE('',#16767);
#16767 = AXIS2_PLACEMENT_3D('',#16768,#16769,#16770);
#16768 = CARTESIAN_POINT('',(0.,-1.912390558419E-15,1.6));
#16769 = DIRECTION('',(0.,0.,1.));
#16770 = DIRECTION('',(1.,0.,-0.));
#16771 = DEFINITIONAL_REPRESENTATION('',(#16772),#16776);
#16772 = B_SPLINE_CURVE_WITH_KNOTS('',2,(#16773,#16774,#16775),
  .UNSPECIFIED.,.F.,.F.,(3,3),(0.,1.),.PIECEWISE_BEZIER_KNOTS.);
#16773 = CARTESIAN_POINT('',(0.973510742188,-56.8012890625));
#16774 = CARTESIAN_POINT('',(0.500854492188,-56.8012890625));
#16775 = CARTESIAN_POINT('',(0.240356445312,-57.15041015625));
#16776 = ( GEOMETRIC_REPRESENTATION_CONTEXT(2) 
PARAMETRIC_REPRESENTATION_CONTEXT() REPRESENTATION_CONTEXT('2D SPACE',''
  ) );
#16777 = ORIENTED_EDGE('',*,*,#16778,.F.);
#16778 = EDGE_CURVE('',#15059,#16751,#16779,.T.);
#16779 = SURFACE_CURVE('',#16780,(#16784,#16791),.PCURVE_S1.);
#16780 = LINE('',#16781,#16782);
#16781 = CARTESIAN_POINT('',(0.240356445312,-57.15041015625,1.2));
#16782 = VECTOR('',#16783,1.);
#16783 = DIRECTION('',(0.,0.,1.));
#16784 = PCURVE('',#15074,#16785);
#16785 = DEFINITIONAL_REPRESENTATION('',(#16786),#16790);
#16786 = LINE('',#16787,#16788);
#16787 = CARTESIAN_POINT('',(1.,0.));
#16788 = VECTOR('',#16789,1.);
#16789 = DIRECTION('',(0.,-1.));
#16790 = ( GEOMETRIC_REPRESENTATION_CONTEXT(2) 
PARAMETRIC_REPRESENTATION_CONTEXT() REPRESENTATION_CONTEXT('2D SPACE',''
  ) );
#16791 = PCURVE('',#15104,#16792);
#16792 = DEFINITIONAL_REPRESENTATION('',(#16793),#16797);
#16793 = LINE('',#16794,#16795);
#16794 = CARTESIAN_POINT('',(0.,0.));
#16795 = VECTOR('',#16796,1.);
#16796 = DIRECTION('',(0.,-1.));
#16797 = ( GEOMETRIC_REPRESENTATION_CONTEXT(2) 
PARAMETRIC_REPRESENTATION_CONTEXT() REPRESENTATION_CONTEXT('2D SPACE',''
  ) );
#16798 = ORIENTED_EDGE('',*,*,#15056,.F.);
#16799 = ADVANCED_FACE('',(#16800),#15104,.F.);
#16800 = FACE_BOUND('',#16801,.F.);
#16801 = EDGE_LOOP('',(#16802,#16803,#16826,#16847));
#16802 = ORIENTED_EDGE('',*,*,#16778,.T.);
#16803 = ORIENTED_EDGE('',*,*,#16804,.T.);
#16804 = EDGE_CURVE('',#16751,#16805,#16807,.T.);
#16805 = VERTEX_POINT('',#16806);
#16806 = CARTESIAN_POINT('',(-2.01416015625E-02,-58.1333203125,1.6));
#16807 = SURFACE_CURVE('',#16808,(#16812,#16819),.PCURVE_S1.);
#16808 = B_SPLINE_CURVE_WITH_KNOTS('',2,(#16809,#16810,#16811),
  .UNSPECIFIED.,.F.,.F.,(3,3),(0.,1.),.PIECEWISE_BEZIER_KNOTS.);
#16809 = CARTESIAN_POINT('',(0.240356445312,-57.15041015625,1.6));
#16810 = CARTESIAN_POINT('',(-2.01416015625E-02,-57.49953125,1.6));
#16811 = CARTESIAN_POINT('',(-2.01416015625E-02,-58.1333203125,1.6));
#16812 = PCURVE('',#15104,#16813);
#16813 = DEFINITIONAL_REPRESENTATION('',(#16814),#16818);
#16814 = LINE('',#16815,#16816);
#16815 = CARTESIAN_POINT('',(0.,-0.4));
#16816 = VECTOR('',#16817,1.);
#16817 = DIRECTION('',(1.,0.));
#16818 = ( GEOMETRIC_REPRESENTATION_CONTEXT(2) 
PARAMETRIC_REPRESENTATION_CONTEXT() REPRESENTATION_CONTEXT('2D SPACE',''
  ) );
#16819 = PCURVE('',#16766,#16820);
#16820 = DEFINITIONAL_REPRESENTATION('',(#16821),#16825);
#16821 = B_SPLINE_CURVE_WITH_KNOTS('',2,(#16822,#16823,#16824),
  .UNSPECIFIED.,.F.,.F.,(3,3),(0.,1.),.PIECEWISE_BEZIER_KNOTS.);
#16822 = CARTESIAN_POINT('',(0.240356445312,-57.15041015625));
#16823 = CARTESIAN_POINT('',(-2.01416015625E-02,-57.49953125));
#16824 = CARTESIAN_POINT('',(-2.01416015625E-02,-58.1333203125));
#16825 = ( GEOMETRIC_REPRESENTATION_CONTEXT(2) 
PARAMETRIC_REPRESENTATION_CONTEXT() REPRESENTATION_CONTEXT('2D SPACE',''
  ) );
#16826 = ORIENTED_EDGE('',*,*,#16827,.F.);
#16827 = EDGE_CURVE('',#15089,#16805,#16828,.T.);
#16828 = SURFACE_CURVE('',#16829,(#16833,#16840),.PCURVE_S1.);
#16829 = LINE('',#16830,#16831);
#16830 = CARTESIAN_POINT('',(-2.01416015625E-02,-58.1333203125,1.2));
#16831 = VECTOR('',#16832,1.);
#16832 = DIRECTION('',(0.,0.,1.));
#16833 = PCURVE('',#15104,#16834);
#16834 = DEFINITIONAL_REPRESENTATION('',(#16835),#16839);
#16835 = LINE('',#16836,#16837);
#16836 = CARTESIAN_POINT('',(1.,0.));
#16837 = VECTOR('',#16838,1.);
#16838 = DIRECTION('',(0.,-1.));
#16839 = ( GEOMETRIC_REPRESENTATION_CONTEXT(2) 
PARAMETRIC_REPRESENTATION_CONTEXT() REPRESENTATION_CONTEXT('2D SPACE',''
  ) );
#16840 = PCURVE('',#15134,#16841);
#16841 = DEFINITIONAL_REPRESENTATION('',(#16842),#16846);
#16842 = LINE('',#16843,#16844);
#16843 = CARTESIAN_POINT('',(0.,0.));
#16844 = VECTOR('',#16845,1.);
#16845 = DIRECTION('',(0.,-1.));
#16846 = ( GEOMETRIC_REPRESENTATION_CONTEXT(2) 
PARAMETRIC_REPRESENTATION_CONTEXT() REPRESENTATION_CONTEXT('2D SPACE',''
  ) );
#16847 = ORIENTED_EDGE('',*,*,#15088,.F.);
#16848 = ADVANCED_FACE('',(#16849),#15134,.F.);
#16849 = FACE_BOUND('',#16850,.F.);
#16850 = EDGE_LOOP('',(#16851,#16852,#16875,#16896));
#16851 = ORIENTED_EDGE('',*,*,#16827,.T.);
#16852 = ORIENTED_EDGE('',*,*,#16853,.T.);
#16853 = EDGE_CURVE('',#16805,#16854,#16856,.T.);
#16854 = VERTEX_POINT('',#16855);
#16855 = CARTESIAN_POINT('',(0.240356445312,-59.11354492187,1.6));
#16856 = SURFACE_CURVE('',#16857,(#16861,#16868),.PCURVE_S1.);
#16857 = B_SPLINE_CURVE_WITH_KNOTS('',2,(#16858,#16859,#16860),
  .UNSPECIFIED.,.F.,.F.,(3,3),(0.,1.),.PIECEWISE_BEZIER_KNOTS.);
#16858 = CARTESIAN_POINT('',(-2.01416015625E-02,-58.1333203125,1.6));
#16859 = CARTESIAN_POINT('',(-2.01416015625E-02,-58.76442382812,1.6));
#16860 = CARTESIAN_POINT('',(0.240356445312,-59.11354492187,1.6));
#16861 = PCURVE('',#15134,#16862);
#16862 = DEFINITIONAL_REPRESENTATION('',(#16863),#16867);
#16863 = LINE('',#16864,#16865);
#16864 = CARTESIAN_POINT('',(0.,-0.4));
#16865 = VECTOR('',#16866,1.);
#16866 = DIRECTION('',(1.,0.));
#16867 = ( GEOMETRIC_REPRESENTATION_CONTEXT(2) 
PARAMETRIC_REPRESENTATION_CONTEXT() REPRESENTATION_CONTEXT('2D SPACE',''
  ) );
#16868 = PCURVE('',#16766,#16869);
#16869 = DEFINITIONAL_REPRESENTATION('',(#16870),#16874);
#16870 = B_SPLINE_CURVE_WITH_KNOTS('',2,(#16871,#16872,#16873),
  .UNSPECIFIED.,.F.,.F.,(3,3),(0.,1.),.PIECEWISE_BEZIER_KNOTS.);
#16871 = CARTESIAN_POINT('',(-2.01416015625E-02,-58.1333203125));
#16872 = CARTESIAN_POINT('',(-2.01416015625E-02,-58.76442382812));
#16873 = CARTESIAN_POINT('',(0.240356445312,-59.11354492187));
#16874 = ( GEOMETRIC_REPRESENTATION_CONTEXT(2) 
PARAMETRIC_REPRESENTATION_CONTEXT() REPRESENTATION_CONTEXT('2D SPACE',''
  ) );
#16875 = ORIENTED_EDGE('',*,*,#16876,.F.);
#16876 = EDGE_CURVE('',#15119,#16854,#16877,.T.);
#16877 = SURFACE_CURVE('',#16878,(#16882,#16889),.PCURVE_S1.);
#16878 = LINE('',#16879,#16880);
#16879 = CARTESIAN_POINT('',(0.240356445312,-59.11354492187,1.2));
#16880 = VECTOR('',#16881,1.);
#16881 = DIRECTION('',(0.,0.,1.));
#16882 = PCURVE('',#15134,#16883);
#16883 = DEFINITIONAL_REPRESENTATION('',(#16884),#16888);
#16884 = LINE('',#16885,#16886);
#16885 = CARTESIAN_POINT('',(1.,0.));
#16886 = VECTOR('',#16887,1.);
#16887 = DIRECTION('',(0.,-1.));
#16888 = ( GEOMETRIC_REPRESENTATION_CONTEXT(2) 
PARAMETRIC_REPRESENTATION_CONTEXT() REPRESENTATION_CONTEXT('2D SPACE',''
  ) );
#16889 = PCURVE('',#15164,#16890);
#16890 = DEFINITIONAL_REPRESENTATION('',(#16891),#16895);
#16891 = LINE('',#16892,#16893);
#16892 = CARTESIAN_POINT('',(0.,0.));
#16893 = VECTOR('',#16894,1.);
#16894 = DIRECTION('',(0.,-1.));
#16895 = ( GEOMETRIC_REPRESENTATION_CONTEXT(2) 
PARAMETRIC_REPRESENTATION_CONTEXT() REPRESENTATION_CONTEXT('2D SPACE',''
  ) );
#16896 = ORIENTED_EDGE('',*,*,#15118,.F.);
#16897 = ADVANCED_FACE('',(#16898),#15164,.F.);
#16898 = FACE_BOUND('',#16899,.F.);
#16899 = EDGE_LOOP('',(#16900,#16901,#16924,#16945));
#16900 = ORIENTED_EDGE('',*,*,#16876,.T.);
#16901 = ORIENTED_EDGE('',*,*,#16902,.T.);
#16902 = EDGE_CURVE('',#16854,#16903,#16905,.T.);
#16903 = VERTEX_POINT('',#16904);
#16904 = CARTESIAN_POINT('',(0.973510742188,-59.46266601562,1.6));
#16905 = SURFACE_CURVE('',#16906,(#16910,#16917),.PCURVE_S1.);
#16906 = B_SPLINE_CURVE_WITH_KNOTS('',2,(#16907,#16908,#16909),
  .UNSPECIFIED.,.F.,.F.,(3,3),(0.,1.),.PIECEWISE_BEZIER_KNOTS.);
#16907 = CARTESIAN_POINT('',(0.240356445312,-59.11354492187,1.6));
#16908 = CARTESIAN_POINT('',(0.500854492188,-59.46266601562,1.6));
#16909 = CARTESIAN_POINT('',(0.973510742188,-59.46266601562,1.6));
#16910 = PCURVE('',#15164,#16911);
#16911 = DEFINITIONAL_REPRESENTATION('',(#16912),#16916);
#16912 = LINE('',#16913,#16914);
#16913 = CARTESIAN_POINT('',(0.,-0.4));
#16914 = VECTOR('',#16915,1.);
#16915 = DIRECTION('',(1.,0.));
#16916 = ( GEOMETRIC_REPRESENTATION_CONTEXT(2) 
PARAMETRIC_REPRESENTATION_CONTEXT() REPRESENTATION_CONTEXT('2D SPACE',''
  ) );
#16917 = PCURVE('',#16766,#16918);
#16918 = DEFINITIONAL_REPRESENTATION('',(#16919),#16923);
#16919 = B_SPLINE_CURVE_WITH_KNOTS('',2,(#16920,#16921,#16922),
  .UNSPECIFIED.,.F.,.F.,(3,3),(0.,1.),.PIECEWISE_BEZIER_KNOTS.);
#16920 = CARTESIAN_POINT('',(0.240356445312,-59.11354492187));
#16921 = CARTESIAN_POINT('',(0.500854492188,-59.46266601562));
#16922 = CARTESIAN_POINT('',(0.973510742188,-59.46266601562));
#16923 = ( GEOMETRIC_REPRESENTATION_CONTEXT(2) 
PARAMETRIC_REPRESENTATION_CONTEXT() REPRESENTATION_CONTEXT('2D SPACE',''
  ) );
#16924 = ORIENTED_EDGE('',*,*,#16925,.F.);
#16925 = EDGE_CURVE('',#15149,#16903,#16926,.T.);
#16926 = SURFACE_CURVE('',#16927,(#16931,#16938),.PCURVE_S1.);
#16927 = LINE('',#16928,#16929);
#16928 = CARTESIAN_POINT('',(0.973510742188,-59.46266601562,1.2));
#16929 = VECTOR('',#16930,1.);
#16930 = DIRECTION('',(0.,0.,1.));
#16931 = PCURVE('',#15164,#16932);
#16932 = DEFINITIONAL_REPRESENTATION('',(#16933),#16937);
#16933 = LINE('',#16934,#16935);
#16934 = CARTESIAN_POINT('',(1.,0.));
#16935 = VECTOR('',#16936,1.);
#16936 = DIRECTION('',(0.,-1.));
#16937 = ( GEOMETRIC_REPRESENTATION_CONTEXT(2) 
PARAMETRIC_REPRESENTATION_CONTEXT() REPRESENTATION_CONTEXT('2D SPACE',''
  ) );
#16938 = PCURVE('',#15194,#16939);
#16939 = DEFINITIONAL_REPRESENTATION('',(#16940),#16944);
#16940 = LINE('',#16941,#16942);
#16941 = CARTESIAN_POINT('',(0.,0.));
#16942 = VECTOR('',#16943,1.);
#16943 = DIRECTION('',(0.,-1.));
#16944 = ( GEOMETRIC_REPRESENTATION_CONTEXT(2) 
PARAMETRIC_REPRESENTATION_CONTEXT() REPRESENTATION_CONTEXT('2D SPACE',''
  ) );
#16945 = ORIENTED_EDGE('',*,*,#15148,.F.);
#16946 = ADVANCED_FACE('',(#16947),#15194,.F.);
#16947 = FACE_BOUND('',#16948,.F.);
#16948 = EDGE_LOOP('',(#16949,#16950,#16973,#16994));
#16949 = ORIENTED_EDGE('',*,*,#16925,.T.);
#16950 = ORIENTED_EDGE('',*,*,#16951,.T.);
#16951 = EDGE_CURVE('',#16903,#16952,#16954,.T.);
#16952 = VERTEX_POINT('',#16953);
#16953 = CARTESIAN_POINT('',(1.709350585938,-59.11354492187,1.6));
#16954 = SURFACE_CURVE('',#16955,(#16959,#16966),.PCURVE_S1.);
#16955 = B_SPLINE_CURVE_WITH_KNOTS('',2,(#16956,#16957,#16958),
  .UNSPECIFIED.,.F.,.F.,(3,3),(0.,1.),.PIECEWISE_BEZIER_KNOTS.);
#16956 = CARTESIAN_POINT('',(0.973510742188,-59.46266601562,1.6));
#16957 = CARTESIAN_POINT('',(1.448852539062,-59.46266601562,1.6));
#16958 = CARTESIAN_POINT('',(1.709350585938,-59.11354492187,1.6));
#16959 = PCURVE('',#15194,#16960);
#16960 = DEFINITIONAL_REPRESENTATION('',(#16961),#16965);
#16961 = LINE('',#16962,#16963);
#16962 = CARTESIAN_POINT('',(0.,-0.4));
#16963 = VECTOR('',#16964,1.);
#16964 = DIRECTION('',(1.,0.));
#16965 = ( GEOMETRIC_REPRESENTATION_CONTEXT(2) 
PARAMETRIC_REPRESENTATION_CONTEXT() REPRESENTATION_CONTEXT('2D SPACE',''
  ) );
#16966 = PCURVE('',#16766,#16967);
#16967 = DEFINITIONAL_REPRESENTATION('',(#16968),#16972);
#16968 = B_SPLINE_CURVE_WITH_KNOTS('',2,(#16969,#16970,#16971),
  .UNSPECIFIED.,.F.,.F.,(3,3),(0.,1.),.PIECEWISE_BEZIER_KNOTS.);
#16969 = CARTESIAN_POINT('',(0.973510742188,-59.46266601562));
#16970 = CARTESIAN_POINT('',(1.448852539062,-59.46266601562));
#16971 = CARTESIAN_POINT('',(1.709350585938,-59.11354492187));
#16972 = ( GEOMETRIC_REPRESENTATION_CONTEXT(2) 
PARAMETRIC_REPRESENTATION_CONTEXT() REPRESENTATION_CONTEXT('2D SPACE',''
  ) );
#16973 = ORIENTED_EDGE('',*,*,#16974,.F.);
#16974 = EDGE_CURVE('',#15179,#16952,#16975,.T.);
#16975 = SURFACE_CURVE('',#16976,(#16980,#16987),.PCURVE_S1.);
#16976 = LINE('',#16977,#16978);
#16977 = CARTESIAN_POINT('',(1.709350585938,-59.11354492187,1.2));
#16978 = VECTOR('',#16979,1.);
#16979 = DIRECTION('',(0.,0.,1.));
#16980 = PCURVE('',#15194,#16981);
#16981 = DEFINITIONAL_REPRESENTATION('',(#16982),#16986);
#16982 = LINE('',#16983,#16984);
#16983 = CARTESIAN_POINT('',(1.,0.));
#16984 = VECTOR('',#16985,1.);
#16985 = DIRECTION('',(0.,-1.));
#16986 = ( GEOMETRIC_REPRESENTATION_CONTEXT(2) 
PARAMETRIC_REPRESENTATION_CONTEXT() REPRESENTATION_CONTEXT('2D SPACE',''
  ) );
#16987 = PCURVE('',#15224,#16988);
#16988 = DEFINITIONAL_REPRESENTATION('',(#16989),#16993);
#16989 = LINE('',#16990,#16991);
#16990 = CARTESIAN_POINT('',(0.,0.));
#16991 = VECTOR('',#16992,1.);
#16992 = DIRECTION('',(0.,-1.));
#16993 = ( GEOMETRIC_REPRESENTATION_CONTEXT(2) 
PARAMETRIC_REPRESENTATION_CONTEXT() REPRESENTATION_CONTEXT('2D SPACE',''
  ) );
#16994 = ORIENTED_EDGE('',*,*,#15178,.F.);
#16995 = ADVANCED_FACE('',(#16996),#15224,.F.);
#16996 = FACE_BOUND('',#16997,.F.);
#16997 = EDGE_LOOP('',(#16998,#16999,#17022,#17043));
#16998 = ORIENTED_EDGE('',*,*,#16974,.T.);
#16999 = ORIENTED_EDGE('',*,*,#17000,.T.);
#17000 = EDGE_CURVE('',#16952,#17001,#17003,.T.);
#17001 = VERTEX_POINT('',#17002);
#17002 = CARTESIAN_POINT('',(1.969848632812,-58.1333203125,1.6));
#17003 = SURFACE_CURVE('',#17004,(#17008,#17015),.PCURVE_S1.);
#17004 = B_SPLINE_CURVE_WITH_KNOTS('',2,(#17005,#17006,#17007),
  .UNSPECIFIED.,.F.,.F.,(3,3),(0.,1.),.PIECEWISE_BEZIER_KNOTS.);
#17005 = CARTESIAN_POINT('',(1.709350585938,-59.11354492187,1.6));
#17006 = CARTESIAN_POINT('',(1.969848632812,-58.76442382812,1.6));
#17007 = CARTESIAN_POINT('',(1.969848632812,-58.1333203125,1.6));
#17008 = PCURVE('',#15224,#17009);
#17009 = DEFINITIONAL_REPRESENTATION('',(#17010),#17014);
#17010 = LINE('',#17011,#17012);
#17011 = CARTESIAN_POINT('',(0.,-0.4));
#17012 = VECTOR('',#17013,1.);
#17013 = DIRECTION('',(1.,0.));
#17014 = ( GEOMETRIC_REPRESENTATION_CONTEXT(2) 
PARAMETRIC_REPRESENTATION_CONTEXT() REPRESENTATION_CONTEXT('2D SPACE',''
  ) );
#17015 = PCURVE('',#16766,#17016);
#17016 = DEFINITIONAL_REPRESENTATION('',(#17017),#17021);
#17017 = B_SPLINE_CURVE_WITH_KNOTS('',2,(#17018,#17019,#17020),
  .UNSPECIFIED.,.F.,.F.,(3,3),(0.,1.),.PIECEWISE_BEZIER_KNOTS.);
#17018 = CARTESIAN_POINT('',(1.709350585938,-59.11354492187));
#17019 = CARTESIAN_POINT('',(1.969848632812,-58.76442382812));
#17020 = CARTESIAN_POINT('',(1.969848632812,-58.1333203125));
#17021 = ( GEOMETRIC_REPRESENTATION_CONTEXT(2) 
PARAMETRIC_REPRESENTATION_CONTEXT() REPRESENTATION_CONTEXT('2D SPACE',''
  ) );
#17022 = ORIENTED_EDGE('',*,*,#17023,.F.);
#17023 = EDGE_CURVE('',#15209,#17001,#17024,.T.);
#17024 = SURFACE_CURVE('',#17025,(#17029,#17036),.PCURVE_S1.);
#17025 = LINE('',#17026,#17027);
#17026 = CARTESIAN_POINT('',(1.969848632812,-58.1333203125,1.2));
#17027 = VECTOR('',#17028,1.);
#17028 = DIRECTION('',(0.,0.,1.));
#17029 = PCURVE('',#15224,#17030);
#17030 = DEFINITIONAL_REPRESENTATION('',(#17031),#17035);
#17031 = LINE('',#17032,#17033);
#17032 = CARTESIAN_POINT('',(1.,0.));
#17033 = VECTOR('',#17034,1.);
#17034 = DIRECTION('',(0.,-1.));
#17035 = ( GEOMETRIC_REPRESENTATION_CONTEXT(2) 
PARAMETRIC_REPRESENTATION_CONTEXT() REPRESENTATION_CONTEXT('2D SPACE',''
  ) );
#17036 = PCURVE('',#15254,#17037);
#17037 = DEFINITIONAL_REPRESENTATION('',(#17038),#17042);
#17038 = LINE('',#17039,#17040);
#17039 = CARTESIAN_POINT('',(0.,0.));
#17040 = VECTOR('',#17041,1.);
#17041 = DIRECTION('',(0.,-1.));
#17042 = ( GEOMETRIC_REPRESENTATION_CONTEXT(2) 
PARAMETRIC_REPRESENTATION_CONTEXT() REPRESENTATION_CONTEXT('2D SPACE',''
  ) );
#17043 = ORIENTED_EDGE('',*,*,#15208,.F.);
#17044 = ADVANCED_FACE('',(#17045),#15254,.F.);
#17045 = FACE_BOUND('',#17046,.F.);
#17046 = EDGE_LOOP('',(#17047,#17048,#17071,#17092));
#17047 = ORIENTED_EDGE('',*,*,#17023,.T.);
#17048 = ORIENTED_EDGE('',*,*,#17049,.T.);
#17049 = EDGE_CURVE('',#17001,#17050,#17052,.T.);
#17050 = VERTEX_POINT('',#17051);
#17051 = CARTESIAN_POINT('',(1.709350585938,-57.15041015625,1.6));
#17052 = SURFACE_CURVE('',#17053,(#17057,#17064),.PCURVE_S1.);
#17053 = B_SPLINE_CURVE_WITH_KNOTS('',2,(#17054,#17055,#17056),
  .UNSPECIFIED.,.F.,.F.,(3,3),(0.,1.),.PIECEWISE_BEZIER_KNOTS.);
#17054 = CARTESIAN_POINT('',(1.969848632812,-58.1333203125,1.6));
#17055 = CARTESIAN_POINT('',(1.969848632812,-57.49953125,1.6));
#17056 = CARTESIAN_POINT('',(1.709350585938,-57.15041015625,1.6));
#17057 = PCURVE('',#15254,#17058);
#17058 = DEFINITIONAL_REPRESENTATION('',(#17059),#17063);
#17059 = LINE('',#17060,#17061);
#17060 = CARTESIAN_POINT('',(0.,-0.4));
#17061 = VECTOR('',#17062,1.);
#17062 = DIRECTION('',(1.,0.));
#17063 = ( GEOMETRIC_REPRESENTATION_CONTEXT(2) 
PARAMETRIC_REPRESENTATION_CONTEXT() REPRESENTATION_CONTEXT('2D SPACE',''
  ) );
#17064 = PCURVE('',#16766,#17065);
#17065 = DEFINITIONAL_REPRESENTATION('',(#17066),#17070);
#17066 = B_SPLINE_CURVE_WITH_KNOTS('',2,(#17067,#17068,#17069),
  .UNSPECIFIED.,.F.,.F.,(3,3),(0.,1.),.PIECEWISE_BEZIER_KNOTS.);
#17067 = CARTESIAN_POINT('',(1.969848632812,-58.1333203125));
#17068 = CARTESIAN_POINT('',(1.969848632812,-57.49953125));
#17069 = CARTESIAN_POINT('',(1.709350585938,-57.15041015625));
#17070 = ( GEOMETRIC_REPRESENTATION_CONTEXT(2) 
PARAMETRIC_REPRESENTATION_CONTEXT() REPRESENTATION_CONTEXT('2D SPACE',''
  ) );
#17071 = ORIENTED_EDGE('',*,*,#17072,.F.);
#17072 = EDGE_CURVE('',#15239,#17050,#17073,.T.);
#17073 = SURFACE_CURVE('',#17074,(#17078,#17085),.PCURVE_S1.);
#17074 = LINE('',#17075,#17076);
#17075 = CARTESIAN_POINT('',(1.709350585938,-57.15041015625,1.2));
#17076 = VECTOR('',#17077,1.);
#17077 = DIRECTION('',(0.,0.,1.));
#17078 = PCURVE('',#15254,#17079);
#17079 = DEFINITIONAL_REPRESENTATION('',(#17080),#17084);
#17080 = LINE('',#17081,#17082);
#17081 = CARTESIAN_POINT('',(1.,0.));
#17082 = VECTOR('',#17083,1.);
#17083 = DIRECTION('',(0.,-1.));
#17084 = ( GEOMETRIC_REPRESENTATION_CONTEXT(2) 
PARAMETRIC_REPRESENTATION_CONTEXT() REPRESENTATION_CONTEXT('2D SPACE',''
  ) );
#17085 = PCURVE('',#15282,#17086);
#17086 = DEFINITIONAL_REPRESENTATION('',(#17087),#17091);
#17087 = LINE('',#17088,#17089);
#17088 = CARTESIAN_POINT('',(0.,0.));
#17089 = VECTOR('',#17090,1.);
#17090 = DIRECTION('',(0.,-1.));
#17091 = ( GEOMETRIC_REPRESENTATION_CONTEXT(2) 
PARAMETRIC_REPRESENTATION_CONTEXT() REPRESENTATION_CONTEXT('2D SPACE',''
  ) );
#17092 = ORIENTED_EDGE('',*,*,#15238,.F.);
#17093 = ADVANCED_FACE('',(#17094),#15282,.F.);
#17094 = FACE_BOUND('',#17095,.F.);
#17095 = EDGE_LOOP('',(#17096,#17097,#17118,#17119));
#17096 = ORIENTED_EDGE('',*,*,#17072,.T.);
#17097 = ORIENTED_EDGE('',*,*,#17098,.T.);
#17098 = EDGE_CURVE('',#17050,#16728,#17099,.T.);
#17099 = SURFACE_CURVE('',#17100,(#17104,#17111),.PCURVE_S1.);
#17100 = B_SPLINE_CURVE_WITH_KNOTS('',2,(#17101,#17102,#17103),
  .UNSPECIFIED.,.F.,.F.,(3,3),(0.,1.),.PIECEWISE_BEZIER_KNOTS.);
#17101 = CARTESIAN_POINT('',(1.709350585938,-57.15041015625,1.6));
#17102 = CARTESIAN_POINT('',(1.448852539062,-56.8012890625,1.6));
#17103 = CARTESIAN_POINT('',(0.973510742188,-56.8012890625,1.6));
#17104 = PCURVE('',#15282,#17105);
#17105 = DEFINITIONAL_REPRESENTATION('',(#17106),#17110);
#17106 = LINE('',#17107,#17108);
#17107 = CARTESIAN_POINT('',(0.,-0.4));
#17108 = VECTOR('',#17109,1.);
#17109 = DIRECTION('',(1.,0.));
#17110 = ( GEOMETRIC_REPRESENTATION_CONTEXT(2) 
PARAMETRIC_REPRESENTATION_CONTEXT() REPRESENTATION_CONTEXT('2D SPACE',''
  ) );
#17111 = PCURVE('',#16766,#17112);
#17112 = DEFINITIONAL_REPRESENTATION('',(#17113),#17117);
#17113 = B_SPLINE_CURVE_WITH_KNOTS('',2,(#17114,#17115,#17116),
  .UNSPECIFIED.,.F.,.F.,(3,3),(0.,1.),.PIECEWISE_BEZIER_KNOTS.);
#17114 = CARTESIAN_POINT('',(1.709350585938,-57.15041015625));
#17115 = CARTESIAN_POINT('',(1.448852539062,-56.8012890625));
#17116 = CARTESIAN_POINT('',(0.973510742188,-56.8012890625));
#17117 = ( GEOMETRIC_REPRESENTATION_CONTEXT(2) 
PARAMETRIC_REPRESENTATION_CONTEXT() REPRESENTATION_CONTEXT('2D SPACE',''
  ) );
#17118 = ORIENTED_EDGE('',*,*,#16727,.F.);
#17119 = ORIENTED_EDGE('',*,*,#15268,.F.);
#17120 = ADVANCED_FACE('',(#17121),#15343,.F.);
#17121 = FACE_BOUND('',#17122,.F.);
#17122 = EDGE_LOOP('',(#17123,#17146,#17174,#17195));
#17123 = ORIENTED_EDGE('',*,*,#17124,.T.);
#17124 = EDGE_CURVE('',#15326,#17125,#17127,.T.);
#17125 = VERTEX_POINT('',#17126);
#17126 = CARTESIAN_POINT('',(12.830200195312,-57.06447265625,1.6));
#17127 = SURFACE_CURVE('',#17128,(#17132,#17139),.PCURVE_S1.);
#17128 = LINE('',#17129,#17130);
#17129 = CARTESIAN_POINT('',(12.830200195312,-57.06447265625,1.2));
#17130 = VECTOR('',#17131,1.);
#17131 = DIRECTION('',(0.,0.,1.));
#17132 = PCURVE('',#15343,#17133);
#17133 = DEFINITIONAL_REPRESENTATION('',(#17134),#17138);
#17134 = LINE('',#17135,#17136);
#17135 = CARTESIAN_POINT('',(0.,0.));
#17136 = VECTOR('',#17137,1.);
#17137 = DIRECTION('',(0.,-1.));
#17138 = ( GEOMETRIC_REPRESENTATION_CONTEXT(2) 
PARAMETRIC_REPRESENTATION_CONTEXT() REPRESENTATION_CONTEXT('2D SPACE',''
  ) );
#17139 = PCURVE('',#15397,#17140);
#17140 = DEFINITIONAL_REPRESENTATION('',(#17141),#17145);
#17141 = LINE('',#17142,#17143);
#17142 = CARTESIAN_POINT('',(1.686668827083,0.));
#17143 = VECTOR('',#17144,1.);
#17144 = DIRECTION('',(0.,-1.));
#17145 = ( GEOMETRIC_REPRESENTATION_CONTEXT(2) 
PARAMETRIC_REPRESENTATION_CONTEXT() REPRESENTATION_CONTEXT('2D SPACE',''
  ) );
#17146 = ORIENTED_EDGE('',*,*,#17147,.T.);
#17147 = EDGE_CURVE('',#17125,#17148,#17150,.T.);
#17148 = VERTEX_POINT('',#17149);
#17149 = CARTESIAN_POINT('',(12.279663085938,-58.6596875,1.6));
#17150 = SURFACE_CURVE('',#17151,(#17155,#17162),.PCURVE_S1.);
#17151 = LINE('',#17152,#17153);
#17152 = CARTESIAN_POINT('',(12.830200195312,-57.06447265625,1.6));
#17153 = VECTOR('',#17154,1.);
#17154 = DIRECTION('',(-0.326235892562,-0.94528839113,0.));
#17155 = PCURVE('',#15343,#17156);
#17156 = DEFINITIONAL_REPRESENTATION('',(#17157),#17161);
#17157 = LINE('',#17158,#17159);
#17158 = CARTESIAN_POINT('',(0.,-0.4));
#17159 = VECTOR('',#17160,1.);
#17160 = DIRECTION('',(1.,0.));
#17161 = ( GEOMETRIC_REPRESENTATION_CONTEXT(2) 
PARAMETRIC_REPRESENTATION_CONTEXT() REPRESENTATION_CONTEXT('2D SPACE',''
  ) );
#17162 = PCURVE('',#17163,#17168);
#17163 = PLANE('',#17164);
#17164 = AXIS2_PLACEMENT_3D('',#17165,#17166,#17167);
#17165 = CARTESIAN_POINT('',(0.,-1.912390558419E-15,1.6));
#17166 = DIRECTION('',(0.,0.,1.));
#17167 = DIRECTION('',(1.,0.,-0.));
#17168 = DEFINITIONAL_REPRESENTATION('',(#17169),#17173);
#17169 = LINE('',#17170,#17171);
#17170 = CARTESIAN_POINT('',(12.830200195312,-57.06447265625));
#17171 = VECTOR('',#17172,1.);
#17172 = DIRECTION('',(-0.326235892562,-0.94528839113));
#17173 = ( GEOMETRIC_REPRESENTATION_CONTEXT(2) 
PARAMETRIC_REPRESENTATION_CONTEXT() REPRESENTATION_CONTEXT('2D SPACE',''
  ) );
#17174 = ORIENTED_EDGE('',*,*,#17175,.F.);
#17175 = EDGE_CURVE('',#15328,#17148,#17176,.T.);
#17176 = SURFACE_CURVE('',#17177,(#17181,#17188),.PCURVE_S1.);
#17177 = LINE('',#17178,#17179);
#17178 = CARTESIAN_POINT('',(12.279663085938,-58.6596875,1.2));
#17179 = VECTOR('',#17180,1.);
#17180 = DIRECTION('',(0.,0.,1.));
#17181 = PCURVE('',#15343,#17182);
#17182 = DEFINITIONAL_REPRESENTATION('',(#17183),#17187);
#17183 = LINE('',#17184,#17185);
#17184 = CARTESIAN_POINT('',(1.68754303842,0.));
#17185 = VECTOR('',#17186,1.);
#17186 = DIRECTION('',(0.,-1.));
#17187 = ( GEOMETRIC_REPRESENTATION_CONTEXT(2) 
PARAMETRIC_REPRESENTATION_CONTEXT() REPRESENTATION_CONTEXT('2D SPACE',''
  ) );
#17188 = PCURVE('',#15371,#17189);
#17189 = DEFINITIONAL_REPRESENTATION('',(#17190),#17194);
#17190 = LINE('',#17191,#17192);
#17191 = CARTESIAN_POINT('',(0.,0.));
#17192 = VECTOR('',#17193,1.);
#17193 = DIRECTION('',(0.,-1.));
#17194 = ( GEOMETRIC_REPRESENTATION_CONTEXT(2) 
PARAMETRIC_REPRESENTATION_CONTEXT() REPRESENTATION_CONTEXT('2D SPACE',''
  ) );
#17195 = ORIENTED_EDGE('',*,*,#15325,.F.);
#17196 = ADVANCED_FACE('',(#17197),#15371,.F.);
#17197 = FACE_BOUND('',#17198,.F.);
#17198 = EDGE_LOOP('',(#17199,#17200,#17223,#17244));
#17199 = ORIENTED_EDGE('',*,*,#17175,.T.);
#17200 = ORIENTED_EDGE('',*,*,#17201,.T.);
#17201 = EDGE_CURVE('',#17148,#17202,#17204,.T.);
#17202 = VERTEX_POINT('',#17203);
#17203 = CARTESIAN_POINT('',(13.378051757812,-58.6596875,1.6));
#17204 = SURFACE_CURVE('',#17205,(#17209,#17216),.PCURVE_S1.);
#17205 = LINE('',#17206,#17207);
#17206 = CARTESIAN_POINT('',(12.279663085938,-58.6596875,1.6));
#17207 = VECTOR('',#17208,1.);
#17208 = DIRECTION('',(1.,0.,0.));
#17209 = PCURVE('',#15371,#17210);
#17210 = DEFINITIONAL_REPRESENTATION('',(#17211),#17215);
#17211 = LINE('',#17212,#17213);
#17212 = CARTESIAN_POINT('',(0.,-0.4));
#17213 = VECTOR('',#17214,1.);
#17214 = DIRECTION('',(1.,0.));
#17215 = ( GEOMETRIC_REPRESENTATION_CONTEXT(2) 
PARAMETRIC_REPRESENTATION_CONTEXT() REPRESENTATION_CONTEXT('2D SPACE',''
  ) );
#17216 = PCURVE('',#17163,#17217);
#17217 = DEFINITIONAL_REPRESENTATION('',(#17218),#17222);
#17218 = LINE('',#17219,#17220);
#17219 = CARTESIAN_POINT('',(12.279663085938,-58.6596875));
#17220 = VECTOR('',#17221,1.);
#17221 = DIRECTION('',(1.,0.));
#17222 = ( GEOMETRIC_REPRESENTATION_CONTEXT(2) 
PARAMETRIC_REPRESENTATION_CONTEXT() REPRESENTATION_CONTEXT('2D SPACE',''
  ) );
#17223 = ORIENTED_EDGE('',*,*,#17224,.F.);
#17224 = EDGE_CURVE('',#15356,#17202,#17225,.T.);
#17225 = SURFACE_CURVE('',#17226,(#17230,#17237),.PCURVE_S1.);
#17226 = LINE('',#17227,#17228);
#17227 = CARTESIAN_POINT('',(13.378051757812,-58.6596875,1.2));
#17228 = VECTOR('',#17229,1.);
#17229 = DIRECTION('',(0.,0.,1.));
#17230 = PCURVE('',#15371,#17231);
#17231 = DEFINITIONAL_REPRESENTATION('',(#17232),#17236);
#17232 = LINE('',#17233,#17234);
#17233 = CARTESIAN_POINT('',(1.098388671875,0.));
#17234 = VECTOR('',#17235,1.);
#17235 = DIRECTION('',(0.,-1.));
#17236 = ( GEOMETRIC_REPRESENTATION_CONTEXT(2) 
PARAMETRIC_REPRESENTATION_CONTEXT() REPRESENTATION_CONTEXT('2D SPACE',''
  ) );
#17237 = PCURVE('',#15397,#17238);
#17238 = DEFINITIONAL_REPRESENTATION('',(#17239),#17243);
#17239 = LINE('',#17240,#17241);
#17240 = CARTESIAN_POINT('',(0.,0.));
#17241 = VECTOR('',#17242,1.);
#17242 = DIRECTION('',(0.,-1.));
#17243 = ( GEOMETRIC_REPRESENTATION_CONTEXT(2) 
PARAMETRIC_REPRESENTATION_CONTEXT() REPRESENTATION_CONTEXT('2D SPACE',''
  ) );
#17244 = ORIENTED_EDGE('',*,*,#15355,.F.);
#17245 = ADVANCED_FACE('',(#17246),#15397,.F.);
#17246 = FACE_BOUND('',#17247,.F.);
#17247 = EDGE_LOOP('',(#17248,#17249,#17270,#17271));
#17248 = ORIENTED_EDGE('',*,*,#17224,.T.);
#17249 = ORIENTED_EDGE('',*,*,#17250,.T.);
#17250 = EDGE_CURVE('',#17202,#17125,#17251,.T.);
#17251 = SURFACE_CURVE('',#17252,(#17256,#17263),.PCURVE_S1.);
#17252 = LINE('',#17253,#17254);
#17253 = CARTESIAN_POINT('',(13.378051757812,-58.6596875,1.6));
#17254 = VECTOR('',#17255,1.);
#17255 = DIRECTION('',(-0.324812763302,0.945778340203,0.));
#17256 = PCURVE('',#15397,#17257);
#17257 = DEFINITIONAL_REPRESENTATION('',(#17258),#17262);
#17258 = LINE('',#17259,#17260);
#17259 = CARTESIAN_POINT('',(0.,-0.4));
#17260 = VECTOR('',#17261,1.);
#17261 = DIRECTION('',(1.,0.));
#17262 = ( GEOMETRIC_REPRESENTATION_CONTEXT(2) 
PARAMETRIC_REPRESENTATION_CONTEXT() REPRESENTATION_CONTEXT('2D SPACE',''
  ) );
#17263 = PCURVE('',#17163,#17264);
#17264 = DEFINITIONAL_REPRESENTATION('',(#17265),#17269);
#17265 = LINE('',#17266,#17267);
#17266 = CARTESIAN_POINT('',(13.378051757812,-58.6596875));
#17267 = VECTOR('',#17268,1.);
#17268 = DIRECTION('',(-0.324812763302,0.945778340203));
#17269 = ( GEOMETRIC_REPRESENTATION_CONTEXT(2) 
PARAMETRIC_REPRESENTATION_CONTEXT() REPRESENTATION_CONTEXT('2D SPACE',''
  ) );
#17270 = ORIENTED_EDGE('',*,*,#17124,.F.);
#17271 = ORIENTED_EDGE('',*,*,#15383,.F.);
#17272 = ADVANCED_FACE('',(#17273),#16070,.T.);
#17273 = FACE_BOUND('',#17274,.T.);
#17274 = EDGE_LOOP('',(#17275,#17276,#17277,#17278,#17279,#17280,#17281)
  );
#17275 = ORIENTED_EDGE('',*,*,#16353,.T.);
#17276 = ORIENTED_EDGE('',*,*,#16054,.T.);
#17277 = ORIENTED_EDGE('',*,*,#16108,.T.);
#17278 = ORIENTED_EDGE('',*,*,#16157,.T.);
#17279 = ORIENTED_EDGE('',*,*,#16206,.T.);
#17280 = ORIENTED_EDGE('',*,*,#16255,.T.);
#17281 = ORIENTED_EDGE('',*,*,#16304,.T.);
#17282 = ADVANCED_FACE('',(#17283),#16418,.T.);
#17283 = FACE_BOUND('',#17284,.T.);
#17284 = EDGE_LOOP('',(#17285,#17286,#17287,#17288,#17289,#17290,#17291)
  );
#17285 = ORIENTED_EDGE('',*,*,#16701,.T.);
#17286 = ORIENTED_EDGE('',*,*,#16402,.T.);
#17287 = ORIENTED_EDGE('',*,*,#16456,.T.);
#17288 = ORIENTED_EDGE('',*,*,#16505,.T.);
#17289 = ORIENTED_EDGE('',*,*,#16554,.T.);
#17290 = ORIENTED_EDGE('',*,*,#16603,.T.);
#17291 = ORIENTED_EDGE('',*,*,#16652,.T.);
#17292 = ADVANCED_FACE('',(#17293),#16766,.T.);
#17293 = FACE_BOUND('',#17294,.T.);
#17294 = EDGE_LOOP('',(#17295,#17296,#17297,#17298,#17299,#17300,#17301,
    #17302));
#17295 = ORIENTED_EDGE('',*,*,#17098,.T.);
#17296 = ORIENTED_EDGE('',*,*,#16750,.T.);
#17297 = ORIENTED_EDGE('',*,*,#16804,.T.);
#17298 = ORIENTED_EDGE('',*,*,#16853,.T.);
#17299 = ORIENTED_EDGE('',*,*,#16902,.T.);
#17300 = ORIENTED_EDGE('',*,*,#16951,.T.);
#17301 = ORIENTED_EDGE('',*,*,#17000,.T.);
#17302 = ORIENTED_EDGE('',*,*,#17049,.T.);
#17303 = ADVANCED_FACE('',(#17304),#17163,.T.);
#17304 = FACE_BOUND('',#17305,.T.);
#17305 = EDGE_LOOP('',(#17306,#17307,#17308));
#17306 = ORIENTED_EDGE('',*,*,#17250,.T.);
#17307 = ORIENTED_EDGE('',*,*,#17147,.T.);
#17308 = ORIENTED_EDGE('',*,*,#17201,.T.);
#17309 = ( GEOMETRIC_REPRESENTATION_CONTEXT(3) 
GLOBAL_UNCERTAINTY_ASSIGNED_CONTEXT((#17313)) 
GLOBAL_UNIT_ASSIGNED_CONTEXT((#17310,#17311,#17312)) 
REPRESENTATION_CONTEXT('Context #1',
  '3D Context with UNIT and UNCERTAINTY') );
#17310 = ( LENGTH_UNIT() NAMED_UNIT(*) SI_UNIT(.MILLI.,.METRE.) );
#17311 = ( NAMED_UNIT(*) PLANE_ANGLE_UNIT() SI_UNIT($,.RADIAN.) );
#17312 = ( NAMED_UNIT(*) SI_UNIT($,.STERADIAN.) SOLID_ANGLE_UNIT() );
#17313 = UNCERTAINTY_MEASURE_WITH_UNIT(LENGTH_MEASURE(1.E-07),#17310,
  'distance_accuracy_value','confusion accuracy');
#17314 = PRODUCT_RELATED_PRODUCT_CATEGORY('part',$,(#7));
ENDSEC;
END-ISO-10303-21;
